test_case,prefill_lengths,batch_size,total_tokens,equivalent_length,actual_time_ms,estimated_time_ms,error_percent,abs_error_percent,test_type
1,"[6597, 6597]",2,13194,9329,10.0217,10.546380000000001,5.235439097159182,5.235439097159182,mixed_batch
2,[6469],1,6469,6469,7.296119999999999,7.296119999999999,0.0,0.0,single_prefill
3,[16282],1,16282,16282,22.74208,22.74208,0.0,0.0,single_prefill
4,[12572],1,12572,12572,15.833940000000002,15.833940000000002,0.0,0.0,single_prefill
5,"[2282, 2282, 2282]",3,6846,3952,2.6243333333333334,4.31434,64.3975612854058,64.3975612854058,mixed_batch
6,"[1049, 1049, 1049, 1049]",4,4196,2098,1.3712666666666666,2.13228,55.49710729738929,55.49710729738929,mixed_batch
7,[3502],1,3502,3502,3.7675199999999998,3.7675199999999998,0.0,0.0,single_prefill
8,"[2587, 2587, 2587, 2587, 2587, 2587]",6,15522,6336,5.1274,7.3449,43.24803994227094,43.24803994227094,mixed_batch
9,[6968],1,6968,6968,7.31386,7.31386,0.0,0.0,single_prefill
10,"[57, 57, 57, 57]",4,228,114,0.045233333333333334,0.09124,101.70965364775239,101.70965364775239,mixed_batch
11,"[2817, 2817, 2817]",3,8451,4879,4.152333333333333,5.5642000000000005,34.00176607529905,34.00176607529905,mixed_batch
12,[2757],1,2757,2757,2.8628,2.8628,0.0,0.0,single_prefill
13,"[246, 246]",2,492,347,0.2440666666666667,0.36642,50.131111718109786,50.131111718109786,mixed_batch
14,"[1515, 1515, 1515, 1515, 1515, 1515, 1515, 1515, 1515, 1515]",10,15150,4790,3.1398333333333337,5.43444,73.0805244439726,73.0805244439726,mixed_batch
15,"[845, 845, 845]",3,2535,1463,0.9825999999999999,1.44544,47.103602686749454,47.103602686749454,mixed_batch
16,"[686, 686, 686]",3,2058,1188,0.7892333333333333,1.17022,48.27300756007941,48.27300756007941,mixed_batch
17,"[352, 352, 352, 352, 352, 352, 352, 352, 352, 352, 352, 352, 352, 352, 352, 352, 352, 352, 352, 352]",20,7040,1574,0.7390333333333332,1.5776,113.46804384105364,113.46804384105364,mixed_batch
18,"[4840, 4840]",2,9680,6844,7.005833333333333,7.90518,12.837111930534073,12.837111930534073,mixed_batch
19,[12707],1,12707,12707,16.07002,16.07002,0.0,0.0,single_prefill
20,"[6259, 6259]",2,12518,8851,8.3613,9.911040000000002,18.534677621900922,18.534677621900922,mixed_batch
21,"[1016, 1016, 1016]",3,3048,1759,1.0170666666666666,1.7558599999999998,72.63961719979024,72.63961719979024,mixed_batch
22,[10770],1,10770,10770,12.841219999999998,12.841219999999998,0.0,0.0,single_prefill
23,"[4663, 4663]",2,9326,6594,5.672733333333333,7.9601,40.32212572422465,40.32212572422465,mixed_batch
24,"[2709, 2709, 2709, 2709]",4,10836,5418,4.457033333333333,6.30832,41.53629843468376,41.53629843468376,mixed_batch
25,"[1198, 1198, 1198, 1198, 1198, 1198, 1198, 1198, 1198, 1198, 1198, 1198]",12,14376,4149,2.6208333333333336,4.57774,74.66734499205087,74.66734499205087,mixed_batch
26,"[3120, 3120, 3120, 3120, 3120]",5,15600,6976,6.013566666666667,8.61282,43.22315652940294,43.22315652940294,mixed_batch
27,"[1616, 1616, 1616, 1616, 1616, 1616, 1616]",7,11312,4275,2.8736666666666664,4.751800000000001,65.35668715926232,65.35668715926232,mixed_batch
28,"[1334, 1334, 1334, 1334, 1334, 1334]",6,8004,3267,2.1038000000000006,3.47526,65.18965681148394,65.18965681148394,mixed_batch
29,"[1172, 1172, 1172, 1172, 1172, 1172, 1172]",7,8204,3100,1.9515333333333331,3.28838,68.50237420148262,68.50237420148262,mixed_batch
30,[2925],1,2925,2925,3.05484,3.05484,0.0,0.0,single_prefill
31,"[911, 911, 911, 911, 911, 911, 911, 911]",8,7288,2576,1.5324333333333333,2.67412,74.50155526069648,74.50155526069648,mixed_batch
32,"[553, 553]",2,1106,782,0.5875,0.7556200000000002,28.616170212765983,28.616170212765983,mixed_batch
33,"[910, 910, 910, 910, 910, 910, 910, 910, 910, 910, 910, 910]",12,10920,3152,1.8876666666666666,3.33286,76.55977397139327,76.55977397139327,mixed_batch
34,[3774],1,3774,3774,4.097219999999999,4.097219999999999,0.0,0.0,single_prefill
35,"[991, 991, 991, 991, 991]",5,4955,2215,1.3436999999999997,2.26372,68.46915234055227,68.46915234055227,mixed_batch
36,[10185],1,10185,10185,11.880059999999999,11.880059999999999,0.0,0.0,single_prefill
37,"[673, 673, 673]",3,2019,1165,0.6653666666666667,1.07888,62.14818896848856,62.14818896848856,mixed_batch
38,"[360, 360, 360, 360, 360]",5,1800,804,0.44416666666666665,0.7711600000000002,73.619512195122,73.619512195122,mixed_batch
39,"[6598, 6598]",2,13196,9330,9.5245,10.541039999999999,10.672896215024402,10.672896215024402,mixed_batch
40,[5163],1,5163,5163,5.19644,5.19644,0.0,0.0,single_prefill
41,[3004],1,3004,3004,3.16034,3.16034,0.0,0.0,single_prefill
42,"[4242, 4242, 4242]",3,12726,7347,7.167200000000001,8.757139999999998,22.18355843286076,22.18355843286076,mixed_batch
43,[14217],1,14217,14217,18.77774,18.77774,0.0,0.0,single_prefill
44,"[76, 76, 76, 76]",4,304,152,0.0669,0.14112,110.94170403587442,110.94170403587442,mixed_batch
45,"[283, 283, 283, 283, 283, 283, 283, 283]",8,2264,800,0.41546666666666665,0.7668,84.56354300385111,84.56354300385111,mixed_batch
46,"[929, 929, 929, 929, 929, 929, 929, 929, 929, 929, 929, 929]",12,11148,3218,1.9012,3.42898,80.3587208079108,80.3587208079108,mixed_batch
47,"[1899, 1899, 1899, 1899, 1899, 1899, 1899, 1899]",8,15192,5371,3.7889999999999993,6.192220000000001,63.42623383478495,63.42623383478495,mixed_batch
48,"[1972, 1972, 1972, 1972]",4,7888,3944,2.9146333333333336,4.301679999999999,47.58906208899914,47.58906208899914,mixed_batch
49,"[7302, 7302]",2,14604,10326,10.566199999999998,12.077,14.29842327421402,14.29842327421402,mixed_batch
50,"[3898, 3898]",2,7796,5512,4.4986,6.4561399999999995,43.51442671053217,43.51442671053217,mixed_batch
51,"[5363, 5363]",2,10726,7584,7.7981,8.269020000000001,6.038906913222468,6.038906913222468,mixed_batch
52,[3142],1,3142,3142,3.32308,3.32308,0.0,0.0,single_prefill
53,[1407],1,1407,1407,1.3853199999999999,1.3853199999999999,0.0,0.0,single_prefill
54,"[863, 863, 863, 863, 863, 863, 863, 863]",8,6904,2440,1.3685,2.52286,84.35221044939715,84.35221044939715,mixed_batch
55,"[2174, 2174, 2174, 2174, 2174, 2174, 2174]",7,15218,5751,4.2146,6.741720000000001,59.96108764770087,59.96108764770087,mixed_batch
56,"[238, 238, 238, 238, 238, 238, 238, 238, 238, 238, 238, 238, 238, 238, 238, 238, 238, 238, 238, 238, 238, 238, 238, 238, 238, 238, 238, 238, 238, 238, 238, 238]",32,7616,1346,0.6012000000000001,1.3330600000000001,121.73320026613439,121.73320026613439,mixed_batch
57,"[794, 794, 794, 794, 794]",5,3970,1775,1.0716999999999999,1.7764000000000002,65.75534198003177,65.75534198003177,mixed_batch
58,[4377],1,4377,4377,4.89456,4.89456,0.0,0.0,single_prefill
59,"[4790, 4790, 4790]",3,14370,8296,8.404366666666666,9.941640000000001,18.291364409771134,18.291364409771134,mixed_batch
60,"[136, 136, 136]",3,408,235,0.12796666666666667,0.22568000000000002,76.35842667361293,76.35842667361293,mixed_batch
61,"[1072, 1072, 1072, 1072, 1072, 1072, 1072, 1072, 1072, 1072, 1072, 1072]",12,12864,3713,2.2638333333333334,4.0486,78.8382536994773,78.8382536994773,mixed_batch
62,"[1081, 1081]",2,2162,1528,1.1769666666666667,1.50818,28.141267099039908,28.141267099039908,mixed_batch
63,"[394, 394, 394, 394, 394, 394, 394, 394, 394, 394]",10,3940,1245,0.6522333333333333,1.21224,85.85986610108857,85.85986610108857,mixed_batch
64,"[559, 559]",2,1118,790,0.5932000000000001,0.76276,28.58395144976398,28.58395144976398,mixed_batch
65,"[4872, 4872]",2,9744,6890,7.1681,8.35978,16.624768069641895,16.624768069641895,mixed_batch
66,"[536, 536, 536, 536, 536, 536, 536, 536, 536, 536, 536, 536, 536, 536, 536, 536]",16,8576,2144,1.1294,2.176,92.66867363201702,92.66867363201702,mixed_batch
67,[9187],1,9187,9187,10.354560000000001,10.354560000000001,0.0,0.0,single_prefill
68,"[4340, 4340]",2,8680,6137,5.105099999999999,7.2916799999999995,42.83128636069814,42.83128636069814,mixed_batch
69,"[4654, 4654]",2,9308,6581,6.705333333333334,8.00994,19.45625372837542,19.45625372837542,mixed_batch
70,"[3551, 3551, 3551, 3551]",4,14204,7102,6.3363,8.58082,35.42319650269084,35.42319650269084,mixed_batch
71,[1123],1,1123,1123,1.09132,1.09132,0.0,0.0,single_prefill
72,[6973],1,6973,6973,8.51872,8.51872,0.0,0.0,single_prefill
73,"[2182, 2182, 2182]",3,6546,3779,2.904466666666667,4.106339999999999,41.38017306677069,41.38017306677069,mixed_batch
74,[2108],1,2108,2108,2.1450000000000005,2.1450000000000005,0.0,0.0,single_prefill
75,"[3190, 3190, 3190]",3,9570,5525,4.7590666666666674,6.4711,35.9741405877903,35.9741405877903,mixed_batch
76,"[456, 456]",2,912,644,0.48063333333333336,0.6199600000000001,28.98814064775644,28.98814064775644,mixed_batch
77,[9993],1,9993,9993,11.635460000000002,11.635460000000002,0.0,0.0,single_prefill
78,[5624],1,5624,5624,5.92664,5.92664,0.0,0.0,single_prefill
79,[9012],1,9012,9012,10.13956,10.13956,0.0,0.0,single_prefill
80,"[5165, 5165]",2,10330,7304,6.6384,8.880640000000001,33.77681369004582,33.77681369004582,mixed_batch
81,[9248],1,9248,9248,10.48266,10.48266,0.0,0.0,single_prefill
82,"[742, 742, 742, 742, 742, 742, 742, 742, 742, 742, 742, 742]",12,8904,2570,1.1619666666666668,2.66344,129.21827935396882,129.21827935396882,mixed_batch
83,"[749, 749]",2,1498,1059,0.7945,1.03946,30.831969792322223,30.831969792322223,mixed_batch
84,"[5153, 5153, 5153]",3,15459,8925,9.3729,9.970920000000001,6.380309189258412,6.380309189258412,mixed_batch
85,[10877],1,10877,10877,12.91916,12.91916,0.0,0.0,single_prefill
86,"[2431, 2431, 2431, 2431, 2431]",5,12155,5435,3.5029000000000003,6.32038,80.43278426446658,80.43278426446658,mixed_batch
87,[9521],1,9521,9521,10.88316,10.88316,0.0,0.0,single_prefill
88,"[5152, 5152]",2,10304,7286,6.4933000000000005,8.60034,32.449447892442954,32.449447892442954,mixed_batch
89,"[7431, 7431]",2,14862,10509,10.783866666666665,14.039080000000002,30.18595679966374,30.18595679966374,mixed_batch
90,"[4371, 4371, 4371]",3,13113,7570,7.463333333333333,9.031600000000001,21.012952210808418,21.012952210808418,mixed_batch
91,"[919, 919, 919]",3,2757,1591,1.0437666666666665,1.59054,52.38463258071731,52.38463258071731,mixed_batch
92,"[191, 191, 191, 191, 191, 191, 191, 191, 191, 191]",10,1910,603,0.2876333333333333,0.56446,96.24290184262372,96.24290184262372,mixed_batch
93,[10807],1,10807,10807,12.877599999999997,12.877599999999997,0.0,0.0,single_prefill
94,[11632],1,11632,11632,14.16098,14.16098,0.0,0.0,single_prefill
95,"[2609, 2609, 2609, 2609, 2609, 2609]",6,15654,6390,4.3379666666666665,7.63726,76.05621681432932,76.05621681432932,mixed_batch
96,[4309],1,4309,4309,4.770660000000001,4.770660000000001,0.0,0.0,single_prefill
97,"[381, 381, 381, 381]",4,1524,762,0.44403333333333334,0.7295400000000001,64.29847609038362,64.29847609038362,mixed_batch
98,"[1277, 1277, 1277, 1277, 1277, 1277]",6,7662,3127,1.9310333333333332,3.3102599999999995,71.42428060969083,71.42428060969083,mixed_batch
99,"[142, 142, 142, 142, 142]",5,710,317,0.18873333333333334,0.33034,75.03002472624514,75.03002472624514,mixed_batch
100,"[1447, 1447, 1447, 1447, 1447, 1447]",6,8682,3544,2.3501000000000003,3.80364,61.85013403684948,61.85013403684948,mixed_batch
101,"[3739, 3739, 3739, 3739]",4,14956,7478,6.9225666666666665,8.72602,26.05180159574725,26.05180159574725,mixed_batch
102,"[551, 551, 551, 551, 551, 551, 551, 551, 551, 551, 551, 551, 551, 551, 551, 551, 551, 551, 551, 551, 551, 551, 551, 551]",24,13224,2699,1.4776333333333334,2.8167000000000004,90.62239166234296,90.62239166234296,mixed_batch
103,"[1257, 1257, 1257]",3,3771,2177,1.5133,2.23034,47.38254146567104,47.38254146567104,mixed_batch
104,"[2907, 2907, 2907, 2907]",4,11628,5814,4.810866666666667,6.8548,42.48576140127212,42.48576140127212,mixed_batch
105,[15344],1,15344,15344,20.782639999999997,20.782639999999997,0.0,0.0,single_prefill
106,[13228],1,13228,13228,16.97182,16.97182,0.0,0.0,single_prefill
107,[5082],1,5082,5082,5.665260000000001,5.665260000000001,0.0,0.0,single_prefill
108,"[2605, 2605]",2,5210,3684,3.2130666666666663,3.96676,23.45713337206408,23.45713337206408,mixed_batch
109,[14425],1,14425,14425,19.06608,19.06608,0.0,0.0,single_prefill
110,"[333, 333, 333]",3,999,576,0.31723333333333337,0.53514,68.68971314489856,68.68971314489856,mixed_batch
111,[10020],1,10020,10020,11.639140000000001,11.639140000000001,0.0,0.0,single_prefill
112,"[785, 785, 785, 785]",4,3140,1570,0.8488,1.5276000000000003,79.97172478793595,79.97172478793595,mixed_batch
113,"[2031, 2031, 2031]",3,6093,3517,2.6771000000000003,3.77226,40.90844570617458,40.90844570617458,mixed_batch
114,"[5309, 5309]",2,10618,7508,7.989,9.309239999999999,16.52572286894479,16.52572286894479,mixed_batch
115,"[3058, 3058, 3058]",3,9174,5296,4.364600000000001,6.1288399999999985,40.42157356917007,40.42157356917007,mixed_batch
116,[9811],1,9811,9811,11.274479999999999,11.274479999999999,0.0,0.0,single_prefill
117,"[2493, 2493, 2493, 2493]",4,9972,4986,3.4184333333333337,5.66004,65.57409339561006,65.57409339561006,mixed_batch
118,"[2206, 2206]",2,4412,3119,2.642866666666667,3.3029200000000003,24.974900991347777,24.974900991347777,mixed_batch
119,"[504, 504]",2,1008,712,0.5242666666666668,0.6909799999999999,31.799338758901285,31.799338758901285,mixed_batch
120,"[2573, 2573, 2573, 2573, 2573, 2573]",6,15438,6302,5.1225,7.59974,48.3599804782821,48.3599804782821,mixed_batch
121,"[6848, 6848]",2,13696,9684,9.888200000000001,11.095040000000001,12.204850225521325,12.204850225521325,mixed_batch
122,[6081],1,6081,6081,6.78054,6.78054,0.0,0.0,single_prefill
123,"[273, 273, 273, 273, 273, 273, 273, 273, 273, 273, 273, 273, 273, 273, 273, 273, 273, 273, 273, 273, 273, 273, 273, 273, 273, 273, 273, 273, 273, 273, 273, 273]",32,8736,1544,0.8153666666666666,1.5466199999999999,89.68398675442542,89.68398675442542,mixed_batch
124,[15500],1,15500,15500,21.20582,21.20582,0.0,0.0,single_prefill
125,"[1261, 1261, 1261, 1261, 1261, 1261, 1261, 1261, 1261, 1261]",10,12610,3987,2.0751000000000004,4.38966,111.53968483446577,111.53968483446577,mixed_batch
126,"[124, 124, 124, 124, 124]",5,620,277,0.1477,0.28102,90.26404874746106,90.26404874746106,mixed_batch
127,"[1902, 1902]",2,3804,2689,2.1949666666666667,2.79918,27.527221370104314,27.527221370104314,mixed_batch
128,[15663],1,15663,15663,21.49292,21.49292,0.0,0.0,single_prefill
129,"[4002, 4002, 4002, 4002]",4,16008,8004,6.392833333333334,8.69286,35.97820476053913,35.97820476053913,mixed_batch
130,"[7193, 7193]",2,14386,10172,10.4113,11.860000000000001,13.914688847694338,13.914688847694338,mixed_batch
131,"[3371, 3371, 3371, 3371]",4,13484,6742,5.967799999999999,8.230520000000002,37.915479741278254,37.915479741278254,mixed_batch
132,[13563],1,13563,13563,17.454700000000003,17.454700000000003,0.0,0.0,single_prefill
133,"[1343, 1343, 1343, 1343, 1343, 1343]",6,8058,3289,1.793933333333333,3.4953600000000002,94.84336095730059,94.84336095730059,mixed_batch
134,[9375],1,9375,9375,10.678180000000001,10.678180000000001,0.0,0.0,single_prefill
135,"[493, 493, 493, 493]",4,1972,986,0.5005333333333333,0.93176,86.15343633457648,86.15343633457648,mixed_batch
136,[9584],1,9584,9584,11.455879999999999,11.455879999999999,0.0,0.0,single_prefill
137,"[4379, 4379, 4379]",3,13137,7584,7.474433333333333,9.59966,28.43328145277458,28.43328145277458,mixed_batch
138,"[1509, 1509, 1509, 1509]",4,6036,3018,2.0543666666666662,3.17316,54.45928185491072,54.45928185491072,mixed_batch
139,"[5687, 5687]",2,11374,8042,8.7537,9.091460000000001,3.858482698744544,3.858482698744544,mixed_batch
140,"[2148, 2148, 2148]",3,6444,3720,2.7297999999999996,4.0608200000000005,48.7588834346839,48.7588834346839,mixed_batch
141,"[602, 602, 602, 602, 602, 602, 602, 602]",8,4816,1702,0.8987666666666666,1.7069200000000002,89.9180358268739,89.9180358268739,mixed_batch
142,[11068],1,11068,11068,13.292540000000002,13.292540000000002,0.0,0.0,single_prefill
143,"[3911, 3911, 3911]",3,11733,6774,5.3419,8.22786,54.02497238810161,54.02497238810161,mixed_batch
144,"[7711, 7711]",2,15422,10905,11.323599999999999,13.061580000000001,15.348299127485978,15.348299127485978,mixed_batch
145,"[2318, 2318, 2318, 2318]",4,9272,4636,3.0745,5.23644,70.31842576028623,70.31842576028623,mixed_batch
146,"[1603, 1603, 1603, 1603]",4,6412,3206,2.2429666666666668,3.42504,52.70133305592296,52.70133305592296,mixed_batch
147,"[303, 303]",2,606,428,0.31073333333333336,0.3885,25.026818279339192,25.026818279339192,mixed_batch
148,"[290, 290, 290, 290, 290, 290]",6,1740,710,0.3883,0.68668,76.84264743754828,76.84264743754828,mixed_batch
149,[5245],1,5245,5245,6.034699999999999,6.034699999999999,0.0,0.0,single_prefill
150,"[934, 934, 934]",3,2802,1617,1.1067333333333333,1.6138800000000004,45.82374555749658,45.82374555749658,mixed_batch
151,[10464],1,10464,10464,12.3029,12.3029,0.0,0.0,single_prefill
152,[11006],1,11006,11006,13.126560000000001,13.126560000000001,0.0,0.0,single_prefill
153,"[1081, 1081, 1081, 1081]",4,4324,2162,1.1906,2.1864800000000004,83.64522089702673,83.64522089702673,mixed_batch
154,"[2251, 2251]",2,4502,3183,2.6898333333333335,3.35908,24.880599789330187,24.880599789330187,mixed_batch
155,[10105],1,10105,10105,11.709280000000001,11.709280000000001,0.0,0.0,single_prefill
156,[8616],1,8616,8616,9.54662,9.54662,0.0,0.0,single_prefill
157,"[653, 653, 653, 653, 653, 653, 653, 653]",8,5224,1846,0.8791666666666667,1.8603,111.59810426540287,111.59810426540287,mixed_batch
158,"[35, 35, 35, 35, 35, 35, 35]",7,245,92,0.0483,0.07694000000000001,59.296066252588,59.296066252588,mixed_batch
159,"[1659, 1659, 1659, 1659, 1659, 1659]",6,9954,4063,2.7083,4.45856,64.62578000960013,64.62578000960013,mixed_batch
160,[6272],1,6272,6272,7.48596,7.48596,0.0,0.0,single_prefill
161,[13912],1,13912,13912,18.12054,18.12054,0.0,0.0,single_prefill
162,"[6863, 6863]",2,13726,9705,9.531833333333333,11.114340000000002,16.602332534839423,16.602332534839423,mixed_batch
163,[2277],1,2277,2277,2.03714,2.03714,0.0,0.0,single_prefill
164,"[2118, 2118, 2118, 2118, 2118]",5,10590,4735,3.510366666666667,5.31658,51.453694295942476,51.453694295942476,mixed_batch
165,[3975],1,3975,3975,4.38216,4.38216,0.0,0.0,single_prefill
166,[2729],1,2729,2729,2.8483400000000003,2.8483400000000003,0.0,0.0,single_prefill
167,"[1618, 1618, 1618]",3,4854,2802,2.0402666666666667,2.91026,42.641158018559665,42.641158018559665,mixed_batch
168,"[1462, 1462, 1462]",3,4386,2532,1.8225333333333331,2.6,42.65857048796549,42.65857048796549,mixed_batch
169,"[1509, 1509, 1509, 1509, 1509, 1509, 1509, 1509]",8,12072,4268,2.7814666666666668,4.74456,70.57763290350414,70.57763290350414,mixed_batch
170,[7928],1,7928,7928,9.113899999999997,9.113899999999997,0.0,0.0,single_prefill
171,"[5104, 5104]",2,10208,7218,6.932333333333334,8.694760000000002,25.42328220416408,25.42328220416408,mixed_batch
172,"[5892, 5892]",2,11784,8332,8.716433333333333,9.831260000000002,12.789940839716582,12.789940839716582,mixed_batch
173,"[4202, 4202, 4202]",3,12606,7278,6.1707,8.81436,42.84214108610045,42.84214108610045,mixed_batch
174,"[1435, 1435]",2,2870,2029,1.6183333333333334,2.0502200000000004,26.687126673532457,26.687126673532457,mixed_batch
175,[14182],1,14182,14182,18.61128,18.61128,0.0,0.0,single_prefill
176,"[5386, 5386, 5386]",3,16158,9328,8.425766666666666,10.54434,25.14398294121604,25.14398294121604,mixed_batch
177,[6628],1,6628,6628,7.42928,7.42928,0.0,0.0,single_prefill
178,[4786],1,4786,4786,5.42812,5.42812,0.0,0.0,single_prefill
179,"[1308, 1308, 1308, 1308, 1308]",5,6540,2924,1.9272000000000002,3.0505199999999997,58.28767123287667,58.28767123287667,mixed_batch
180,"[217, 217, 217, 217, 217, 217, 217, 217, 217, 217, 217, 217, 217, 217, 217, 217, 217, 217, 217, 217]",20,4340,970,0.4418,0.9461,114.14667270258035,114.14667270258035,mixed_batch
181,[6067],1,6067,6067,7.2379799999999985,7.2379799999999985,0.0,0.0,single_prefill
182,"[2306, 2306, 2306]",3,6918,3994,3.218266666666667,4.391779999999999,36.4641421883415,36.4641421883415,mixed_batch
183,"[1201, 1201, 1201]",3,3603,2080,1.4569,2.1208799999999997,45.57485071041249,45.57485071041249,mixed_batch
184,"[901, 901, 901]",3,2703,1560,1.0743666666666667,1.5572199999999998,44.94306723340881,44.94306723340881,mixed_batch
185,"[3980, 3980, 3980]",3,11940,6893,6.554433333333334,8.450600000000001,28.929528614220413,28.929528614220413,mixed_batch
186,[4666],1,4666,4666,5.25722,5.25722,0.0,0.0,single_prefill
187,[4041],1,4041,4041,4.4421800000000005,4.4421800000000005,0.0,0.0,single_prefill
188,[12987],1,12987,12987,16.53208,16.53208,0.0,0.0,single_prefill
189,"[6641, 6641]",2,13282,9391,9.089333333333332,11.67016,28.394014962593523,28.394014962593523,mixed_batch
190,"[7553, 7553]",2,15106,10681,13.139966666666666,14.366140000000001,9.331631992978181,9.331631992978181,mixed_batch
191,[5798],1,5798,5798,6.53884,6.53884,0.0,0.0,single_prefill
192,[1042],1,1042,1042,1.02878,1.02878,0.0,0.0,single_prefill
193,"[404, 404, 404, 404, 404, 404, 404, 404]",8,3232,1142,0.6046999999999999,1.11314,84.08136265916987,84.08136265916987,mixed_batch
194,[6403],1,6403,6403,7.775060000000001,7.775060000000001,0.0,0.0,single_prefill
195,"[2267, 2267, 2267, 2267, 2267, 2267]",6,13602,5552,4.171266666666666,6.4915400000000005,55.62514983458266,55.62514983458266,mixed_batch
196,"[918, 918, 918, 918, 918, 918, 918]",7,6426,2428,1.4456666666666669,2.4811799999999997,71.62877565137187,71.62877565137187,mixed_batch
197,[13706],1,13706,13706,17.836959999999998,17.836959999999998,0.0,0.0,single_prefill
198,"[839, 839, 839, 839]",4,3356,1678,0.8954000000000001,1.6899799999999998,88.74022783113689,88.74022783113689,mixed_batch
199,[5263],1,5263,5263,6.09634,6.09634,0.0,0.0,single_prefill
200,"[4878, 4878]",2,9756,6898,7.176900000000001,8.381039999999999,16.777996070726886,16.777996070726886,mixed_batch
201,[6525],1,6525,6525,7.872140000000002,7.872140000000002,0.0,0.0,single_prefill
202,[114],1,114,114,0.09156,0.09156,0.0,0.0,single_prefill
203,[15962],1,15962,15962,22.04604,22.04604,0.0,0.0,single_prefill
204,[3381],1,3381,3381,3.5719000000000003,3.5719000000000003,0.0,0.0,single_prefill
205,"[952, 952]",2,1904,1346,1.0327000000000002,1.33298,29.077176333882036,29.077176333882036,mixed_batch
206,"[2299, 2299, 2299]",3,6897,3981,3.106266666666667,4.379840000000001,41.000128771944894,41.000128771944894,mixed_batch
207,[3336],1,3336,3336,3.5859,3.5859,0.0,0.0,single_prefill
208,"[8175, 8175]",2,16350,11561,12.3781,14.12054,14.07679692359894,14.07679692359894,mixed_batch
209,"[1436, 1436, 1436, 1436, 1436, 1436, 1436]",7,10052,3799,2.129333333333333,4.12824,93.87476518472138,93.87476518472138,mixed_batch
210,[11332],1,11332,11332,13.71996,13.71996,0.0,0.0,single_prefill
211,[789],1,789,789,0.7034,0.7034,0.0,0.0,single_prefill
212,[4217],1,4217,4217,4.64228,4.64228,0.0,0.0,single_prefill
213,"[384, 384, 384, 384, 384, 384, 384, 384, 384, 384, 384, 384, 384, 384, 384, 384, 384, 384, 384, 384]",20,7680,1717,0.7771666666666667,1.71942,121.24211880763455,121.24211880763455,mixed_batch
214,"[551, 551, 551, 551, 551, 551, 551, 551]",8,4408,1558,0.8341666666666667,1.55716,86.67252747252748,86.67252747252748,mixed_batch
215,[4430],1,4430,4430,4.9435199999999995,4.9435199999999995,0.0,0.0,single_prefill
216,"[410, 410, 410, 410, 410, 410, 410, 410, 410, 410, 410, 410, 410, 410, 410, 410, 410, 410, 410, 410, 410, 410, 410, 410, 410, 410, 410, 410, 410, 410, 410, 410]",32,13120,2319,1.2719,2.3841200000000002,87.44555389574653,87.44555389574653,mixed_batch
217,"[836, 836, 836, 836, 836]",5,4180,1869,1.1182000000000003,1.8774800000000003,67.90198533357179,67.90198533357179,mixed_batch
218,"[2449, 2449, 2449, 2449]",4,9796,4898,3.894766666666667,5.590739999999999,43.54492780911134,43.54492780911134,mixed_batch
219,[3644],1,3644,3644,3.94498,3.94498,0.0,0.0,single_prefill
220,"[1724, 1724, 1724, 1724, 1724, 1724, 1724]",7,12068,4561,3.1504666666666665,5.11922,62.49084791671077,62.49084791671077,mixed_batch
221,[13610],1,13610,13610,17.6268,17.6268,0.0,0.0,single_prefill
222,"[1201, 1201, 1201, 1201, 1201, 1201, 1201]",7,8407,3177,1.6785333333333334,3.3561,99.94241004051155,99.94241004051155,mixed_batch
223,[5908],1,5908,5908,7.029320000000001,7.029320000000001,0.0,0.0,single_prefill
224,[11036],1,11036,11036,13.2648,13.2648,0.0,0.0,single_prefill
225,"[4703, 4703]",2,9406,6651,5.696299999999999,8.071639999999999,41.69969980513667,41.69969980513667,mixed_batch
226,"[241, 241, 241, 241, 241, 241, 241, 241, 241, 241, 241, 241, 241, 241, 241, 241, 241, 241, 241, 241, 241, 241, 241, 241]",24,5784,1180,0.5163333333333333,1.16042,124.74241446094257,124.74241446094257,mixed_batch
227,"[2558, 2558, 2558, 2558, 2558]",5,12790,5719,4.449933333333333,6.712940000000001,50.85484426732987,50.85484426732987,mixed_batch
228,[10050],1,10050,10050,11.82956,11.82956,0.0,0.0,single_prefill
229,"[750, 750, 750, 750, 750, 750, 750, 750]",8,6000,2121,0.9766666666666666,2.15788,120.94334470989763,120.94334470989763,mixed_batch
230,"[1328, 1328]",2,2656,1878,1.4766,1.88404,27.593119328186376,27.593119328186376,mixed_batch
231,"[6316, 6316]",2,12632,8932,9.747766666666667,10.015139999999999,2.742918890822838,2.742918890822838,mixed_batch
232,"[298, 298, 298, 298, 298, 298, 298, 298, 298, 298, 298, 298, 298, 298, 298, 298, 298, 298, 298, 298]",20,5960,1332,0.5495666666666666,1.3142,139.13386304361012,139.13386304361012,mixed_batch
233,"[2911, 2911]",2,5822,4116,3.6551,4.5597199999999996,24.749528056687904,24.749528056687904,mixed_batch
234,"[1781, 1781, 1781, 1781]",4,7124,3562,2.509133333333333,3.8187799999999994,52.19518027472964,52.19518027472964,mixed_batch
235,"[2994, 2994, 2994]",3,8982,5185,4.4419666666666675,5.97202,34.4454033123466,34.4454033123466,mixed_batch
236,"[5371, 5371]",2,10742,7595,8.040433333333334,9.56296,18.93587824868476,18.93587824868476,mixed_batch
237,"[5568, 5568]",2,11136,7874,8.477500000000001,8.935620000000002,5.403951636685354,5.403951636685354,mixed_batch
238,"[7404, 7404]",2,14808,10470,11.236566666666665,12.298680000000001,9.452294146788637,9.452294146788637,mixed_batch
239,[14963],1,14963,14963,20.058500000000002,20.058500000000002,0.0,0.0,single_prefill
240,"[466, 466, 466, 466, 466, 466, 466, 466, 466, 466, 466, 466]",12,5592,1614,0.6830666666666667,1.6108000000000005,135.81885613898112,135.81885613898112,mixed_batch
241,[2100],1,2100,2100,2.1346800000000004,2.1346800000000004,0.0,0.0,single_prefill
242,"[1467, 1467, 1467, 1467, 1467, 1467, 1467]",7,10269,3881,2.550633333333333,4.243080000000001,66.35397744351083,66.35397744351083,mixed_batch
243,"[257, 257, 257, 257, 257]",5,1285,574,0.3373333333333334,0.5348,58.53754940711462,58.53754940711462,mixed_batch
244,"[630, 630, 630, 630, 630, 630, 630, 630, 630, 630, 630, 630, 630, 630, 630, 630, 630, 630, 630, 630]",20,12600,2817,1.4443,2.96292,105.14574534376516,105.14574534376516,mixed_batch
245,[15613],1,15613,15613,21.300940000000004,21.300940000000004,0.0,0.0,single_prefill
246,"[910, 910, 910, 910, 910, 910, 910, 910, 910, 910, 910, 910, 910, 910, 910, 910]",16,14560,3640,1.8810333333333336,3.90308,107.49658875440802,107.49658875440802,mixed_batch
247,"[1714, 1714, 1714]",3,5142,2968,2.2058999999999997,3.13484,42.111609773788494,42.111609773788494,mixed_batch
248,"[55, 55, 55, 55, 55, 55]",6,330,134,0.06393333333333334,0.13404,109.65589155370172,109.65589155370172,mixed_batch
249,[5944],1,5944,5944,7.054080000000001,7.054080000000001,0.0,0.0,single_prefill
250,[12373],1,12373,12373,15.446520000000001,15.446520000000001,0.0,0.0,single_prefill
251,[15834],1,15834,15834,21.767159999999997,21.767159999999997,0.0,0.0,single_prefill
252,"[2028, 2028, 2028, 2028, 2028]",5,10140,4534,2.7681999999999998,5.08948,83.85521277364354,83.85521277364354,mixed_batch
253,[4345],1,4345,4345,4.816520000000001,4.816520000000001,0.0,0.0,single_prefill
254,[9246],1,9246,9246,10.52206,10.52206,0.0,0.0,single_prefill
255,"[3128, 3128, 3128, 3128, 3128]",5,15640,6994,5.250033333333333,8.62074,64.20352886648341,64.20352886648341,mixed_batch
256,[1897],1,1897,1897,1.9036000000000002,1.9036000000000002,0.0,0.0,single_prefill
257,"[2867, 2867, 2867, 2867]",4,11468,5734,4.7631,6.723380000000001,41.155549956960826,41.155549956960826,mixed_batch
258,[2191],1,2191,2191,2.2421200000000003,2.2421200000000003,0.0,0.0,single_prefill
259,"[917, 917, 917, 917, 917, 917, 917]",7,6419,2426,1.4463000000000001,2.48286,71.66977805434556,71.66977805434556,mixed_batch
260,"[356, 356, 356, 356, 356, 356]",6,2136,872,0.4593000000000001,0.83856,82.57348138471583,82.57348138471583,mixed_batch
261,"[550, 550, 550, 550, 550, 550, 550, 550, 550, 550, 550, 550, 550, 550, 550, 550, 550, 550, 550, 550]",20,11000,2459,1.3202,2.54204,92.54961369489472,92.54961369489472,mixed_batch
262,[14891],1,14891,14891,20.0234,20.0234,0.0,0.0,single_prefill
263,[1011],1,1011,1011,0.84436,0.84436,0.0,0.0,single_prefill
264,"[43, 43, 43, 43, 43, 43, 43, 43]",8,344,121,0.06283333333333334,0.09519999999999999,51.51193633952252,51.51193633952252,mixed_batch
265,"[349, 349, 349, 349, 349, 349]",6,2094,854,0.4526,0.8211599999999999,81.43172779496241,81.43172779496241,mixed_batch
266,"[5185, 5185]",2,10370,7332,7.725133333333332,9.00942,16.62478317526345,16.62478317526345,mixed_batch
267,"[143, 143, 143, 143]",4,572,286,0.17626666666666668,0.29286,66.14599092284416,66.14599092284416,mixed_batch
268,[7649],1,7649,7649,9.65408,9.65408,0.0,0.0,single_prefill
269,"[1976, 1976, 1976, 1976, 1976, 1976]",6,11856,4840,3.504466666666667,5.482819999999999,56.45233701752046,56.45233701752046,mixed_batch
270,[12233],1,12233,12233,15.22594,15.22594,0.0,0.0,single_prefill
271,"[1454, 1454, 1454]",3,4362,2518,1.5526666666666666,2.58918,66.75697724345213,66.75697724345213,mixed_batch
272,"[925, 925, 925]",3,2775,1602,1.0957000000000001,1.5963800000000001,45.694989504426395,45.694989504426395,mixed_batch
273,"[507, 507, 507]",3,1521,878,0.5620333333333335,0.8392000000000002,49.314987248680374,49.314987248680374,mixed_batch
274,"[376, 376, 376, 376, 376, 376]",6,2256,921,0.48080000000000006,0.89702,86.56821963394341,86.56821963394341,mixed_batch
275,"[527, 527, 527, 527, 527, 527, 527, 527]",8,4216,1490,0.8112333333333333,1.46644,80.7667337798414,80.7667337798414,mixed_batch
276,"[1401, 1401, 1401, 1401, 1401]",5,7005,3132,2.0202666666666667,3.31222,63.94964361140444,63.94964361140444,mixed_batch
277,[6202],1,6202,6202,7.426540000000001,7.426540000000001,0.0,0.0,single_prefill
278,"[3290, 3290, 3290]",3,9870,5698,4.986366666666667,6.6937,34.24002780915963,34.24002780915963,mixed_batch
279,"[2093, 2093]",2,4186,2959,2.4844,3.12608,25.828369022701658,25.828369022701658,mixed_batch
280,"[675, 675, 675, 675, 675, 675, 675, 675, 675, 675, 675, 675, 675, 675, 675, 675, 675, 675, 675, 675]",20,13500,3018,1.7082333333333335,3.1697200000000003,85.55544714812574,85.55544714812574,mixed_batch
281,[10148],1,10148,10148,11.84344,11.84344,0.0,0.0,single_prefill
282,[10610],1,10610,10610,12.513760000000001,12.513760000000001,0.0,0.0,single_prefill
283,"[650, 650]",2,1300,919,0.6010333333333333,0.8946399999999999,48.85031334923187,48.85031334923187,mixed_batch
284,"[1735, 1735, 1735, 1735, 1735]",5,8675,3879,2.702433333333333,4.2476199999999995,57.177605368001686,57.177605368001686,mixed_batch
285,[685],1,685,685,0.6538200000000001,0.6538200000000001,0.0,0.0,single_prefill
286,[1207],1,1207,1207,1.18656,1.18656,0.0,0.0,single_prefill
287,[9412],1,9412,9412,10.706100000000001,10.706100000000001,0.0,0.0,single_prefill
288,"[1109, 1109]",2,2218,1568,1.1035333333333335,1.5665400000000003,41.95674500090619,41.95674500090619,mixed_batch
289,[11300],1,11300,11300,13.69438,13.69438,0.0,0.0,single_prefill
290,"[3298, 3298, 3298, 3298]",4,13192,6596,4.811666666666666,8.0308,66.90266712850712,66.90266712850712,mixed_batch
291,"[2478, 2478, 2478, 2478, 2478]",5,12390,5540,4.366733333333333,6.482540000000002,48.45284804812145,48.45284804812145,mixed_batch
292,"[2610, 2610, 2610]",3,7830,4520,3.7151000000000005,5.0746400000000005,36.5949772549864,36.5949772549864,mixed_batch
293,[1557],1,1557,1557,1.5578600000000002,1.5578600000000002,0.0,0.0,single_prefill
294,"[1352, 1352, 1352, 1352, 1352, 1352, 1352, 1352, 1352, 1352]",10,13520,4275,2.742633333333333,4.75288,73.29622382381899,73.29622382381899,mixed_batch
295,"[1933, 1933]",2,3866,2733,2.2809333333333335,2.8442,24.694569474484116,24.694569474484116,mixed_batch
296,[6595],1,6595,6595,8.022179999999999,8.022179999999999,0.0,0.0,single_prefill
297,[11288],1,11288,11288,13.688320000000001,13.688320000000001,0.0,0.0,single_prefill
298,[10154],1,10154,10154,11.85186,11.85186,0.0,0.0,single_prefill
299,"[442, 442, 442, 442, 442, 442, 442, 442]",8,3536,1250,0.5506666666666667,1.2217200000000001,121.86198547215497,121.86198547215497,mixed_batch
300,"[1533, 1533, 1533, 1533, 1533, 1533, 1533, 1533]",8,12264,4335,2.8052333333333337,4.79566,70.9540501681381,70.9540501681381,mixed_batch
301,"[289, 289, 289, 289, 289, 289, 289, 289]",8,2312,817,0.42236666666666667,0.7810400000000002,84.9198958251125,84.9198958251125,mixed_batch
302,"[2787, 2787, 2787, 2787, 2787]",5,13935,6231,5.046466666666666,7.462639999999999,47.87851566112261,47.87851566112261,mixed_batch
303,"[2675, 2675, 2675]",3,8025,4633,3.7791666666666672,5.23986,38.65120176405731,38.65120176405731,mixed_batch
304,"[2567, 2567]",2,5134,3630,3.1813,3.9326400000000006,23.61738911765633,23.61738911765633,mixed_batch
305,[3978],1,3978,3978,4.37932,4.37932,0.0,0.0,single_prefill
306,"[6672, 6672]",2,13344,9435,9.956333333333335,10.71798,7.6498711038200025,7.6498711038200025,mixed_batch
307,"[731, 731]",2,1462,1033,0.6669,1.0161399999999998,52.3676713150397,52.3676713150397,mixed_batch
308,"[1326, 1326, 1326, 1326, 1326]",5,6630,2965,1.9414666666666665,3.13208,61.32545841631759,61.32545841631759,mixed_batch
309,[11940],1,11940,11940,14.75982,14.75982,0.0,0.0,single_prefill
310,[15126],1,15126,15126,20.47674,20.47674,0.0,0.0,single_prefill
311,[11547],1,11547,11547,14.109620000000001,14.109620000000001,0.0,0.0,single_prefill
312,"[2908, 2908, 2908, 2908, 2908]",5,14540,6502,4.5267333333333335,7.86144,73.66695630403086,73.66695630403086,mixed_batch
313,"[5113, 5113]",2,10226,7230,7.524266666666667,9.00196,19.639034590303382,19.639034590303382,mixed_batch
314,[7971],1,7971,7971,9.94844,9.94844,0.0,0.0,single_prefill
315,"[4107, 4107]",2,8214,5808,5.726633333333334,6.851640000000001,19.645166735545608,19.645166735545608,mixed_batch
316,"[1325, 1325, 1325]",3,3975,2294,1.6339333333333332,2.33926,43.16740789097883,43.16740789097883,mixed_batch
317,"[7924, 7924]",2,15848,11206,11.654933333333334,13.512040000000002,15.934082277032916,15.934082277032916,mixed_batch
318,"[3044, 3044, 3044]",3,9132,5272,3.9914666666666667,6.1066400000000005,52.992383752004294,52.992383752004294,mixed_batch
319,[463],1,463,463,0.42952,0.42952,0.0,0.0,single_prefill
320,"[3556, 3556, 3556, 3556]",4,14224,7112,6.336366666666666,8.742359999999998,37.971182223250956,37.971182223250956,mixed_batch
321,"[3046, 3046, 3046]",3,9138,5275,4.485133333333334,6.10704,36.161838369725146,36.161838369725146,mixed_batch
322,"[140, 140, 140, 140, 140, 140, 140, 140, 140, 140, 140, 140]",12,1680,484,0.25103333333333333,0.44862,78.70933474970124,78.70933474970124,mixed_batch
323,[15576],1,15576,15576,21.284219999999998,21.284219999999998,0.0,0.0,single_prefill
324,[14099],1,14099,14099,18.53474,18.53474,0.0,0.0,single_prefill
325,"[933, 933, 933, 933, 933, 933, 933, 933, 933, 933, 933, 933]",12,11196,3232,1.6155666666666668,3.44208,113.05713165659105,113.05713165659105,mixed_batch
326,[10421],1,10421,10421,12.4809,12.4809,0.0,0.0,single_prefill
327,"[1558, 1558]",2,3116,2203,1.5159333333333334,2.25586,48.80997405338846,48.80997405338846,mixed_batch
328,"[767, 767, 767, 767, 767, 767, 767, 767]",8,6136,2169,1.1601333333333332,2.19522,89.22135386737158,89.22135386737158,mixed_batch
329,"[1712, 1712, 1712, 1712, 1712, 1712]",6,10272,4193,2.9136333333333337,4.617120000000002,58.46606184717824,58.46606184717824,mixed_batch
330,[7179],1,7179,7179,8.96578,8.96578,0.0,0.0,single_prefill
331,"[541, 541, 541]",3,1623,937,0.6199666666666668,0.91006,46.79176299801062,46.79176299801062,mixed_batch
332,"[7592, 7592]",2,15184,10736,11.904133333333332,12.71948,6.849273641648295,6.849273641648295,mixed_batch
333,"[3191, 3191, 3191, 3191, 3191]",5,15955,7135,5.8588,8.838339999999999,50.855806649825894,50.855806649825894,mixed_batch
334,"[4394, 4394]",2,8788,6214,6.215233333333334,7.434,19.60934692717355,19.60934692717355,mixed_batch
335,"[494, 494, 494, 494, 494, 494, 494, 494, 494, 494, 494, 494]",12,5928,1711,0.8317333333333334,1.7122799999999998,105.8688682269958,105.8688682269958,mixed_batch
336,"[149, 149, 149, 149, 149, 149, 149, 149, 149, 149]",10,1490,471,0.24136666666666667,0.43802,81.47493440132578,81.47493440132578,mixed_batch
337,[13346],1,13346,13346,17.17068,17.17068,0.0,0.0,single_prefill
338,[16292],1,16292,16292,22.77536,22.77536,0.0,0.0,single_prefill
339,[9655],1,9655,9655,11.070359999999999,11.070359999999999,0.0,0.0,single_prefill
340,"[2120, 2120, 2120, 2120, 2120, 2120, 2120]",7,14840,5608,3.8891333333333336,6.541340000000001,68.19531343744109,68.19531343744109,mixed_batch
341,[12619],1,12619,12619,15.889960000000002,15.889960000000002,0.0,0.0,single_prefill
342,"[1236, 1236, 1236, 1236, 1236, 1236, 1236, 1236]",8,9888,3495,1.8283333333333331,3.76514,105.93290793072016,105.93290793072016,mixed_batch
343,"[834, 834, 834, 834, 834, 834, 834, 834, 834, 834]",10,8340,2637,1.4861,2.7285200000000005,83.60271852499835,83.60271852499835,mixed_batch
344,"[4515, 4515, 4515]",3,13545,7820,7.759166666666667,10.000319999999999,28.88394372247876,28.88394372247876,mixed_batch
345,[225],1,225,225,0.21418000000000004,0.21418000000000004,0.0,0.0,single_prefill
346,[14708],1,14708,14708,19.5791,19.5791,0.0,0.0,single_prefill
347,"[889, 889, 889, 889, 889, 889, 889, 889, 889, 889, 889, 889]",12,10668,3079,1.4337333333333333,3.2663800000000003,127.82339812145452,127.82339812145452,mixed_batch
348,"[8186, 8186]",2,16372,11576,12.388266666666667,14.128720000000001,14.04920785259171,14.04920785259171,mixed_batch
349,"[232, 232, 232, 232, 232]",5,1160,518,0.24126666666666668,0.47976,98.85051119093671,98.85051119093671,mixed_batch
350,"[7714, 7714]",2,15428,10909,11.318966666666668,13.066480000000002,15.438806251454052,15.438806251454052,mixed_batch
351,[5901],1,5901,5901,6.5598399999999994,6.5598399999999994,0.0,0.0,single_prefill
352,[14100],1,14100,14100,18.6696,18.6696,0.0,0.0,single_prefill
353,"[6762, 6762]",2,13524,9562,11.0246,11.01606,-0.07746312791393785,0.07746312791393785,mixed_batch
354,"[1116, 1116, 1116, 1116, 1116]",5,5580,2495,1.3207666666666666,2.56796,94.42949801882745,94.42949801882745,mixed_batch
355,[12005],1,12005,12005,14.8112,14.8112,0.0,0.0,single_prefill
356,"[4018, 4018]",2,8036,5682,4.676066666666666,6.6824200000000005,42.906859041074426,42.906859041074426,mixed_batch
357,"[1521, 1521, 1521, 1521, 1521, 1521, 1521, 1521]",8,12168,4302,2.7920333333333334,4.775519999999998,71.04093790666295,71.04093790666295,mixed_batch
358,"[1556, 1556, 1556, 1556, 1556]",5,7780,3479,2.397,3.750880000000001,56.48226950354614,56.48226950354614,mixed_batch
359,"[1131, 1131, 1131, 1131, 1131, 1131, 1131, 1131]",8,9048,3198,1.8999,3.3815800000000005,77.98726248749938,77.98726248749938,mixed_batch
360,"[1456, 1456, 1456, 1456, 1456, 1456, 1456, 1456, 1456, 1456]",10,14560,4604,3.0685666666666664,5.15352,67.94551201972693,67.94551201972693,mixed_batch
361,"[985, 985, 985, 985, 985, 985, 985, 985, 985, 985, 985, 985]",12,11820,3412,1.9769999999999999,3.6458400000000006,84.41274658573602,84.41274658573602,mixed_batch
362,[10417],1,10417,10417,12.256,12.256,0.0,0.0,single_prefill
363,"[3800, 3800, 3800]",3,11400,6581,5.1153,7.859320000000001,53.64338357476591,53.64338357476591,mixed_batch
364,"[5024, 5024]",2,10048,7105,7.446700000000002,8.80188,18.19839660520766,18.19839660520766,mixed_batch
365,[13944],1,13944,13944,18.145059999999997,18.145059999999997,0.0,0.0,single_prefill
366,"[440, 440, 440, 440, 440, 440, 440, 440, 440, 440]",10,4400,1391,0.5987333333333333,1.3681199999999998,128.50239394276804,128.50239394276804,mixed_batch
367,[785],1,785,785,0.74992,0.74992,0.0,0.0,single_prefill
368,"[391, 391, 391, 391, 391, 391, 391, 391, 391, 391, 391, 391, 391, 391, 391, 391, 391, 391, 391, 391]",20,7820,1748,0.9249,1.7494799999999997,89.15342199156662,89.15342199156662,mixed_batch
369,"[1245, 1245, 1245, 1245, 1245, 1245, 1245, 1245]",8,9960,3521,2.1700000000000004,3.7796400000000006,74.17695852534561,74.17695852534561,mixed_batch
370,[2987],1,2987,2987,3.1440200000000003,3.1440200000000003,0.0,0.0,single_prefill
371,[10903],1,10903,10903,13.050740000000001,13.050740000000001,0.0,0.0,single_prefill
372,"[455, 455, 455, 455, 455]",5,2275,1017,0.49433333333333335,0.9469800000000002,91.56709372892787,91.56709372892787,mixed_batch
373,[7564],1,7564,7564,8.78974,8.78974,0.0,0.0,single_prefill
374,"[471, 471, 471, 471, 471, 471, 471, 471, 471, 471, 471, 471, 471, 471, 471, 471, 471, 471, 471, 471]",20,9420,2106,0.9452999999999999,2.1437600000000003,126.78091611128745,126.78091611128745,mixed_batch
375,"[2020, 2020, 2020, 2020]",4,8080,4040,2.9571666666666667,4.446600000000001,50.3669052584118,50.3669052584118,mixed_batch
376,"[1376, 1376]",2,2752,1945,1.5218333333333334,1.97258,29.618661701894645,29.618661701894645,mixed_batch
377,[7400],1,7400,7400,8.863000000000001,8.863000000000001,0.0,0.0,single_prefill
378,"[1609, 1609]",2,3218,2275,1.8098000000000003,2.3218400000000003,28.29262901978119,28.29262901978119,mixed_batch
379,"[2099, 2099]",2,4198,2968,2.487766666666667,3.13076,25.846207441748277,25.846207441748277,mixed_batch
380,"[860, 860]",2,1720,1216,0.9182,1.19272,29.89762578958832,29.89762578958832,mixed_batch
381,[1465],1,1465,1465,1.44812,1.44812,0.0,0.0,single_prefill
382,"[6354, 6354]",2,12708,8985,9.426266666666667,10.093860000000001,7.082266574253515,7.082266574253515,mixed_batch
383,"[2018, 2018, 2018, 2018, 2018, 2018, 2018]",7,14126,5339,3.241833333333333,6.169099999999999,90.29664284612615,90.29664284612615,mixed_batch
384,[3295],1,3295,3295,3.4986200000000003,3.4986200000000003,0.0,0.0,single_prefill
385,[1362],1,1362,1362,1.3538000000000001,1.3538000000000001,0.0,0.0,single_prefill
386,"[7092, 7092]",2,14184,10029,10.060033333333333,11.661080000000002,15.91492407248487,15.91492407248487,mixed_batch
387,[6413],1,6413,6413,7.10404,7.10404,0.0,0.0,single_prefill
388,"[5318, 5318, 5318]",3,15954,9211,9.012933333333333,10.3596,14.941491486308575,14.941491486308575,mixed_batch
389,[3105],1,3105,3105,3.1449400000000005,3.1449400000000005,0.0,0.0,single_prefill
390,"[1763, 1763, 1763]",3,5289,3053,2.252,3.19786,42.00088809946715,42.00088809946715,mixed_batch
391,[9304],1,9304,9304,10.548239999999998,10.548239999999998,0.0,0.0,single_prefill
392,"[2111, 2111, 2111, 2111, 2111, 2111]",6,12666,5170,3.2324333333333337,5.94974,84.06381157641817,84.06381157641817,mixed_batch
393,"[854, 854, 854, 854, 854, 854, 854, 854]",8,6832,2415,1.3579666666666668,2.46652,81.63332433294876,81.63332433294876,mixed_batch
394,"[3354, 3354, 3354, 3354]",4,13416,6708,5.9399999999999995,8.1964,37.98653198653201,37.98653198653201,mixed_batch
395,"[6152, 6152]",2,12304,8700,9.053966666666668,9.62384,6.294184132921465,6.294184132921465,mixed_batch
396,"[3815, 3815, 3815, 3815]",4,15260,7630,6.372833333333334,9.635720000000001,51.19993723356957,51.19993723356957,mixed_batch
397,"[5614, 5614]",2,11228,7939,8.288866666666667,9.820020000000001,18.47240877321388,18.47240877321388,mixed_batch
398,"[7819, 7819]",2,15638,11057,11.5769,13.285540000000001,14.759046031320999,14.759046031320999,mixed_batch
399,"[2488, 2488, 2488, 2488]",4,9952,4976,3.326533333333334,5.584560000000001,67.8792737183855,67.8792737183855,mixed_batch
400,"[4093, 4093]",2,8186,5788,5.596766666666666,6.844060000000001,22.285962728480172,22.285962728480172,mixed_batch
401,"[1325, 1325, 1325, 1325, 1325, 1325, 1325]",7,9275,3505,2.247533333333333,3.76814,67.65669029751135,67.65669029751135,mixed_batch
402,"[3059, 3059]",2,6118,4326,3.8754999999999997,4.79086,23.619145916655935,23.619145916655935,mixed_batch
403,"[1701, 1701, 1701, 1701, 1701, 1701, 1701, 1701]",8,13608,4811,3.3604666666666665,5.45374,62.2911500386851,62.2911500386851,mixed_batch
404,"[1247, 1247]",2,2494,1763,1.3693333333333335,1.7621200000000001,28.684518013631934,28.684518013631934,mixed_batch
405,[7098],1,7098,7098,8.539440000000003,8.539440000000003,0.0,0.0,single_prefill
406,"[540, 540, 540, 540, 540, 540, 540, 540, 540, 540, 540, 540, 540, 540, 540, 540, 540, 540, 540, 540, 540, 540, 540, 540]",24,12960,2645,1.4062333333333334,2.73866,94.7514637210515,94.7514637210515,mixed_batch
407,[2750],1,2750,2750,2.85372,2.85372,0.0,0.0,single_prefill
408,"[692, 692, 692, 692, 692, 692, 692, 692, 692, 692, 692, 692]",12,8304,2397,1.2941666666666667,2.45058,89.35582743077913,89.35582743077913,mixed_batch
409,"[813, 813, 813, 813, 813, 813, 813, 813, 813, 813, 813, 813]",12,9756,2816,1.5936333333333332,2.9147600000000002,82.90029074023721,82.90029074023721,mixed_batch
410,[15147],1,15147,15147,20.52132,20.52132,0.0,0.0,single_prefill
411,[12421],1,12421,12421,15.601159999999998,15.601159999999998,0.0,0.0,single_prefill
412,"[6537, 6537]",2,13074,9244,9.015933333333333,10.48178,16.258401792382386,16.258401792382386,mixed_batch
413,"[51, 51, 51, 51, 51, 51, 51, 51, 51, 51, 51, 51, 51, 51, 51, 51, 51, 51, 51, 51, 51, 51, 51, 51, 51, 51, 51, 51, 51, 51, 51, 51]",32,1632,288,0.1259,0.28644,127.51389992057184,127.51389992057184,mixed_batch
414,"[1934, 1934, 1934, 1934, 1934, 1934, 1934, 1934]",8,15472,5470,4.055866666666668,6.34286,56.38729083796308,56.38729083796308,mixed_batch
415,"[78, 78, 78, 78, 78, 78, 78, 78, 78, 78, 78, 78]",12,936,270,0.13866666666666666,0.27347999999999995,97.22115384615381,97.22115384615381,mixed_batch
416,"[2614, 2614]",2,5228,3696,3.222633333333333,3.9852800000000004,23.665325458476012,23.665325458476012,mixed_batch
417,"[2253, 2253]",2,4506,3186,2.6873,3.36212,25.1114501544301,25.1114501544301,mixed_batch
418,"[706, 706, 706, 706, 706, 706, 706, 706, 706, 706, 706, 706]",12,8472,2445,1.3249666666666668,2.5304399999999996,90.98140833731661,90.98140833731661,mixed_batch
419,[13951],1,13951,13951,18.155600000000003,18.155600000000003,0.0,0.0,single_prefill
420,"[1640, 1640, 1640, 1640, 1640]",5,8200,3667,2.1050666666666666,3.95614,87.93419052444895,87.93419052444895,mixed_batch
421,[15213],1,15213,15213,20.5532,20.5532,0.0,0.0,single_prefill
422,"[184, 184, 184, 184, 184, 184, 184, 184]",8,1472,520,0.22343333333333332,0.4473,100.19394301059228,100.19394301059228,mixed_batch
423,"[777, 777, 777, 777, 777, 777, 777, 777, 777, 777, 777, 777]",12,9324,2691,1.5512666666666666,2.8137800000000004,81.38596415832227,81.38596415832227,mixed_batch
424,"[562, 562, 562, 562, 562, 562, 562, 562, 562, 562, 562, 562]",12,6744,1946,1.0129000000000001,1.97624,95.10711817553556,95.10711817553556,mixed_batch
425,"[1160, 1160, 1160]",3,3480,2009,1.4193000000000002,2.03106,43.102938068061704,43.102938068061704,mixed_batch
426,[12105],1,12105,12105,15.0137,15.0137,0.0,0.0,single_prefill
427,[7983],1,7983,7983,8.659659999999999,8.659659999999999,0.0,0.0,single_prefill
428,"[568, 568, 568, 568, 568]",5,2840,1270,0.6231666666666666,1.2435399999999999,99.55175180529552,99.55175180529552,mixed_batch
429,"[7956, 7956]",2,15912,11251,11.914266666666666,13.545660000000002,13.692771691081857,13.692771691081857,mixed_batch
430,[7158],1,7158,7158,7.841759999999999,7.841759999999999,0.0,0.0,single_prefill
431,"[338, 338, 338, 338, 338, 338, 338, 338, 338, 338]",10,3380,1068,0.5235333333333333,1.04658,99.9070418948173,99.9070418948173,mixed_batch
432,[11336],1,11336,11336,13.71848,13.71848,0.0,0.0,single_prefill
433,[12286],1,12286,12286,15.25458,15.25458,0.0,0.0,single_prefill
434,[6355],1,6355,6355,6.81434,6.81434,0.0,0.0,single_prefill
435,[7941],1,7941,7941,9.3081,9.3081,0.0,0.0,single_prefill
436,"[3492, 3492, 3492]",3,10476,6048,5.459533333333333,7.1987000000000005,31.855592053044845,31.855592053044845,mixed_batch
437,"[170, 170, 170, 170, 170, 170, 170, 170, 170, 170, 170, 170, 170, 170, 170, 170, 170, 170, 170, 170, 170, 170, 170, 170]",24,4080,832,0.3936666666666667,0.7953000000000001,102.02370872142252,102.02370872142252,mixed_batch
438,"[3170, 3170, 3170]",3,9510,5490,4.739700000000001,6.368499999999999,34.365044201109725,34.365044201109725,mixed_batch
439,[13306],1,13306,13306,17.0311,17.0311,0.0,0.0,single_prefill
440,[14994],1,14994,14994,20.24332,20.24332,0.0,0.0,single_prefill
441,"[1546, 1546, 1546, 1546, 1546, 1546]",6,9276,3786,2.1948999999999996,4.1131,87.39350312087115,87.39350312087115,mixed_batch
442,"[885, 885, 885, 885, 885, 885, 885, 885, 885, 885]",10,8850,2798,1.5379666666666665,2.9112999999999998,89.29539001712217,89.29539001712217,mixed_batch
443,"[1559, 1559]",2,3118,2204,1.7764,2.25366,26.8666966899347,26.8666966899347,mixed_batch
444,"[7142, 7142]",2,14284,10100,10.6769,11.70396,9.619458831683358,9.619458831683358,mixed_batch
445,[14646],1,14646,14646,19.526339999999998,19.526339999999998,0.0,0.0,single_prefill
446,"[3910, 3910, 3910]",3,11730,6772,5.3283000000000005,8.10418,52.09691646491373,52.09691646491373,mixed_batch
447,"[1848, 1848, 1848, 1848, 1848, 1848, 1848]",7,12936,4889,3.4271000000000003,5.578539999999999,62.777275247293595,62.777275247293595,mixed_batch
448,[16063],1,16063,16063,22.26544,22.26544,0.0,0.0,single_prefill
449,[7438],1,7438,7438,7.929600000000001,7.929600000000001,0.0,0.0,single_prefill
450,"[205, 205, 205, 205, 205, 205, 205, 205, 205, 205]",10,2050,648,0.30860000000000004,0.6234200000000001,102.01555411535969,102.01555411535969,mixed_batch
451,"[1232, 1232]",2,2464,1742,1.3538333333333334,1.7426400000000002,28.71894620214207,28.71894620214207,mixed_batch
452,"[2774, 2774]",2,5548,3923,3.4474666666666662,4.276960000000001,24.060952970297066,24.060952970297066,mixed_batch
453,"[4627, 4627, 4627]",3,13881,8014,8.059366666666667,8.95526,11.116175381853827,11.116175381853827,mixed_batch
454,[4824],1,4824,4824,5.25496,5.25496,0.0,0.0,single_prefill
455,[12062],1,12062,12062,14.975620000000001,14.975620000000001,0.0,0.0,single_prefill
456,"[835, 835]",2,1670,1180,0.7701333333333333,1.1455800000000003,48.75086565096956,48.75086565096956,mixed_batch
457,"[170, 170, 170, 170, 170, 170, 170, 170, 170, 170, 170, 170]",12,2040,588,0.2837,0.55002,93.87381036305955,93.87381036305955,mixed_batch
458,[5127],1,5127,5127,5.9148,5.9148,0.0,0.0,single_prefill
459,[9845],1,9845,9845,11.31522,11.31522,0.0,0.0,single_prefill
460,[9153],1,9153,9153,10.31664,10.31664,0.0,0.0,single_prefill
461,"[5235, 5235, 5235]",3,15705,9067,7.941166666666666,10.15512,27.879446764749105,27.879446764749105,mixed_batch
462,"[181, 181, 181, 181, 181]",5,905,404,0.20539999999999997,0.36034,75.43330087633888,75.43330087633888,mixed_batch
463,[8181],1,8181,8181,9.275160000000001,9.275160000000001,0.0,0.0,single_prefill
464,"[1413, 1413, 1413]",3,4239,2447,1.5414666666666668,2.53238,64.28379897932702,64.28379897932702,mixed_batch
465,"[3228, 3228, 3228]",3,9684,5591,4.9289000000000005,6.52894,32.462415549108314,32.462415549108314,mixed_batch
466,"[4935, 4935]",2,9870,6979,7.2304,8.610380000000001,19.085804381500342,19.085804381500342,mixed_batch
467,[3995],1,3995,3995,4.387840000000001,4.387840000000001,0.0,0.0,single_prefill
468,"[150, 150, 150, 150, 150, 150, 150, 150, 150, 150, 150, 150, 150, 150, 150, 150, 150, 150, 150, 150, 150, 150, 150, 150]",24,3600,734,0.3660333333333334,0.7062199999999998,92.93871232128214,92.93871232128214,mixed_batch
469,"[2476, 2476, 2476]",3,7428,4288,3.4842000000000004,4.760260000000001,36.62418919694622,36.62418919694622,mixed_batch
470,"[694, 694, 694, 694, 694, 694]",6,4164,1699,0.9619333333333333,1.7076600000000002,77.52373691870541,77.52373691870541,mixed_batch
471,"[1803, 1803, 1803, 1803, 1803]",5,9015,4031,2.901533333333333,4.42844,52.62412977046621,52.62412977046621,mixed_batch
472,"[3393, 3393, 3393]",3,10179,5876,5.2261999999999995,6.916580000000001,32.34434196930851,32.34434196930851,mixed_batch
473,"[1807, 1807, 1807, 1807, 1807, 1807]",6,10842,4426,3.1692666666666667,4.93562,55.73381854898084,55.73381854898084,mixed_batch
474,"[6485, 6485]",2,12970,9171,9.692166666666667,10.331460000000002,6.5959795711313385,6.5959795711313385,mixed_batch
475,[13925],1,13925,13925,18.13098,18.13098,0.0,0.0,single_prefill
476,[11177],1,11177,11177,13.48452,13.48452,0.0,0.0,single_prefill
477,[5925],1,5925,5925,6.26678,6.26678,0.0,0.0,single_prefill
478,"[2977, 2977]",2,5954,4210,3.796033333333334,4.63196,22.021057068343264,22.021057068343264,mixed_batch
479,[10527],1,10527,10527,12.441600000000001,12.441600000000001,0.0,0.0,single_prefill
480,[6076],1,6076,6076,6.59546,6.59546,0.0,0.0,single_prefill
481,"[5433, 5433]",2,10866,7683,8.254433333333333,8.95146,8.444270351689813,8.444270351689813,mixed_batch
482,"[400, 400, 400, 400, 400]",5,2000,894,0.4647,0.86114,85.31095330320638,85.31095330320638,mixed_batch
483,[45],1,45,45,0.041659999999999996,0.041659999999999996,0.0,0.0,single_prefill
484,"[7389, 7389]",2,14778,10449,10.725766666666669,12.28054,14.495684846149285,14.495684846149285,mixed_batch
485,"[2694, 2694, 2694, 2694, 2694, 2694]",6,16164,6598,4.605466666666667,8.022960000000001,74.20514750586263,74.20514750586263,mixed_batch
486,"[759, 759, 759, 759, 759]",5,3795,1697,0.9770666666666667,1.7087800000000002,74.88878275109171,74.88878275109171,mixed_batch
487,"[1386, 1386, 1386]",3,4158,2400,1.6940000000000002,2.4544200000000003,44.88902007083826,44.88902007083826,mixed_batch
488,"[4955, 4955, 4955]",3,14865,8582,8.748,9.5176,8.797439414723373,8.797439414723373,mixed_batch
489,[1691],1,1691,1691,1.6262,1.6262,0.0,0.0,single_prefill
490,"[1829, 1829, 1829, 1829, 1829, 1829]",6,10974,4480,3.1897666666666664,4.98052,56.14057454568256,56.14057454568256,mixed_batch
491,"[685, 685, 685, 685, 685, 685, 685, 685, 685, 685, 685, 685]",12,8220,2372,1.2872666666666666,2.44024,89.56755916929932,89.56755916929932,mixed_batch
492,"[2198, 2198, 2198, 2198, 2198, 2198, 2198]",7,15386,5815,4.460299999999999,6.8641000000000005,53.893235880994595,53.893235880994595,mixed_batch
493,"[2010, 2010, 2010, 2010]",4,8040,4020,2.951566666666667,4.411239999999999,49.454188171253655,49.454188171253655,mixed_batch
494,"[599, 599, 599, 599, 599, 599, 599, 599, 599, 599, 599, 599, 599, 599, 599, 599, 599, 599, 599, 599]",20,11980,2678,1.4063,2.76444,96.57541065206568,96.57541065206568,mixed_batch
495,"[181, 181, 181]",3,543,313,0.19436666666666666,0.32538,67.40524781341108,67.40524781341108,mixed_batch
496,"[1919, 1919, 1919, 1919, 1919]",5,9595,4291,3.0136333333333334,4.763800000000002,58.07497041223777,58.07497041223777,mixed_batch
497,"[4601, 4601]",2,9202,6506,6.526966666666667,7.8536,20.325419158465653,20.325419158465653,mixed_batch
498,[9100],1,9100,9100,10.293359999999998,10.293359999999998,0.0,0.0,single_prefill
499,"[4256, 4256]",2,8512,6018,5.6085666666666665,7.2065600000000005,28.49200924775791,28.49200924775791,mixed_batch
500,"[2529, 2529, 2529, 2529, 2529]",5,12645,5655,4.420466666666666,6.648200000000001,50.395885803912144,50.395885803912144,mixed_batch
501,"[103, 103, 103, 103, 103, 103, 103, 103]",8,824,291,0.15030000000000004,0.30054,99.96007984031928,99.96007984031928,mixed_batch
502,"[4139, 4139, 4139]",3,12417,7168,6.878633333333335,8.32104,20.969378607184538,20.969378607184538,mixed_batch
503,"[1227, 1227, 1227, 1227, 1227, 1227, 1227, 1227]",8,9816,3470,1.9578333333333333,3.7251199999999995,90.26747254618198,90.26747254618198,mixed_batch
504,"[67, 67, 67, 67, 67, 67, 67]",7,469,177,0.09933333333333332,0.16932000000000003,70.45637583892623,70.45637583892623,mixed_batch
505,"[1041, 1041, 1041, 1041, 1041, 1041, 1041, 1041, 1041, 1041, 1041, 1041]",12,12492,3606,2.2307,3.9023000000000003,74.9361187071323,74.9361187071323,mixed_batch
506,"[2668, 2668, 2668]",3,8004,4621,3.775633333333334,5.22192,38.30580299993818,38.30580299993818,mixed_batch
507,"[74, 74, 74, 74, 74, 74, 74, 74, 74, 74]",10,740,234,0.12656666666666666,0.22350000000000003,76.58677903608115,76.58677903608115,mixed_batch
508,"[2616, 2616, 2616, 2616, 2616]",5,13080,5849,4.687566666666667,6.907259999999999,47.35278431595636,47.35278431595636,mixed_batch
509,[4294],1,4294,4294,4.773639999999999,4.773639999999999,0.0,0.0,single_prefill
510,"[777, 777, 777, 777, 777]",5,3885,1737,1.0551666666666666,1.7417799999999999,65.07155267730217,65.07155267730217,mixed_batch
511,"[637, 637, 637, 637, 637, 637, 637, 637]",8,5096,1801,0.9350333333333334,1.8153800000000004,94.15136715268622,94.15136715268622,mixed_batch
512,"[3614, 3614]",2,7228,5110,4.835533333333334,5.83842,20.73993906221994,20.73993906221994,mixed_batch
513,"[1068, 1068, 1068]",3,3204,1849,1.2816,1.8623,45.3105493133583,45.3105493133583,mixed_batch
514,"[219, 219, 219, 219, 219, 219, 219, 219, 219, 219, 219, 219]",12,2628,758,0.35553333333333337,0.72748,104.61653853365833,104.61653853365833,mixed_batch
515,"[204, 204, 204, 204, 204]",5,1020,456,0.2525666666666667,0.4224,67.24297215256695,67.24297215256695,mixed_batch
516,"[1332, 1332, 1332, 1332, 1332, 1332, 1332, 1332]",8,10656,3767,2.4143999999999997,4.0862,69.24287607687212,69.24287607687212,mixed_batch
517,"[860, 860, 860, 860, 860, 860, 860, 860]",8,6880,2432,1.3656333333333335,2.4890800000000004,82.26561546535186,82.26561546535186,mixed_batch
518,[9501],1,9501,9501,10.865939999999998,10.865939999999998,0.0,0.0,single_prefill
519,[1069],1,1069,1069,0.8964400000000001,0.8964400000000001,0.0,0.0,single_prefill
520,"[1623, 1623, 1623, 1623, 1623, 1623, 1623, 1623, 1623, 1623]",10,16230,5132,3.4964333333333335,5.92168,69.36344655982764,69.36344655982764,mixed_batch
521,"[1554, 1554, 1554]",3,4662,2691,1.9767333333333332,2.8091,42.10819196654413,42.10819196654413,mixed_batch
522,[14413],1,14413,14413,19.07082,19.07082,0.0,0.0,single_prefill
523,"[5334, 5334, 5334]",3,16002,9238,8.198766666666668,10.478000000000002,27.799709712436428,27.799709712436428,mixed_batch
524,"[301, 301, 301, 301, 301, 301, 301, 301, 301, 301]",10,3010,951,0.4024,0.9261800000000001,130.1640159045726,130.1640159045726,mixed_batch
525,"[3005, 3005, 3005, 3005, 3005]",5,15025,6719,5.672666666666666,8.207619999999999,44.687154777294616,44.687154777294616,mixed_batch
526,"[1656, 1656, 1656, 1656, 1656, 1656, 1656]",7,11592,4381,2.909066666666667,4.8923000000000005,68.17421395178293,68.17421395178293,mixed_batch
527,"[2541, 2541, 2541, 2541]",4,10164,5082,3.9838,5.81846,46.05301470957377,46.05301470957377,mixed_batch
528,"[2583, 2583, 2583, 2583, 2583]",5,12915,5775,4.6628,6.83746,46.63850047181952,46.63850047181952,mixed_batch
529,"[234, 234, 234, 234, 234, 234, 234]",7,1638,619,0.31183333333333335,0.57982,85.9390700160342,85.9390700160342,mixed_batch
530,"[950, 950, 950]",3,2850,1645,1.1163,1.6318000000000001,46.17934247066201,46.17934247066201,mixed_batch
531,"[6829, 6829]",2,13658,9657,9.8016,11.079180000000003,13.034402546523038,13.034402546523038,mixed_batch
532,"[2338, 2338]",2,4676,3306,2.4088333333333334,3.44748,43.11824534698678,43.11824534698678,mixed_batch
533,"[2838, 2838, 2838, 2838]",4,11352,5676,4.748366666666667,6.67132,40.49715340713648,40.49715340713648,mixed_batch
534,"[138, 138, 138, 138, 138, 138, 138, 138, 138, 138, 138, 138, 138, 138, 138, 138, 138, 138, 138, 138, 138, 138, 138, 138, 138, 138, 138, 138, 138, 138, 138, 138]",32,4416,780,0.4141,0.7496999999999999,81.04322627384687,81.04322627384687,mixed_batch
535,"[99, 99, 99, 99, 99, 99, 99, 99, 99, 99, 99, 99, 99, 99, 99, 99]",16,1584,396,0.1824,0.3515,92.70833333333331,92.70833333333331,mixed_batch
536,"[2765, 2765]",2,5530,3910,3.439,4.26704,24.077929630706592,24.077929630706592,mixed_batch
537,"[506, 506, 506, 506, 506, 506, 506, 506, 506, 506, 506, 506]",12,6072,1752,0.8448666666666667,1.7548000000000001,107.70141245166893,107.70141245166893,mixed_batch
538,"[1665, 1665, 1665, 1665, 1665, 1665, 1665, 1665]",8,13320,4709,3.3247,5.307740000000001,59.645682317201576,59.645682317201576,mixed_batch
539,"[3114, 3114]",2,6228,4403,4.002833333333333,4.90038,22.422783861431494,22.422783861431494,mixed_batch
540,"[691, 691, 691, 691, 691, 691, 691, 691, 691, 691, 691, 691, 691, 691, 691, 691]",16,11056,2764,1.5179999999999998,2.87252,89.2305665349144,89.2305665349144,mixed_batch
541,[3824],1,3824,3824,4.13814,4.13814,0.0,0.0,single_prefill
542,"[3148, 3148, 3148, 3148]",4,12592,6296,5.387466666666667,7.589180000000001,40.86732168489829,40.86732168489829,mixed_batch
543,[6073],1,6073,6073,7.247560000000002,7.247560000000002,0.0,0.0,single_prefill
544,"[3940, 3940]",2,7880,5572,5.353066666666667,6.522540000000001,21.846791870080718,21.846791870080718,mixed_batch
545,[4838],1,4838,4838,5.47958,5.47958,0.0,0.0,single_prefill
546,"[1785, 1785, 1785, 1785]",4,7140,3570,2.5175000000000005,3.83228,52.22562065541207,52.22562065541207,mixed_batch
547,"[7269, 7269]",2,14538,10279,10.440866666666667,12.0412,15.327590940726504,15.327590940726504,mixed_batch
548,"[2232, 2232, 2232]",3,6696,3865,2.5819,4.211880000000001,63.131027537859744,63.131027537859744,mixed_batch
549,"[1436, 1436]",2,2872,2030,1.6226000000000003,2.0493799999999998,26.30223098730429,26.30223098730429,mixed_batch
550,[6429],1,6429,6429,7.7859,7.7859,0.0,0.0,single_prefill
551,"[2379, 2379, 2379, 2379, 2379, 2379]",6,14274,5827,4.490500000000001,6.88026,53.21812715733212,53.21812715733212,mixed_batch
552,"[7496, 7496]",2,14992,10600,10.867533333333334,12.501900000000001,15.038984620858459,15.038984620858459,mixed_batch
553,"[6301, 6301]",2,12602,8910,8.543833333333334,9.9616,16.594034683885067,16.594034683885067,mixed_batch
554,[5093],1,5093,5093,5.230740000000001,5.230740000000001,0.0,0.0,single_prefill
555,"[355, 355, 355, 355, 355, 355, 355, 355, 355, 355, 355, 355, 355, 355, 355, 355, 355, 355, 355, 355, 355, 355, 355, 355, 355, 355, 355, 355, 355, 355, 355, 355]",32,11360,2008,0.9697666666666667,2.03336,109.6751795964665,109.6751795964665,mixed_batch
556,"[462, 462, 462, 462, 462, 462, 462, 462, 462, 462]",10,4620,1460,0.7384999999999999,1.4447,95.62626946513205,95.62626946513205,mixed_batch
557,"[1236, 1236, 1236, 1236, 1236]",5,6180,2763,1.758966666666667,2.8681399999999995,63.05823494854928,63.05823494854928,mixed_batch
558,"[1419, 1419, 1419]",3,4257,2457,1.7850000000000001,2.5374000000000003,42.15126050420169,42.15126050420169,mixed_batch
559,"[358, 358, 358, 358]",4,1432,716,0.4222,0.6939,64.35338702036948,64.35338702036948,mixed_batch
560,"[232, 232, 232, 232, 232, 232, 232, 232, 232, 232, 232, 232, 232, 232, 232, 232, 232, 232, 232, 232, 232, 232, 232, 232, 232, 232, 232, 232, 232, 232, 232, 232]",32,7424,1312,0.5931333333333334,1.3016,119.44475665954815,119.44475665954815,mixed_batch
561,[774],1,774,774,0.7440200000000001,0.7440200000000001,0.0,0.0,single_prefill
562,[15784],1,15784,15784,21.746339999999996,21.746339999999996,0.0,0.0,single_prefill
563,"[363, 363, 363, 363, 363, 363]",6,2178,889,0.40116666666666667,0.8530800000000001,112.6497714997923,112.6497714997923,mixed_batch
564,"[204, 204]",2,408,288,0.1978666666666667,0.294,48.58490566037733,48.58490566037733,mixed_batch
565,"[2962, 2962, 2962]",3,8886,5130,4.4142,5.91666,34.03697159168139,34.03697159168139,mixed_batch
566,[6365],1,6365,6365,7.6456,7.6456,0.0,0.0,single_prefill
567,"[847, 847, 847, 847, 847, 847, 847, 847, 847, 847, 847, 847]",12,10164,2934,1.6464000000000003,3.06548,86.19290573372203,86.19290573372203,mixed_batch
568,[10573],1,10573,10573,12.4846,12.4846,0.0,0.0,single_prefill
569,[1556],1,1556,1556,1.33128,1.33128,0.0,0.0,single_prefill
570,"[4198, 4198]",2,8396,5936,5.803366666666667,7.0485,21.455362117391612,21.455362117391612,mixed_batch
571,"[2679, 2679, 2679, 2679, 2679]",5,13395,5990,4.748033333333334,7.0926,49.379743191918045,49.379743191918045,mixed_batch
572,[16054],1,16054,16054,22.27818,22.27818,0.0,0.0,single_prefill
573,"[298, 298, 298, 298, 298, 298, 298, 298]",8,2384,842,0.3685,0.79468,115.65264586160112,115.65264586160112,mixed_batch
574,"[2630, 2630, 2630, 2630, 2630, 2630]",6,15780,6442,5.182566666666666,7.7965,50.43704213484954,50.43704213484954,mixed_batch
575,[15572],1,15572,15572,21.312820000000002,21.312820000000002,0.0,0.0,single_prefill
576,"[968, 968, 968, 968, 968, 968]",6,5808,2371,1.2026999999999999,2.38996,98.71622183420638,98.71622183420638,mixed_batch
577,[14951],1,14951,14951,20.071119999999997,20.071119999999997,0.0,0.0,single_prefill
578,[8512],1,8512,8512,9.420920000000002,9.420920000000002,0.0,0.0,single_prefill
579,[1721],1,1721,1721,1.7193199999999997,1.7193199999999997,0.0,0.0,single_prefill
580,"[648, 648, 648, 648, 648, 648, 648, 648]",8,5184,1832,1.0271666666666668,1.8491400000000002,80.02336524419925,80.02336524419925,mixed_batch
581,"[2756, 2756, 2756, 2756]",4,11024,5512,4.504300000000001,6.4627,43.478453921808025,43.478453921808025,mixed_batch
582,[12873],1,12873,12873,16.32088,16.32088,0.0,0.0,single_prefill
583,"[1555, 1555, 1555, 1555, 1555]",5,7775,3477,2.0316,3.70846,82.53888560740303,82.53888560740303,mixed_batch
584,[10986],1,10986,10986,13.110679999999999,13.110679999999999,0.0,0.0,single_prefill
585,[12561],1,12561,12561,15.839400000000001,15.839400000000001,0.0,0.0,single_prefill
586,"[1107, 1107, 1107]",3,3321,1917,1.1275,1.88156,66.87893569844789,66.87893569844789,mixed_batch
587,[1921],1,1921,1921,1.9637,1.9637,0.0,0.0,single_prefill
588,"[373, 373, 373, 373, 373, 373, 373]",7,2611,986,0.49766666666666665,0.9564999999999999,92.19691895512389,92.19691895512389,mixed_batch
589,"[926, 926, 926, 926, 926, 926, 926, 926, 926, 926, 926, 926]",12,11112,3207,1.8977,3.42774,80.62602097275649,80.62602097275649,mixed_batch
590,[5256],1,5256,5256,6.10432,6.10432,0.0,0.0,single_prefill
591,"[1561, 1561, 1561, 1561, 1561]",5,7805,3490,2.4056666666666664,3.7631600000000005,56.42898711375922,56.42898711375922,mixed_batch
592,[2413],1,2413,2413,2.4763200000000003,2.4763200000000003,0.0,0.0,single_prefill
593,[9640],1,9640,9640,11.066780000000001,11.066780000000001,0.0,0.0,single_prefill
594,[9098],1,9098,9098,10.278099999999998,10.278099999999998,0.0,0.0,single_prefill
595,"[5612, 5612]",2,11224,7936,7.2087666666666665,8.82042,22.356852536032523,22.356852536032523,mixed_batch
596,"[7292, 7292]",2,14584,10312,10.335466666666667,12.08804,16.95688632024355,16.95688632024355,mixed_batch
597,"[1674, 1674, 1674]",3,5022,2899,1.8490666666666666,3.03602,64.19202480530718,64.19202480530718,mixed_batch
598,"[6900, 6900]",2,13800,9758,9.931166666666666,11.258940000000003,13.369761860808598,13.369761860808598,mixed_batch
599,[16369],1,16369,16369,22.86062,22.86062,0.0,0.0,single_prefill
600,"[1192, 1192, 1192, 1192, 1192, 1192]",6,7152,2919,1.5657333333333336,3.0504199999999995,94.82372477220464,94.82372477220464,mixed_batch
601,[13221],1,13221,13221,16.97912,16.97912,0.0,0.0,single_prefill
602,"[1318, 1318, 1318, 1318, 1318, 1318, 1318, 1318, 1318, 1318]",10,13180,4167,2.283433333333333,4.5551,99.48469410098832,99.48469410098832,mixed_batch
603,[1469],1,1469,1469,1.4483599999999999,1.4483599999999999,0.0,0.0,single_prefill
604,[2970],1,2970,2970,3.13064,3.13064,0.0,0.0,single_prefill
605,"[528, 528, 528, 528, 528, 528, 528, 528, 528, 528, 528, 528, 528, 528, 528, 528]",16,8448,2112,1.1356333333333333,2.1502000000000003,89.33928204526113,89.33928204526113,mixed_batch
606,"[440, 440, 440, 440, 440, 440, 440, 440]",8,3520,1244,0.6432666666666668,1.2147199999999998,88.83614882371225,88.83614882371225,mixed_batch
607,[5496],1,5496,5496,6.36906,6.36906,0.0,0.0,single_prefill
608,[306],1,306,306,0.318,0.318,0.0,0.0,single_prefill
609,[5520],1,5520,5520,6.46494,6.46494,0.0,0.0,single_prefill
610,"[2874, 2874, 2874, 2874]",4,11496,5748,4.7776,6.73886,41.051155391828544,41.051155391828544,mixed_batch
611,[2701],1,2701,2701,2.8216,2.8216,0.0,0.0,single_prefill
612,"[2536, 2536, 2536, 2536]",4,10144,5072,3.979233333333334,5.803240000000001,45.83814302587599,45.83814302587599,mixed_batch
613,[4024],1,4024,4024,4.422000000000001,4.422000000000001,0.0,0.0,single_prefill
614,"[1470, 1470, 1470]",3,4410,2546,1.8342333333333336,2.6123600000000002,42.422447162302134,42.422447162302134,mixed_batch
615,"[3782, 3782]",2,7564,5348,5.100066666666667,6.17712,21.11841675272219,21.11841675272219,mixed_batch
616,[6555],1,6555,6555,7.98814,7.98814,0.0,0.0,single_prefill
617,"[5163, 5163, 5163]",3,15489,8942,8.654566666666668,9.982560000000001,15.344423175433395,15.344423175433395,mixed_batch
618,[9552],1,9552,9552,10.911840000000002,10.911840000000002,0.0,0.0,single_prefill
619,"[2767, 2767, 2767, 2767, 2767]",5,13835,6187,4.231666666666666,7.376860000000001,74.32516738873578,74.32516738873578,mixed_batch
620,"[828, 828, 828, 828, 828, 828, 828, 828, 828, 828, 828, 828]",12,9936,2868,1.606266666666667,3.0059199999999997,87.13704656761014,87.13704656761014,mixed_batch
621,[5720],1,5720,5720,6.70038,6.70038,0.0,0.0,single_prefill
622,"[1882, 1882, 1882, 1882, 1882, 1882, 1882, 1882]",8,15056,5323,3.7757333333333327,6.152980000000001,62.96119076205953,62.96119076205953,mixed_batch
623,"[1240, 1240, 1240, 1240, 1240, 1240, 1240, 1240, 1240, 1240, 1240, 1240]",12,14880,4295,2.6776999999999997,4.7698,78.13048511782502,78.13048511782502,mixed_batch
624,"[3141, 3141, 3141, 3141, 3141]",5,15705,7023,6.029633333333334,8.646220000000001,43.3954524597958,43.3954524597958,mixed_batch
625,"[89, 89, 89, 89]",4,356,178,0.0961,0.16964,76.52445369406868,76.52445369406868,mixed_batch
626,"[4105, 4105]",2,8210,5805,5.715466666666666,6.8494399999999995,19.840432977184722,19.840432977184722,mixed_batch
627,"[52, 52, 52, 52, 52, 52, 52, 52, 52, 52, 52, 52, 52, 52, 52, 52, 52, 52, 52, 52]",20,1040,232,0.1156,0.22084,91.03806228373705,91.03806228373705,mixed_batch
628,"[3321, 3321, 3321]",3,9963,5752,5.014,6.742699999999999,34.477463103310704,34.477463103310704,mixed_batch
629,[1028],1,1028,1028,1.01242,1.01242,0.0,0.0,single_prefill
630,"[5094, 5094, 5094]",3,15282,8823,8.594133333333334,11.609140000000002,35.08214906292667,35.08214906292667,mixed_batch
631,"[1382, 1382, 1382, 1382, 1382]",5,6910,3090,2.0031,3.274400000000001,63.466626728570766,63.466626728570766,mixed_batch
632,"[2446, 2446, 2446, 2446]",4,9784,4892,3.8959333333333332,5.57712,43.152346891630586,43.152346891630586,mixed_batch
633,[183],1,183,183,0.17368,0.17368,0.0,0.0,single_prefill
634,[9992],1,9992,9992,11.625440000000001,11.625440000000001,0.0,0.0,single_prefill
635,"[1134, 1134, 1134, 1134]",4,4536,2268,1.2411333333333334,2.2722200000000004,83.07622065853792,83.07622065853792,mixed_batch
636,"[1052, 1052, 1052, 1052, 1052, 1052, 1052]",7,7364,2783,1.7001000000000002,2.89698,70.4005646726663,70.4005646726663,mixed_batch
637,[10179],1,10179,10179,11.873140000000001,11.873140000000001,0.0,0.0,single_prefill
638,"[571, 571, 571, 571, 571, 571, 571, 571, 571, 571, 571, 571, 571, 571, 571, 571]",16,9136,2284,1.0091333333333334,2.2927,127.19495276474859,127.19495276474859,mixed_batch
639,"[4137, 4137]",2,8274,5850,5.7595,6.9055800000000005,19.898949561593895,19.898949561593895,mixed_batch
640,"[4004, 4004, 4004, 4004]",4,16016,8008,7.617399999999999,8.75222,14.8977341350067,14.8977341350067,mixed_batch
641,"[1975, 1975, 1975, 1975, 1975, 1975]",6,11850,4837,2.9627333333333334,5.47748,84.87927814405616,84.87927814405616,mixed_batch
642,"[2978, 2978, 2978, 2978, 2978]",5,14890,6659,5.646066666666667,8.155460000000001,44.44498234759303,44.44498234759303,mixed_batch
643,[3422],1,3422,3422,3.64862,3.64862,0.0,0.0,single_prefill
644,"[2225, 2225, 2225, 2225, 2225]",5,11125,4975,3.774366666666667,5.655659999999999,49.84394732891167,49.84394732891167,mixed_batch
645,[13664],1,13664,13664,17.663860000000003,17.663860000000003,0.0,0.0,single_prefill
646,[1442],1,1442,1442,1.30574,1.30574,0.0,0.0,single_prefill
647,"[7123, 7123]",2,14246,10073,11.366866666666667,11.740960000000001,3.2910857873468604,3.2910857873468604,mixed_batch
648,"[858, 858, 858, 858, 858, 858, 858, 858, 858, 858, 858, 858, 858, 858, 858, 858]",16,13728,3432,1.6431333333333336,3.65346,122.34714163995615,122.34714163995615,mixed_batch
649,[9096],1,9096,9096,10.45068,10.45068,0.0,0.0,single_prefill
650,"[913, 913, 913, 913, 913, 913, 913, 913, 913, 913]",10,9130,2887,1.6999333333333333,3.02306,77.834032707165,77.834032707165,mixed_batch
651,"[911, 911, 911, 911, 911, 911]",6,5466,2231,1.3488666666666667,2.27008,68.29535906687096,68.29535906687096,mixed_batch
652,"[104, 104, 104, 104, 104, 104, 104]",7,728,275,0.14706666666666668,0.28052000000000005,90.74342701722577,90.74342701722577,mixed_batch
653,[15575],1,15575,15575,21.270960000000002,21.270960000000002,0.0,0.0,single_prefill
654,"[8160, 8160]",2,16320,11539,12.191933333333333,14.096160000000001,15.618742447191872,15.618742447191872,mixed_batch
655,"[2262, 2262, 2262, 2262]",4,9048,4524,2.9859999999999998,5.078200000000001,70.06697923643674,70.06697923643674,mixed_batch
656,[520],1,520,520,0.48175999999999997,0.48175999999999997,0.0,0.0,single_prefill
657,"[2099, 2099, 2099, 2099]",4,8396,4198,3.1575333333333333,4.6324,46.70945674893903,46.70945674893903,mixed_batch
658,"[4776, 4776, 4776]",3,14328,8272,8.392333333333335,10.691840000000001,27.4000873813401,27.4000873813401,mixed_batch
659,"[342, 342, 342, 342]",4,1368,684,0.4073333333333333,0.6521600000000001,60.104746317512294,60.104746317512294,mixed_batch
660,"[1559, 1559, 1559, 1559, 1559, 1559, 1559]",7,10913,4124,2.8108666666666666,4.56224,62.307236202357515,62.307236202357515,mixed_batch
661,[14873],1,14873,14873,19.99376,19.99376,0.0,0.0,single_prefill
662,"[1474, 1474, 1474, 1474, 1474, 1474, 1474, 1474, 1474, 1474]",10,14740,4661,2.7585333333333333,5.26306,90.79196674561362,90.79196674561362,mixed_batch
663,"[1870, 1870, 1870]",3,5610,3238,2.4352333333333336,3.4517,41.74001122411267,41.74001122411267,mixed_batch
664,[12181],1,12181,12181,15.18964,15.18964,0.0,0.0,single_prefill
665,"[5416, 5416, 5416]",3,16248,9380,8.4448,11.14734,32.0024156877605,32.0024156877605,mixed_batch
666,[3367],1,3367,3367,3.6078400000000004,3.6078400000000004,0.0,0.0,single_prefill
667,"[2964, 2964, 2964]",3,8892,5133,4.404233333333334,5.92116,34.442468231322884,34.442468231322884,mixed_batch
668,"[4072, 4072, 4072]",3,12216,7052,6.645566666666667,8.702119999999999,30.94624486499769,30.94624486499769,mixed_batch
669,"[424, 424]",2,848,599,0.44346666666666656,0.56018,26.318400481058358,26.318400481058358,mixed_batch
670,"[1563, 1563, 1563, 1563, 1563, 1563, 1563, 1563, 1563, 1563]",10,15630,4942,3.4237,5.625940000000001,64.32339282063266,64.32339282063266,mixed_batch
671,[13807],1,13807,13807,17.897920000000006,17.897920000000006,0.0,0.0,single_prefill
672,[10845],1,10845,10845,13.366679999999999,13.366679999999999,0.0,0.0,single_prefill
673,"[2957, 2957, 2957, 2957, 2957]",5,14785,6612,4.7411666666666665,8.03024,69.37265792526452,69.37265792526452,mixed_batch
674,"[1136, 1136, 1136, 1136]",4,4544,2272,1.4592666666666667,2.3142400000000003,58.589245739869355,58.589245739869355,mixed_batch
675,"[365, 365, 365, 365, 365, 365, 365, 365, 365, 365, 365, 365, 365, 365, 365, 365, 365, 365, 365, 365, 365, 365, 365, 365, 365, 365, 365, 365, 365, 365, 365, 365]",32,11680,2064,0.9837,2.0983799999999997,113.31503507166816,113.31503507166816,mixed_batch
676,"[1406, 1406, 1406, 1406, 1406]",5,7030,3143,2.0242999999999998,3.3215600000000003,64.08437484562567,64.08437484562567,mixed_batch
677,"[5186, 5186, 5186]",3,15558,8982,9.414433333333333,11.32418,20.28530660369008,20.28530660369008,mixed_batch
678,"[452, 452, 452, 452, 452, 452, 452, 452, 452, 452, 452, 452]",12,5424,1565,0.7521333333333333,1.56368,107.89930863322105,107.89930863322105,mixed_batch
679,[16114],1,16114,16114,22.312060000000002,22.312060000000002,0.0,0.0,single_prefill
680,[650],1,650,650,0.60694,0.60694,0.0,0.0,single_prefill
681,"[2610, 2610, 2610, 2610, 2610, 2610]",6,15660,6393,5.160333333333334,7.67762,48.781474064982866,48.781474064982866,mixed_batch
682,"[7210, 7210]",2,14420,10196,12.019466666666666,13.95332,16.08934395314268,16.08934395314268,mixed_batch
683,"[3907, 3907, 3907]",3,11721,6767,6.3211,8.25798,30.641502270174488,30.641502270174488,mixed_batch
684,"[7732, 7732]",2,15464,10934,11.851433333333334,15.525220000000001,30.998669640521676,30.998669640521676,mixed_batch
685,"[1761, 1761, 1761, 1761, 1761, 1761, 1761, 1761]",8,14088,4980,3.4340333333333333,5.6627600000000005,64.90113666145739,64.90113666145739,mixed_batch
686,[12876],1,12876,12876,16.325619999999997,16.325619999999997,0.0,0.0,single_prefill
687,[14164],1,14164,14164,18.60246,18.60246,0.0,0.0,single_prefill
688,"[1653, 1653, 1653, 1653, 1653, 1653, 1653]",7,11571,4373,2.580366666666667,4.889819999999999,89.50097531358588,89.50097531358588,mixed_batch
689,"[1326, 1326, 1326, 1326, 1326, 1326, 1326]",7,9282,3508,2.2484666666666664,3.7709599999999996,67.71251519554067,67.71251519554067,mixed_batch
690,[3060],1,3060,3060,3.2130199999999993,3.2130199999999993,0.0,0.0,single_prefill
691,"[7437, 7437]",2,14874,10517,12.719733333333334,13.419760000000002,5.503469674416664,5.503469674416664,mixed_batch
692,"[940, 940, 940, 940, 940, 940]",6,5640,2302,1.3771666666666669,2.3377,69.74706523054577,69.74706523054577,mixed_batch
693,"[3684, 3684, 3684, 3684]",4,14736,7368,6.6546666666666665,9.2229,38.59296734121418,38.59296734121418,mixed_batch
694,"[2330, 2330, 2330, 2330, 2330]",5,11650,5210,4.044266666666667,5.9793199999999995,47.84682843201896,47.84682843201896,mixed_batch
695,"[7705, 7705]",2,15410,10896,13.0138,15.493320000000002,19.05300527132738,19.05300527132738,mixed_batch
696,[4732],1,4732,4732,5.306780000000001,5.306780000000001,0.0,0.0,single_prefill
697,[10537],1,10537,10537,14.476140000000001,14.476140000000001,0.0,0.0,single_prefill
698,"[160, 160, 160, 160, 160, 160, 160, 160, 160, 160]",10,1600,505,0.24379999999999996,0.47094,93.16652994257592,93.16652994257592,mixed_batch
699,"[2281, 2281, 2281, 2281, 2281]",5,11405,5100,3.8342333333333327,5.83128,52.08464099733108,52.08464099733108,mixed_batch
700,[8751],1,8751,8751,11.520900000000001,11.520900000000001,0.0,0.0,single_prefill
701,[3562],1,3562,3562,3.8220799999999997,3.8220799999999997,0.0,0.0,single_prefill
702,"[754, 754, 754, 754, 754]",5,3770,1685,0.9724333333333334,1.69434,74.23713707880573,74.23713707880573,mixed_batch
703,"[921, 921]",2,1842,1302,1.0057666666666667,1.29312,28.570576343088195,28.570576343088195,mixed_batch
704,"[658, 658, 658, 658, 658]",5,3290,1471,0.8736333333333333,1.45258,66.26883894845284,66.26883894845284,mixed_batch
705,"[3878, 3878]",2,7756,5484,5.2938,6.35874,20.116740337753598,20.116740337753598,mixed_batch
706,"[139, 139, 139, 139, 139]",5,695,310,0.18496666666666667,0.32168,73.91241665164895,73.91241665164895,mixed_batch
707,"[3293, 3293, 3293]",3,9879,5703,4.992533333333333,6.69102,34.02053733575473,34.02053733575473,mixed_batch
708,"[1728, 1728, 1728]",3,5184,2992,2.2188000000000003,3.1466399999999997,41.817198485667895,41.817198485667895,mixed_batch
709,"[4271, 4271]",2,8542,6040,5.985333333333333,7.2126199999999985,20.504900868790354,20.504900868790354,mixed_batch
710,"[5681, 5681]",2,11362,8034,8.766733333333333,9.99532,14.01419000615965,14.01419000615965,mixed_batch
711,"[2715, 2715, 2715]",3,8145,4702,3.770333333333334,5.2916,40.348333480682484,40.348333480682484,mixed_batch
712,[190],1,190,190,0.1803,0.1803,0.0,0.0,single_prefill
713,[8550],1,8550,8550,10.54246,10.54246,0.0,0.0,single_prefill
714,"[3180, 3180, 3180]",3,9540,5507,4.261833333333333,6.4584,51.5404168784952,51.5404168784952,mixed_batch
715,"[2278, 2278, 2278, 2278, 2278]",5,11390,5093,3.831366666666667,5.82788,52.10969105889108,52.10969105889108,mixed_batch
716,"[5233, 5233, 5233]",3,15699,9063,9.452133333333332,11.95106,26.43770013118733,26.43770013118733,mixed_batch
717,"[2570, 2570, 2570]",3,7710,4451,3.680133333333333,4.96492,34.911416253034325,34.911416253034325,mixed_batch
718,"[2322, 2322]",2,4644,3283,2.8186666666666667,3.4854600000000007,23.65633869441819,23.65633869441819,mixed_batch
719,"[35, 35, 35, 35, 35, 35, 35, 35, 35, 35, 35, 35, 35, 35, 35, 35, 35, 35, 35, 35, 35, 35, 35, 35]",24,840,171,0.10143333333333333,0.16416000000000003,61.84028918830104,61.84028918830104,mixed_batch
720,"[502, 502, 502, 502, 502, 502]",6,3012,1229,0.6511333333333333,1.20236,84.65649636531177,84.65649636531177,mixed_batch
721,[15535],1,15535,15535,21.24958,21.24958,0.0,0.0,single_prefill
722,"[1621, 1621, 1621, 1621]",4,6484,3242,1.9192999999999998,3.2927799999999996,71.56150679935392,71.56150679935392,mixed_batch
723,"[234, 234, 234, 234, 234, 234]",6,1404,573,0.29966666666666664,0.53464,78.41156840934373,78.41156840934373,mixed_batch
724,"[4363, 4363]",2,8726,6170,6.186633333333333,7.42424,20.00452588645414,20.00452588645414,mixed_batch
725,[14345],1,14345,14345,19.016259999999996,19.016259999999996,0.0,0.0,single_prefill
726,"[2879, 2879, 2879, 2879]",4,11516,5758,4.032900000000001,6.744340000000001,67.233008505046,67.233008505046,mixed_batch
727,"[5133, 5133]",2,10266,7259,7.6836666666666655,8.98692,16.96134657932412,16.96134657932412,mixed_batch
728,"[1301, 1301, 1301, 1301, 1301, 1301, 1301, 1301]",8,10408,3679,2.3091666666666666,3.9688600000000003,71.87412486466981,71.87412486466981,mixed_batch
729,"[1712, 1712, 1712, 1712, 1712, 1712, 1712, 1712]",8,13696,4842,3.373133333333333,5.4802800000000005,62.46852580192505,62.46852580192505,mixed_batch
730,"[1175, 1175, 1175, 1175, 1175, 1175, 1175, 1175, 1175, 1175, 1175, 1175]",12,14100,4070,2.5964666666666667,4.459899999999999,71.76804375176519,71.76804375176519,mixed_batch
731,[4168],1,4168,4168,4.5966000000000005,4.5966000000000005,0.0,0.0,single_prefill
732,[13995],1,13995,13995,18.317259999999997,18.317259999999997,0.0,0.0,single_prefill
733,"[5541, 5541]",2,11082,7836,7.156766666666667,8.81408,23.157291700628313,23.157291700628313,mixed_batch
734,[1535],1,1535,1535,1.50918,1.50918,0.0,0.0,single_prefill
735,[4014],1,4014,4014,4.408040000000001,4.408040000000001,0.0,0.0,single_prefill
736,"[360, 360, 360, 360, 360, 360, 360, 360, 360, 360]",10,3600,1138,0.5475000000000001,1.113,103.28767123287668,103.28767123287668,mixed_batch
737,"[184, 184]",2,368,260,0.17099999999999999,0.26336,54.011695906432756,54.011695906432756,mixed_batch
738,[15477],1,15477,15477,21.05502,21.05502,0.0,0.0,single_prefill
739,"[1101, 1101, 1101]",3,3303,1906,1.1235333333333333,1.9188000000000003,70.78264997329856,70.78264997329856,mixed_batch
740,"[85, 85, 85, 85, 85, 85, 85, 85]",8,680,240,0.12940000000000002,0.23356000000000005,80.49459041731068,80.49459041731068,mixed_batch
741,[12775],1,12775,12775,16.130640000000003,16.130640000000003,0.0,0.0,single_prefill
742,[860],1,860,860,0.7107,0.7107,0.0,0.0,single_prefill
743,"[330, 330, 330, 330, 330, 330]",6,1980,808,0.43463333333333337,0.7749199999999999,78.29281386609401,78.29281386609401,mixed_batch
744,"[2071, 2071, 2071, 2071, 2071]",5,10355,4630,3.4638666666666666,5.226979999999999,50.90015012125176,50.90015012125176,mixed_batch
745,[2127],1,2127,2127,2.1601799999999995,2.1601799999999995,0.0,0.0,single_prefill
746,[2581],1,2581,2581,2.67906,2.67906,0.0,0.0,single_prefill
747,"[2727, 2727, 2727]",3,8181,4723,3.9422000000000006,5.31322,34.778042717264455,34.778042717264455,mixed_batch
748,"[537, 537, 537, 537, 537, 537, 537, 537, 537, 537, 537, 537]",12,6444,1860,0.9840666666666668,1.8734199999999999,90.37531332565541,90.37531332565541,mixed_batch
749,[11214],1,11214,11214,13.513320000000002,13.513320000000002,0.0,0.0,single_prefill
750,"[2100, 2100, 2100, 2100]",4,8400,4200,2.6719333333333335,4.58424,71.57014895581227,71.57014895581227,mixed_batch
751,"[2021, 2021, 2021]",3,6063,3500,2.662166666666667,3.7669000000000006,41.497527076942355,41.497527076942355,mixed_batch
752,"[1217, 1217, 1217, 1217, 1217, 1217, 1217, 1217, 1217, 1217]",10,12170,3848,2.401933333333334,4.21282,75.39287795942153,75.39287795942153,mixed_batch
753,"[117, 117]",2,234,165,0.0954,0.15854,66.18448637316561,66.18448637316561,mixed_batch
754,"[1115, 1115, 1115, 1115]",4,4460,2230,1.4394000000000002,2.2710800000000004,57.779630401556204,57.779630401556204,mixed_batch
755,"[438, 438, 438, 438, 438, 438, 438]",7,3066,1158,0.6095333333333334,1.1385999999999998,86.79864377119102,86.79864377119102,mixed_batch
756,"[1551, 1551]",2,3102,2193,1.7649666666666668,2.24096,26.968970141079136,26.968970141079136,mixed_batch
757,"[500, 500, 500]",3,1500,866,0.5546666666666666,0.83332,50.237980769230774,50.237980769230774,mixed_batch
758,[11987],1,11987,11987,14.80138,14.80138,0.0,0.0,single_prefill
759,[391],1,391,391,0.29216000000000003,0.29216000000000003,0.0,0.0,single_prefill
760,"[4414, 4414]",2,8828,6242,6.238199999999999,7.47048,19.75377512744063,19.75377512744063,mixed_batch
761,"[5790, 5790]",2,11580,8188,9.030833333333334,9.47486,4.916785088124011,4.916785088124011,mixed_batch
762,"[152, 152, 152, 152, 152, 152, 152, 152, 152, 152]",10,1520,480,0.20906666666666668,0.44308000000000003,111.93239795918369,111.93239795918369,mixed_batch
763,[12216],1,12216,12216,15.20224,15.20224,0.0,0.0,single_prefill
764,[14907],1,14907,14907,20.00856,20.00856,0.0,0.0,single_prefill
765,"[1526, 1526, 1526]",3,4578,2643,1.611,2.6085200000000004,61.91930477964001,61.91930477964001,mixed_batch
766,"[1833, 1833, 1833]",3,5499,3174,2.400433333333334,3.34682,39.42565925596765,39.42565925596765,mixed_batch
767,"[573, 573, 573, 573]",4,2292,1146,0.6925333333333333,1.11628,61.18790912591451,61.18790912591451,mixed_batch
768,"[959, 959, 959, 959, 959, 959, 959, 959, 959, 959, 959, 959, 959, 959, 959, 959]",16,15344,3836,2.2891333333333335,4.14624,81.12706409995046,81.12706409995046,mixed_batch
769,"[2080, 2080, 2080, 2080, 2080]",5,10400,4651,3.4656666666666665,5.24302,51.28460132730594,51.28460132730594,mixed_batch
770,"[1247, 1247, 1247, 1247, 1247, 1247, 1247, 1247, 1247, 1247]",10,12470,3943,2.434766666666667,4.29846,76.54504880686717,76.54504880686717,mixed_batch
771,[4085],1,4085,4085,4.46466,4.46466,0.0,0.0,single_prefill
772,"[801, 801, 801, 801, 801, 801, 801, 801, 801, 801, 801, 801, 801, 801, 801, 801]",16,12816,3204,1.8666666666666667,3.42378,83.41678571428571,83.41678571428571,mixed_batch
773,"[49, 49]",2,98,69,0.045566666666666665,0.06233999999999999,36.81053401609363,36.81053401609363,mixed_batch
774,"[1785, 1785, 1785]",3,5355,3091,2.2728333333333333,3.2733000000000003,44.01847913764026,44.01847913764026,mixed_batch
775,"[3111, 3111]",2,6222,4399,3.9955,4.89904,22.61394068326869,22.61394068326869,mixed_batch
776,"[323, 323, 323, 323, 323, 323, 323, 323, 323, 323, 323, 323, 323, 323, 323, 323]",16,5168,1292,0.6233666666666666,1.29104,107.10764130260415,107.10764130260415,mixed_batch
777,"[650, 650, 650, 650, 650, 650, 650, 650, 650, 650]",10,6500,2055,1.1412666666666667,2.0930999999999997,83.40148373152635,83.40148373152635,mixed_batch
778,[12304],1,12304,12304,15.394500000000003,15.394500000000003,0.0,0.0,single_prefill
779,"[343, 343]",2,686,485,0.30363333333333337,0.42153999999999997,38.83192447030407,38.83192447030407,mixed_batch
780,"[1061, 1061, 1061, 1061, 1061, 1061, 1061, 1061]",8,8488,3000,1.817166666666667,3.1566599999999996,73.7132899202054,73.7132899202054,mixed_batch
781,[1673],1,1673,1673,1.68248,1.68248,0.0,0.0,single_prefill
782,"[1140, 1140, 1140, 1140, 1140, 1140]",6,6840,2792,1.6842666666666666,2.90294,72.3563172894237,72.3563172894237,mixed_batch
783,"[856, 856, 856, 856, 856]",5,4280,1914,1.1403666666666668,1.91358,67.80392271491624,67.80392271491624,mixed_batch
784,"[982, 982, 982, 982, 982, 982, 982, 982, 982, 982, 982, 982, 982, 982, 982, 982]",16,15712,3928,2.3327,4.28268,83.59326102799332,83.59326102799332,mixed_batch
785,"[4951, 4951]",2,9902,7001,7.238566666666668,8.37128,15.648309748246644,15.648309748246644,mixed_batch
786,"[81, 81, 81, 81, 81, 81, 81, 81, 81, 81, 81, 81, 81, 81, 81, 81, 81, 81, 81, 81, 81, 81, 81, 81, 81, 81, 81, 81, 81, 81, 81, 81]",32,2592,458,0.22146666666666665,0.42084,90.02408187838653,90.02408187838653,mixed_batch
787,"[428, 428, 428, 428, 428, 428, 428, 428, 428, 428, 428, 428, 428, 428, 428, 428]",16,6848,1712,0.8610666666666666,1.7162,99.31093217714462,99.31093217714462,mixed_batch
788,"[4537, 4537, 4537]",3,13611,7858,7.779733333333333,9.971,28.1663467471036,28.1663467471036,mixed_batch
789,"[7737, 7737]",2,15474,10941,11.612300000000001,13.088759999999999,12.714621565064608,12.714621565064608,mixed_batch
790,"[4595, 4595, 4595]",3,13785,7958,6.588066666666667,8.89926,35.08151101486525,35.08151101486525,mixed_batch
791,"[1734, 1734]",2,3468,2452,1.6992666666666665,2.5315000000000003,48.9760288752011,48.9760288752011,mixed_batch
792,"[861, 861, 861, 861, 861, 861, 861, 861]",8,6888,2435,1.3638666666666666,2.5233,85.01075373936847,85.01075373936847,mixed_batch
793,[1507],1,1507,1507,1.4864000000000002,1.4864000000000002,0.0,0.0,single_prefill
794,"[697, 697, 697, 697, 697, 697, 697]",7,4879,1844,1.0220333333333333,1.85698,81.69466096996184,81.69466096996184,mixed_batch
795,[13779],1,13779,13779,17.880679999999998,17.880679999999998,0.0,0.0,single_prefill
796,[12483],1,12483,12483,15.647380000000002,15.647380000000002,0.0,0.0,single_prefill
797,[1261],1,1261,1261,1.06116,1.06116,0.0,0.0,single_prefill
798,[10866],1,10866,10866,12.9218,12.9218,0.0,0.0,single_prefill
799,"[510, 510, 510, 510, 510, 510, 510]",7,3570,1349,0.5919000000000001,1.3015400000000004,119.89187362730193,119.89187362730193,mixed_batch
800,[6302],1,6302,6302,7.604560000000001,7.604560000000001,0.0,0.0,single_prefill
801,[15905],1,15905,15905,21.99568,21.99568,0.0,0.0,single_prefill
802,"[6174, 6174]",2,12348,8731,9.560233333333333,9.7352,1.8301505890721084,1.8301505890721084,mixed_batch
803,"[2194, 2194, 2194, 2194, 2194, 2194]",6,13164,5374,3.4649333333333336,6.17572,78.23488667410628,78.23488667410628,mixed_batch
804,"[312, 312, 312, 312, 312]",5,1560,697,0.3896333333333334,0.6667799999999999,71.1301223372401,71.1301223372401,mixed_batch
805,"[4794, 4794]",2,9588,6779,6.963566666666667,8.21584,17.983217412532845,17.983217412532845,mixed_batch
806,"[5756, 5756]",2,11512,8140,8.7225,8.86744,1.6616795643450852,1.6616795643450852,mixed_batch
807,[4304],1,4304,4304,4.77528,4.77528,0.0,0.0,single_prefill
808,"[1475, 1475, 1475, 1475, 1475, 1475]",6,8850,3612,2.3827,3.90322,63.81499979015405,63.81499979015405,mixed_batch
809,"[599, 599, 599]",3,1797,1037,0.6786333333333333,1.0231800000000002,50.7706665356845,50.7706665356845,mixed_batch
810,"[4182, 4182]",2,8364,5914,5.776533333333333,7.040960000000001,21.88902225094638,21.88902225094638,mixed_batch
811,"[118, 118, 118, 118, 118, 118, 118, 118, 118, 118, 118, 118, 118, 118, 118, 118]",16,1888,472,0.20749999999999996,0.438,111.08433734939763,111.08433734939763,mixed_batch
812,[8606],1,8606,8606,9.541540000000001,9.541540000000001,0.0,0.0,single_prefill
813,"[2729, 2729, 2729, 2729, 2729]",5,13645,6102,4.2015,7.26358,72.88063786742829,72.88063786742829,mixed_batch
814,"[257, 257]",2,514,363,0.26053333333333334,0.38917999999999997,49.378198567041956,49.378198567041956,mixed_batch
815,[3796],1,3796,3796,4.127160000000001,4.127160000000001,0.0,0.0,single_prefill
816,[11428],1,11428,11428,13.90586,13.90586,0.0,0.0,single_prefill
817,"[2958, 2958, 2958]",3,8874,5123,3.7324666666666664,5.90534,58.21547859324486,58.21547859324486,mixed_batch
818,"[963, 963, 963]",3,2889,1667,1.1379,1.68012,47.65093593461642,47.65093593461642,mixed_batch
819,"[4984, 4984, 4984]",3,14952,8632,8.706199999999999,10.044419999999999,15.370885116353861,15.370885116353861,mixed_batch
820,[16016],1,16016,16016,22.22322,22.22322,0.0,0.0,single_prefill
821,"[2286, 2286, 2286]",3,6858,3959,2.6279000000000003,4.317740000000001,64.30381673579664,64.30381673579664,mixed_batch
822,"[289, 289, 289, 289, 289, 289, 289, 289, 289, 289, 289, 289, 289, 289, 289, 289]",16,4624,1156,0.5669666666666667,1.13778,100.67846434240695,100.67846434240695,mixed_batch
823,"[1996, 1996, 1996, 1996, 1996, 1996, 1996]",7,13972,5280,3.820966666666666,6.10322,59.729736803077785,59.729736803077785,mixed_batch
824,"[1453, 1453, 1453, 1453, 1453, 1453]",6,8718,3559,2.3567,3.8243999999999994,62.27776127636099,62.27776127636099,mixed_batch
825,[12523],1,12523,12523,15.688060000000002,15.688060000000002,0.0,0.0,single_prefill
826,"[281, 281]",2,562,397,0.24806666666666666,0.33336,34.38323031443161,34.38323031443161,mixed_batch
827,"[1614, 1614, 1614, 1614, 1614, 1614, 1614]",7,11298,4270,2.868633333333333,4.74564,65.43208728895294,65.43208728895294,mixed_batch
828,"[3419, 3419, 3419]",3,10257,5921,5.253633333333334,7.0460400000000005,34.11746791109644,34.11746791109644,mixed_batch
829,"[852, 852, 852, 852, 852, 852, 852, 852]",8,6816,2409,1.3585,2.467,81.59735001840265,81.59735001840265,mixed_batch
830,"[2239, 2239, 2239]",3,6717,3878,3.0472666666666663,4.24342,39.25331991511521,39.25331991511521,mixed_batch
831,"[1948, 1948, 1948, 1948, 1948]",5,9740,4355,3.179266666666667,4.89102,53.84113736920463,53.84113736920463,mixed_batch
832,"[782, 782]",2,1564,1105,0.8493666666666666,1.0815800000000002,27.3395863584632,27.3395863584632,mixed_batch
833,"[4225, 4225, 4225]",3,12675,7317,7.133800000000001,8.73638,22.464605119291253,22.464605119291253,mixed_batch
834,[12554],1,12554,12554,15.817060000000001,15.817060000000001,0.0,0.0,single_prefill
835,"[565, 565, 565, 565, 565, 565, 565, 565, 565, 565]",10,5650,1786,0.7951333333333335,1.75416,120.61205667812523,120.61205667812523,mixed_batch
836,"[1706, 1706, 1706, 1706, 1706]",5,8530,3814,2.6698999999999997,4.13584,54.906176261283214,54.906176261283214,mixed_batch
837,"[3222, 3222, 3222, 3222, 3222]",5,16110,7204,6.339666666666666,8.98706,41.75918818024082,41.75918818024082,mixed_batch
838,"[233, 233, 233, 233, 233, 233, 233, 233, 233, 233, 233, 233, 233, 233, 233, 233, 233, 233, 233, 233, 233, 233, 233, 233, 233, 233, 233, 233, 233, 233, 233, 233]",32,7456,1318,0.5944,1.3060800000000001,119.73082099596233,119.73082099596233,mixed_batch
839,"[4558, 4558]",2,9116,6445,6.500466666666666,7.80524,20.071994831140344,20.071994831140344,mixed_batch
840,[7799],1,7799,7799,9.61722,9.61722,0.0,0.0,single_prefill
841,[7483],1,7483,7483,9.24434,9.24434,0.0,0.0,single_prefill
842,[14657],1,14657,14657,19.53462,19.53462,0.0,0.0,single_prefill
843,[8562],1,8562,8562,9.433119999999999,9.433119999999999,0.0,0.0,single_prefill
844,"[149, 149, 149, 149]",4,596,298,0.156,0.30902,98.0897435897436,98.0897435897436,mixed_batch
845,"[3271, 3271]",2,6542,4625,4.237966666666667,5.22902,23.38511393042261,23.38511393042261,mixed_batch
846,"[3020, 3020]",2,6040,4270,3.838166666666666,4.74536,23.636110990490266,23.636110990490266,mixed_batch
847,"[7483, 7483]",2,14966,10582,10.828,12.49684,15.412264499445893,15.412264499445893,mixed_batch
848,"[1507, 1507, 1507, 1507, 1507, 1507, 1507, 1507, 1507, 1507]",10,15070,4765,2.6413333333333333,5.41924,105.1706208985361,105.1706208985361,mixed_batch
849,"[6516, 6516]",2,13032,9215,10.2175,10.36534,1.446929287986302,1.446929287986302,mixed_batch
850,"[2051, 2051, 2051]",3,6153,3552,2.361933333333334,3.8206,61.757317451804994,61.757317451804994,mixed_batch
851,"[2766, 2766, 2766, 2766]",4,11064,5532,4.5124,6.47358,43.46201577874301,43.46201577874301,mixed_batch
852,[6527],1,6527,6527,7.86474,7.86474,0.0,0.0,single_prefill
853,"[1508, 1508, 1508]",3,4524,2611,1.8721,2.7050600000000005,44.493349714224685,44.493349714224685,mixed_batch
854,"[273, 273, 273]",3,819,472,0.3092,0.4404,42.43208279430791,42.43208279430791,mixed_batch
855,[2327],1,2327,2327,2.38954,2.38954,0.0,0.0,single_prefill
856,[4535],1,4535,4535,5.08352,5.08352,0.0,0.0,single_prefill
857,"[1900, 1900, 1900, 1900, 1900, 1900, 1900, 1900]",8,15200,5374,3.7937666666666674,6.197419999999999,63.35796438016742,63.35796438016742,mixed_batch
858,[9080],1,9080,9080,10.183259999999999,10.183259999999999,0.0,0.0,single_prefill
859,"[7003, 7003]",2,14006,9903,9.801166666666667,11.460080000000001,16.925672113864003,16.925672113864003,mixed_batch
860,"[4702, 4702]",2,9404,6649,5.703,7.873520000000001,38.05926705242856,38.05926705242856,mixed_batch
861,[9527],1,9527,9527,10.88692,10.88692,0.0,0.0,single_prefill
862,[1515],1,1515,1515,1.2841799999999999,1.2841799999999999,0.0,0.0,single_prefill
863,[8496],1,8496,8496,9.37716,9.37716,0.0,0.0,single_prefill
864,[6906],1,6906,6906,7.387919999999999,7.387919999999999,0.0,0.0,single_prefill
865,"[2696, 2696, 2696, 2696, 2696, 2696]",6,16176,6603,5.429933333333333,8.02614,47.81286449189065,47.81286449189065,mixed_batch
866,"[747, 747, 747, 747, 747, 747, 747, 747]",8,5976,2112,1.1419000000000001,2.1520799999999998,88.46483930291615,88.46483930291615,mixed_batch
867,[10446],1,10446,10446,12.27862,12.27862,0.0,0.0,single_prefill
868,[5202],1,5202,5202,5.32978,5.32978,0.0,0.0,single_prefill
869,"[325, 325, 325, 325]",4,1300,650,0.38980000000000004,0.6257400000000002,60.52847614161112,60.52847614161112,mixed_batch
870,"[75, 75, 75]",3,225,129,0.0703,0.13196000000000002,87.70981507823615,87.70981507823615,mixed_batch
871,"[3743, 3743, 3743, 3743]",4,14972,7486,6.930333333333334,8.577740000000002,23.770958587850526,23.770958587850526,mixed_batch
872,"[758, 758, 758]",3,2274,1312,0.7722,1.28554,66.47759647759646,66.47759647759646,mixed_batch
873,"[1719, 1719, 1719, 1719, 1719, 1719, 1719]",7,12033,4548,3.1483,5.107,62.214528475685306,62.214528475685306,mixed_batch
874,"[1317, 1317, 1317, 1317, 1317, 1317, 1317]",7,9219,3484,2.237366666666667,3.7546799999999996,67.816927638146,67.816927638146,mixed_batch
875,"[3175, 3175, 3175]",3,9525,5499,4.742500000000001,6.379199999999999,34.51133368476538,34.51133368476538,mixed_batch
876,"[423, 423, 423, 423, 423, 423, 423]",7,2961,1119,0.5952333333333334,1.0958999999999999,84.11267290138316,84.11267290138316,mixed_batch
877,"[1427, 1427, 1427, 1427, 1427]",5,7135,3190,2.153,3.3670400000000007,56.388295401765006,56.388295401765006,mixed_batch
878,"[7493, 7493]",2,14986,10596,10.862866666666667,12.505980000000001,15.125964294262415,15.125964294262415,mixed_batch
879,"[239, 239]",2,478,337,0.20043333333333332,0.33934000000000003,69.30317645102281,69.30317645102281,mixed_batch
880,"[5404, 5404]",2,10808,7642,8.212733333333333,8.724160000000001,6.227240626344482,6.227240626344482,mixed_batch
881,[1864],1,1864,1864,1.86688,1.86688,0.0,0.0,single_prefill
882,[6179],1,6179,6179,7.42474,7.42474,0.0,0.0,single_prefill
883,[11462],1,11462,11462,13.9168,13.9168,0.0,0.0,single_prefill
884,[5442],1,5442,5442,5.66014,5.66014,0.0,0.0,single_prefill
885,"[1133, 1133, 1133]",3,3399,1962,1.3395333333333332,1.9910000000000003,48.63385258547757,48.63385258547757,mixed_batch
886,"[619, 619, 619, 619, 619, 619, 619]",7,4333,1637,0.8706333333333334,1.6336000000000002,87.63352348864812,87.63352348864812,mixed_batch
887,[9603],1,9603,9603,11.043700000000001,11.043700000000001,0.0,0.0,single_prefill
888,"[1325, 1325, 1325, 1325, 1325]",5,6625,2962,1.6511333333333333,3.1052,88.06476359672143,88.06476359672143,mixed_batch
889,"[3918, 3918]",2,7836,5540,5.3218,6.484100000000001,21.840354767184056,21.840354767184056,mixed_batch
890,"[1875, 1875, 1875, 1875, 1875, 1875, 1875]",7,13125,4960,3.505,5.64126,60.94893009985734,60.94893009985734,mixed_batch
891,[16201],1,16201,16201,22.540039999999998,22.540039999999998,0.0,0.0,single_prefill
892,"[6860, 6860]",2,13720,9701,9.540566666666667,11.114320000000001,16.495386367686066,16.495386367686066,mixed_batch
893,"[4365, 4365, 4365]",3,13095,7560,6.279833333333333,8.2023,30.613338995196248,30.613338995196248,mixed_batch
894,[6829],1,6829,6829,8.103959999999999,8.103959999999999,0.0,0.0,single_prefill
895,"[94, 94, 94, 94, 94, 94]",6,564,230,0.11893333333333334,0.21698,82.4383408071749,82.4383408071749,mixed_batch
896,"[1077, 1077]",2,2154,1523,1.1716333333333335,1.50616,28.552163646191897,28.552163646191897,mixed_batch
897,[14626],1,14626,14626,19.519019999999998,19.519019999999998,0.0,0.0,single_prefill
898,"[1562, 1562, 1562, 1562, 1562, 1562, 1562, 1562, 1562, 1562]",10,15620,4939,2.878966666666667,5.62308,95.31591195915199,95.31591195915199,mixed_batch
899,"[650, 650, 650, 650, 650, 650, 650, 650, 650, 650, 650, 650]",12,7800,2251,1.2515000000000003,2.29054,83.02357171394323,83.02357171394323,mixed_batch
900,"[152, 152]",2,304,214,0.1355,0.20256000000000002,49.49077490774908,49.49077490774908,mixed_batch
901,"[128, 128, 128, 128, 128, 128, 128, 128, 128, 128]",10,1280,404,0.18996666666666667,0.36238000000000004,90.75978241796808,90.75978241796808,mixed_batch
902,[14116],1,14116,14116,18.55306,18.55306,0.0,0.0,single_prefill
903,"[185, 185, 185, 185, 185, 185, 185, 185, 185, 185, 185, 185, 185, 185, 185, 185]",16,2960,740,0.29156666666666664,0.6908000000000001,136.9269463816166,136.9269463816166,mixed_batch
904,[2371],1,2371,2371,2.4334200000000004,2.4334200000000004,0.0,0.0,single_prefill
905,"[2255, 2255]",2,4510,3189,2.6918333333333337,3.3618200000000003,24.889604358863217,24.889604358863217,mixed_batch
906,"[1513, 1513, 1513, 1513, 1513, 1513, 1513, 1513]",8,12104,4279,2.7909,4.758280000000001,70.49267261456879,70.49267261456879,mixed_batch
907,"[388, 388, 388, 388, 388, 388, 388, 388, 388, 388, 388, 388, 388, 388, 388, 388, 388, 388, 388, 388]",20,7760,1735,0.9207333333333333,1.73902,88.87336181304758,88.87336181304758,mixed_batch
908,"[472, 472, 472, 472, 472, 472, 472, 472, 472, 472]",10,4720,1492,0.7484333333333333,1.47078,96.51449694918274,96.51449694918274,mixed_batch
909,[4744],1,4744,4744,5.38858,5.38858,0.0,0.0,single_prefill
910,"[2938, 2938]",2,5876,4154,3.6730999999999994,4.58234,24.754022487816858,24.754022487816858,mixed_batch
911,[8258],1,8258,8258,9.32158,9.32158,0.0,0.0,single_prefill
912,[6726],1,6726,6726,7.382600000000001,7.382600000000001,0.0,0.0,single_prefill
913,"[1258, 1258, 1258, 1258, 1258, 1258, 1258]",7,8806,3328,2.0429666666666666,3.5273200000000005,72.65675733002662,72.65675733002662,mixed_batch
914,"[4122, 4122, 4122]",3,12366,7139,6.864233333333334,8.60326,25.334608866248722,25.334608866248722,mixed_batch
915,"[2325, 2325]",2,4650,3288,2.809766666666667,3.4916000000000005,24.266546451069487,24.266546451069487,mixed_batch
916,"[1323, 1323, 1323, 1323, 1323, 1323, 1323]",7,9261,3500,2.243933333333333,3.7648,67.7768204640661,67.7768204640661,mixed_batch
917,"[1095, 1095, 1095, 1095, 1095, 1095, 1095, 1095, 1095, 1095]",10,10950,3462,2.0860666666666665,3.7323399999999998,78.91758013486306,78.91758013486306,mixed_batch
918,"[351, 351, 351, 351, 351, 351, 351, 351, 351, 351, 351, 351, 351, 351, 351, 351, 351, 351, 351, 351, 351, 351, 351, 351]",24,8424,1719,0.8104333333333333,1.71902,112.11121622177436,112.11121622177436,mixed_batch
919,[12100],1,12100,12100,14.98524,14.98524,0.0,0.0,single_prefill
920,"[1344, 1344, 1344, 1344, 1344, 1344, 1344, 1344, 1344, 1344]",10,13440,4250,2.3014,4.715860000000001,104.91266185799952,104.91266185799952,mixed_batch
921,"[2152, 2152]",2,4304,3043,2.531566666666667,3.19876,26.354958062859613,26.354958062859613,mixed_batch
922,"[5260, 5260]",2,10520,7438,7.944766666666668,9.3047,17.117347687995856,17.117347687995856,mixed_batch
923,[2853],1,2853,2853,2.99176,2.99176,0.0,0.0,single_prefill
924,"[1329, 1329, 1329, 1329, 1329]",5,6645,2971,1.9453,3.1371,61.26561455816585,61.26561455816585,mixed_batch
925,"[1672, 1672, 1672]",3,5016,2895,2.167666666666667,3.0332600000000007,39.93203137013688,39.93203137013688,mixed_batch
926,"[2659, 2659, 2659, 2659, 2659]",5,13295,5945,4.7343,7.05218,48.95929704496968,48.95929704496968,mixed_batch
927,"[176, 176, 176, 176, 176, 176, 176, 176, 176, 176, 176, 176, 176, 176, 176, 176]",16,2816,704,0.3293333333333333,0.6758,105.20242914979757,105.20242914979757,mixed_batch
928,"[38, 38, 38, 38, 38, 38, 38, 38, 38, 38, 38, 38, 38, 38, 38, 38, 38, 38, 38, 38, 38, 38, 38, 38, 38, 38, 38, 38, 38, 38, 38, 38]",32,1216,214,0.12456666666666667,0.20216000000000003,62.29060743912231,62.29060743912231,mixed_batch
929,"[3323, 3323, 3323, 3323]",4,13292,6646,5.734933333333333,8.06578,40.642960104156984,40.642960104156984,mixed_batch
930,"[1797, 1797, 1797, 1797, 1797, 1797]",6,10782,4401,3.158333333333334,4.903219999999999,55.247071240105484,55.247071240105484,mixed_batch
931,[11650],1,11650,11650,14.2888,14.2888,0.0,0.0,single_prefill
932,[4965],1,4965,4965,5.04782,5.04782,0.0,0.0,single_prefill
933,"[1879, 1879, 1879, 1879, 1879, 1879, 1879]",7,13153,4971,3.5091666666666668,5.64834,60.95958204701971,60.95958204701971,mixed_batch
934,[7413],1,7413,7413,8.76836,8.76836,0.0,0.0,single_prefill
935,"[2503, 2503, 2503]",3,7509,4335,3.4481333333333337,4.791900000000001,38.97084412822398,38.97084412822398,mixed_batch
936,"[5166, 5166, 5166]",3,15498,8947,8.9967,9.98418,10.976024542332183,10.976024542332183,mixed_batch
937,"[459, 459, 459, 459, 459, 459, 459, 459, 459, 459, 459, 459, 459, 459, 459, 459]",16,7344,1836,0.7805000000000002,1.8159999999999996,132.67136450992942,132.67136450992942,mixed_batch
938,"[1583, 1583, 1583, 1583]",4,6332,3166,2.211466666666667,3.34256,51.146750271313145,51.146750271313145,mixed_batch
939,"[4681, 4681]",2,9362,6619,6.728233333333333,8.042179999999998,19.528851060456667,19.528851060456667,mixed_batch
940,"[2010, 2010, 2010, 2010, 2010, 2010, 2010]",7,14070,5317,3.831433333333334,6.15622,60.67668322559876,60.67668322559876,mixed_batch
941,"[1192, 1192, 1192, 1192, 1192, 1192, 1192, 1192]",8,9536,3371,2.1020333333333334,3.60664,71.57863021518847,71.57863021518847,mixed_batch
942,[12993],1,12993,12993,16.54314,16.54314,0.0,0.0,single_prefill
943,"[6275, 6275]",2,12550,8874,8.510200000000001,9.928439999999998,16.665178256680186,16.665178256680186,mixed_batch
944,"[973, 973, 973, 973, 973, 973, 973, 973, 973, 973, 973, 973]",12,11676,3370,1.8384333333333334,3.607580000000001,96.23121135749646,96.23121135749646,mixed_batch
945,"[7828, 7828]",2,15656,11070,13.059033333333335,14.762319999999999,13.042976636861814,13.042976636861814,mixed_batch
946,"[2173, 2173, 2173, 2173]",4,8692,4346,3.2113666666666667,4.809780000000001,49.77361663258636,49.77361663258636,mixed_batch
947,"[3186, 3186, 3186, 3186]",4,12744,6372,5.4215333333333335,7.65116,41.12538888137427,41.12538888137427,mixed_batch
948,"[3580, 3580]",2,7160,5062,4.7074,5.794020000000001,23.08323065811278,23.08323065811278,mixed_batch
949,[12534],1,12534,12534,15.688939999999999,15.688939999999999,0.0,0.0,single_prefill
950,"[1562, 1562, 1562, 1562, 1562, 1562]",6,9372,3826,2.2098666666666666,4.10388,85.70713165198505,85.70713165198505,mixed_batch
951,[7555],1,7555,7555,9.12492,9.12492,0.0,0.0,single_prefill
952,[4037],1,4037,4037,4.43634,4.43634,0.0,0.0,single_prefill
953,[6516],1,6516,6516,7.861880000000001,7.861880000000001,0.0,0.0,single_prefill
954,"[1434, 1434, 1434, 1434]",4,5736,2868,1.9791999999999998,3.0079000000000002,51.97554567502023,51.97554567502023,mixed_batch
955,"[756, 756, 756, 756, 756, 756, 756, 756, 756, 756, 756, 756, 756, 756, 756, 756, 756, 756, 756, 756]",20,15120,3380,1.8273333333333333,3.619180000000001,98.05800802626786,98.05800802626786,mixed_batch
956,"[1909, 1909, 1909, 1909]",4,7636,3818,2.7401999999999997,4.1374200000000005,50.98970878038103,50.98970878038103,mixed_batch
957,"[1932, 1932, 1932, 1932, 1932, 1932, 1932]",7,13524,5111,3.749766666666667,5.8343,55.59101455201656,55.59101455201656,mixed_batch
958,"[7790, 7790]",2,15580,11016,11.442866666666669,13.24848,15.779379293067572,15.779379293067572,mixed_batch
959,"[1577, 1577, 1577, 1577]",4,6308,3154,1.8787666666666667,3.2422400000000002,72.57278711211256,72.57278711211256,mixed_batch
960,"[996, 996, 996, 996, 996, 996, 996, 996, 996, 996, 996, 996, 996, 996, 996, 996]",16,15936,3984,2.3492333333333333,4.38416,86.62088340877165,86.62088340877165,mixed_batch
961,[7346],1,7346,7346,9.06674,9.06674,0.0,0.0,single_prefill
962,"[6390, 6390]",2,12780,9036,9.353433333333333,10.1375,8.382661625142989,8.382661625142989,mixed_batch
963,[5467],1,5467,5467,5.82584,5.82584,0.0,0.0,single_prefill
964,"[777, 777, 777, 777, 777, 777, 777]",7,5439,2055,1.1947333333333334,2.0953600000000003,75.38307014117517,75.38307014117517,mixed_batch
965,"[1777, 1777, 1777, 1777, 1777, 1777]",6,10662,4352,2.978366666666667,4.81408,61.63490056070998,61.63490056070998,mixed_batch
966,[3938],1,3938,3938,4.2938600000000005,4.2938600000000005,0.0,0.0,single_prefill
967,"[1161, 1161, 1161, 1161, 1161, 1161, 1161]",7,8127,3071,1.9413666666666667,3.2177,65.74406346044881,65.74406346044881,mixed_batch
968,[9069],1,9069,9069,10.158919999999998,10.158919999999998,0.0,0.0,single_prefill
969,"[1716, 1716, 1716, 1716]",4,6864,3432,2.0769333333333333,3.66438,76.43223984079091,76.43223984079091,mixed_batch
970,"[1159, 1159, 1159, 1159, 1159, 1159, 1159, 1159, 1159, 1159, 1159, 1159]",12,13908,4014,2.5793333333333335,4.40164,70.65029723442751,70.65029723442751,mixed_batch
971,[12672],1,12672,12672,15.921479999999999,15.921479999999999,0.0,0.0,single_prefill
972,"[1988, 1988, 1988, 1988, 1988, 1988]",6,11928,4869,2.9799333333333338,5.531580000000001,85.62764267656995,85.62764267656995,mixed_batch
973,"[234, 234, 234, 234, 234, 234, 234, 234, 234, 234, 234, 234, 234, 234, 234, 234, 234, 234, 234, 234, 234, 234, 234, 234, 234, 234, 234, 234, 234, 234, 234, 234]",32,7488,1323,0.5949333333333333,1.3059800000000001,119.51703272075305,119.51703272075305,mixed_batch
974,"[2579, 2579, 2579, 2579, 2579]",5,12895,5766,4.648666666666668,6.82502,46.81672164061376,46.81672164061376,mixed_batch
975,"[3673, 3673]",2,7346,5194,4.8939,5.980039999999999,22.19375140481004,22.19375140481004,mixed_batch
976,"[2386, 2386, 2386, 2386]",4,9544,4772,3.7025000000000006,5.414440000000001,46.23740715732613,46.23740715732613,mixed_batch
977,[5018],1,5018,5018,5.75812,5.75812,0.0,0.0,single_prefill
978,"[1997, 1997, 1997, 1997, 1997, 1997]",6,11982,4891,3.5374000000000003,5.5754600000000005,57.61463221575168,57.61463221575168,mixed_batch
979,"[1228, 1228, 1228, 1228, 1228, 1228, 1228, 1228, 1228, 1228, 1228, 1228]",12,14736,4253,2.667433333333333,4.72184,77.01810729415297,77.01810729415297,mixed_batch
980,[6788],1,6788,6788,8.36224,8.36224,0.0,0.0,single_prefill
981,"[1709, 1709, 1709, 1709, 1709, 1709, 1709]",7,11963,4521,3.1376999999999997,5.07464,61.73120438537782,61.73120438537782,mixed_batch
982,"[278, 278, 278, 278, 278, 278]",6,1668,680,0.37443333333333334,0.6491200000000001,73.36063384670172,73.36063384670172,mixed_batch
983,"[3931, 3931]",2,7862,5559,5.340299999999999,6.506819999999999,21.843716645132304,21.843716645132304,mixed_batch
984,"[1823, 1823]",2,3646,2578,2.1157333333333335,2.67736,26.545248298462315,26.545248298462315,mixed_batch
985,[15966],1,15966,15966,22.03292,22.03292,0.0,0.0,single_prefill
986,"[72, 72, 72, 72, 72, 72, 72, 72, 72, 72, 72, 72]",12,864,249,0.11213333333333335,0.22602000000000003,101.56361474435197,101.56361474435197,mixed_batch
987,"[260, 260, 260, 260, 260, 260, 260]",7,1820,687,0.3741,0.6538,74.76610531943334,74.76610531943334,mixed_batch
988,"[2049, 2049, 2049]",3,6147,3548,2.7780666666666667,3.8150400000000007,37.327157975570564,37.327157975570564,mixed_batch
989,[9259],1,9259,9259,10.484039999999998,10.484039999999998,0.0,0.0,single_prefill
990,"[3210, 3210, 3210]",3,9630,5559,4.152500000000001,6.495780000000001,56.43058398555086,56.43058398555086,mixed_batch
991,"[1631, 1631, 1631, 1631, 1631]",5,8155,3647,2.4712,3.946920000000001,59.716736808028514,59.716736808028514,mixed_batch
992,"[1068, 1068, 1068, 1068, 1068, 1068, 1068, 1068, 1068, 1068, 1068, 1068]",12,12816,3699,2.2573666666666665,3.97886,76.26113022548398,76.26113022548398,mixed_batch
993,"[4085, 4085, 4085, 4085]",4,16340,8170,7.700233333333332,9.736040000000001,26.438246460064008,26.438246460064008,mixed_batch
994,[15194],1,15194,15194,20.54262,20.54262,0.0,0.0,single_prefill
995,[784],1,784,784,0.6584,0.6584,0.0,0.0,single_prefill
996,"[6561, 6561]",2,13122,9278,9.713733333333334,10.502380000000002,8.118883230615094,8.118883230615094,mixed_batch
997,[1500],1,1500,1500,1.2769800000000002,1.2769800000000002,0.0,0.0,single_prefill
998,"[166, 166, 166, 166, 166, 166, 166, 166, 166, 166, 166, 166, 166, 166, 166, 166, 166, 166, 166, 166]",20,3320,742,0.35183333333333333,0.7124600000000001,102.49928943628615,102.49928943628615,mixed_batch
999,"[2203, 2203]",2,4406,3115,2.6386000000000003,3.2977800000000004,24.982187523686804,24.982187523686804,mixed_batch
1000,"[1349, 1349, 1349, 1349, 1349, 1349, 1349, 1349]",8,10792,3815,2.4380333333333337,4.134259999999999,69.57356339125793,69.57356339125793,mixed_batch
