test_case,prefill_lengths,batch_size,total_tokens,equivalent_length,actual_time_ms,estimated_time_ms,error_percent,abs_error_percent,test_type
1,"[192, 345, 622, 1119]",4,2278,1339,1.1850333333333336,1.31668,11.109110854828256,11.109110854828256,mixed_batch
2,"[128, 2816]",2,2944,2818,2.921033333333333,2.9586,1.2860745626547865,1.2860745626547865,mixed_batch
3,"[384, 384, 384, 384, 384, 384, 384, 384]",8,3072,1086,0.5294,1.06068,100.35511900264453,100.35511900264453,mixed_batch
4,"[64, 192, 320, 448, 576]",5,1600,822,0.6242666666666666,0.7839200000000001,25.57454079453227,25.57454079453227,mixed_batch
5,"[48, 48, 1280]",3,1376,1281,1.252133333333333,1.2657399999999999,1.0866787349590115,1.0866787349590115,mixed_batch
6,"[128, 128, 128, 192, 192, 192, 768]",7,1728,865,0.7903666666666667,0.82758,4.708363206950359,4.708363206950359,mixed_batch
7,"[80, 80, 80, 80, 2816]",5,3136,2820,2.943866666666666,2.96096,0.5806422392318669,0.5806422392318669,mixed_batch
8,"[48, 3072]",2,3120,3072,3.2202666666666664,3.218379999999999,-0.05858728055650092,0.05858728055650092,mixed_batch
9,"[192, 256, 320, 384, 448, 512]",6,2112,902,0.5876,0.8773799999999999,49.31586113002041,49.31586113002041,mixed_batch
10,"[128, 160, 192, 224, 256, 288]",6,1248,526,0.33866666666666667,0.48662,43.68700787401574,43.68700787401574,mixed_batch
11,"[32, 32, 32, 32, 32, 32, 32, 32, 32, 32, 32, 32, 32, 32, 32, 32, 32, 32, 32, 32]",20,640,143,0.08453333333333334,0.1411,66.91640378548895,66.91640378548895,mixed_batch
12,"[1165, 1552]",2,2717,1940,1.7007666666666665,1.9596,15.218626893753806,15.218626893753806,mixed_batch
13,"[768, 768]",2,1536,1086,0.8036666666666668,1.05926,31.80340107839071,31.80340107839071,mixed_batch
14,"[96, 96, 96, 96, 96, 1280]",6,1760,1297,1.2768666666666668,1.2805,0.28455072312430074,0.28455072312430074,mixed_batch
15,"[16, 16, 16, 16, 1792]",5,1856,1792,1.7864666666666669,1.7714200000000002,-0.8422584617681075,0.8422584617681075,mixed_batch
16,"[64, 64, 64, 2560]",4,2752,2562,2.638366666666667,2.6636800000000003,0.9594319718007253,0.9594319718007253,mixed_batch
17,"[80, 80, 3072]",3,3232,3074,3.2343666666666673,3.2625599999999997,0.8716801846832166,0.8716801846832166,mixed_batch
18,"[64, 128, 192]",3,384,239,0.22579999999999995,0.23146,2.5066430469442227,2.5066430469442227,mixed_batch
19,"[32, 96, 160, 224]",4,512,293,0.22943333333333332,0.30616000000000004,33.44181316286505,33.44181316286505,mixed_batch
20,"[96, 96, 96, 96, 2560]",5,2944,2567,2.6489000000000003,2.66906,0.7610706330929718,0.7610706330929718,mixed_batch
21,"[48, 1536]",2,1584,1536,1.5121666666666669,1.50106,-0.7344869392703727,0.7344869392703727,mixed_batch
22,"[568, 632, 664]",3,1864,1078,0.7429666666666668,1.0545000000000002,41.93099735295438,41.93099735295438,mixed_batch
23,"[16, 28, 51]",3,95,60,0.04726666666666667,0.05192000000000001,9.844851904090273,9.844851904090273,mixed_batch
24,"[112, 112, 2816]",3,3040,2820,2.937733333333333,2.961,0.7919938274406608,0.7919938274406608,mixed_batch
25,"[64, 128]",2,192,143,0.10076666666666667,0.14128000000000002,40.20509427720808,40.20509427720808,mixed_batch
26,"[96, 240, 600]",3,936,653,0.6068666666666667,0.6262399999999999,3.1923541689552746,3.1923541689552746,mixed_batch
27,"[96, 1536]",2,1632,1538,1.5212666666666668,1.52664,0.35321442657433916,0.35321442657433916,mixed_batch
28,"[32, 32, 32, 32, 2304]",5,2432,2304,2.3628666666666662,2.3308000000000004,-1.3571085969020318,1.3571085969020318,mixed_batch
29,"[192, 345, 622]",3,1159,736,0.6350666666666667,0.7087,11.594583245853453,11.594583245853453,mixed_batch
30,"[48, 48, 48, 48, 48, 2304]",6,2544,2306,2.3586666666666667,2.3707800000000008,0.513566986998336,0.513566986998336,mixed_batch
31,"[632, 1304]",2,1936,1449,1.3381999999999998,1.42392,6.405619488865659,6.405619488865659,mixed_batch
32,"[48, 144, 432]",3,624,457,0.4282333333333333,0.4218,-1.502296255935228,1.502296255935228,mixed_batch
33,"[384, 416, 448, 480]",4,1728,866,0.55,0.8295399999999999,50.82545454545452,50.82545454545452,mixed_batch
34,"[16, 16, 16, 16, 2560]",5,2624,2560,2.639966666666667,2.6254000000000004,-0.5517746436192356,0.5517746436192356,mixed_batch
35,"[384, 480, 576, 672, 768]",5,2880,1323,0.9020666666666667,1.30314,44.46160668095484,44.46160668095484,mixed_batch
36,"[256, 384, 512, 768, 1024]",5,2944,1453,1.1345,1.4289200000000002,25.951520493609532,25.951520493609532,mixed_batch
37,"[16, 32, 48, 80, 128, 208]",6,512,263,0.21283333333333335,0.26852,26.16444792482379,26.16444792482379,mixed_batch
38,"[128, 230, 414, 746]",4,1518,892,0.7771000000000001,0.85268,9.725904002058918,9.725904002058918,mixed_batch
39,"[128, 153, 184]",3,465,271,0.1861,0.27525999999999995,47.90972595378827,47.90972595378827,mixed_batch
40,"[64, 64, 64, 128, 128, 128, 192, 192, 192]",9,1152,414,0.2451,0.36834,50.281517747858004,50.281517747858004,mixed_batch
41,"[256, 384, 512, 640]",4,1792,940,0.6897666666666668,0.90966,31.879379500314105,31.879379500314105,mixed_batch
42,"[80, 2816]",2,2896,2817,2.9231,2.9565200000000003,1.143306763367673,1.143306763367673,mixed_batch
43,"[96, 128, 160, 192]",4,576,296,0.2035333333333333,0.30886,51.74909924664269,51.74909924664269,mixed_batch
44,"[128, 192, 256, 320, 384]",5,1280,607,0.4225666666666667,0.5677399999999999,34.355131340222414,34.355131340222414,mixed_batch
45,"[128, 128, 128, 1280]",4,1664,1299,1.2666333333333333,1.2816800000000002,1.1879259980525967,1.1879259980525967,mixed_batch
46,"[112, 112, 112, 112, 112, 2560]",6,3120,2572,2.658266666666667,2.6707199999999998,0.46847569845009623,0.46847569845009623,mixed_batch
47,"[64, 115, 207, 373, 671, 1209]",6,2639,1453,1.3112,1.42902,8.985661989017697,8.985661989017697,mixed_batch
48,"[64, 64, 64, 64, 1792]",5,2048,1796,1.7926666666666669,1.8043400000000003,0.6511714391967324,0.6511714391967324,mixed_batch
49,"[48, 48, 48, 1792]",4,1936,1793,1.7917,1.80058,0.49561868616397825,0.49561868616397825,mixed_batch
50,"[128, 128, 128, 128, 2560]",5,3072,2572,2.655033333333334,2.66978,0.5554230329813569,0.5554230329813569,mixed_batch
51,"[32, 32]",2,64,45,0.03553333333333334,0.0417,17.354596622889286,17.354596622889286,mixed_batch
52,"[16, 16, 1024]",3,1056,1024,0.9954333333333333,0.98608,-0.9396242842313222,0.9396242842313222,mixed_batch
53,"[192, 768]",2,960,791,0.7542000000000001,0.75768,0.46141607000794577,0.46141607000794577,mixed_batch
54,"[664, 1016, 1432]",3,3112,1877,1.6028333333333336,1.87398,16.916709992721206,16.916709992721206,mixed_batch
55,"[256, 288, 320, 352, 384, 416]",6,2016,833,0.5023,0.7998399999999999,59.23551662353174,59.23551662353174,mixed_batch
56,"[192, 768, 768]",3,1728,1102,0.8180000000000002,1.0787400000000003,31.875305623471885,31.875305623471885,mixed_batch
57,"[96, 160, 224]",3,480,291,0.22223333333333334,0.30304000000000003,36.361181940902966,36.361181940902966,mixed_batch
58,"[112, 112, 112, 112, 1536]",5,1984,1552,1.5364666666666669,1.54138,0.31978131644030255,0.31978131644030255,mixed_batch
59,"[384, 384, 384, 384, 384, 384, 384]",7,2688,1015,0.5085333333333334,0.98178,93.06109071840585,93.06109071840585,mixed_batch
60,"[32, 57, 103, 186, 335]",5,713,402,0.35316666666666674,0.35528,0.5983954695610886,0.5983954695610886,mixed_batch
61,"[64, 160, 256, 352]",4,832,468,0.37413333333333326,0.43323999999999996,15.798289379900224,15.798289379900224,mixed_batch
62,"[128, 384, 640, 896, 1152]",5,3200,1644,1.2878333333333334,1.6238,26.087744273327278,26.087744273327278,mixed_batch
63,"[488, 1016]",2,1504,1127,1.0186,1.0946399999999998,7.465148242686029,7.465148242686029,mixed_batch
64,"[96, 96, 2304]",3,2496,2307,2.351066666666667,2.3746,1.0009641014007666,1.0009641014007666,mixed_batch
65,"[16, 16, 2560]",3,2592,2560,2.6321,2.62662,-0.20819877664222217,0.20819877664222217,mixed_batch
66,"[48, 48, 1024]",3,1120,1026,1.0008000000000004,1.0057800000000001,0.4976019184652039,0.4976019184652039,mixed_batch
67,"[64, 320, 576]",3,960,662,0.5839666666666667,0.6348,8.704834750841933,8.704834750841933,mixed_batch
68,"[32, 32, 32, 32, 2816]",5,2944,2816,2.9324333333333334,2.91596,-0.5617632682754938,0.5617632682754938,mixed_batch
69,"[32, 70, 154, 340, 749]",5,1345,840,0.7674666666666667,0.8068399999999999,5.13029881862402,5.13029881862402,mixed_batch
70,"[128, 192, 1536]",3,1856,1553,1.5301666666666667,1.54378,0.8896634353556205,0.8896634353556205,mixed_batch
71,"[64, 64, 64, 64, 64]",5,320,143,0.06773333333333334,0.14072,107.75590551181102,107.75590551181102,mixed_batch
72,"[64, 76, 92, 110, 132, 159]",6,633,270,0.1893666666666667,0.27671999999999997,46.129202605175095,46.129202605175095,mixed_batch
73,"[365, 461, 759, 790]",4,2375,1243,0.8987666666666669,1.20972,34.597782145903594,34.597782145903594,mixed_batch
74,"[128, 128, 128, 128, 1536]",5,2048,1557,1.5367333333333333,1.5451599999999999,0.5483493123942507,0.5483493123942507,mixed_batch
75,"[192, 256, 320, 384, 448]",5,1600,743,0.5008333333333332,0.7142200000000001,42.60632279534114,42.60632279534114,mixed_batch
76,"[32, 288, 544]",3,864,616,0.5568666666666667,0.57672,3.5651861606608297,3.5651861606608297,mixed_batch
77,"[128, 128, 2560]",3,2816,2566,2.6446,2.6645600000000003,0.7547455191711487,0.7547455191711487,mixed_batch
78,[64],1,64,64,0.054180000000000006,0.054180000000000006,0.0,0.0,single_prefill
79,"[16, 16, 16, 16, 16, 1024]",6,1104,1024,1.0065,0.9833399999999999,-2.3010432190760133,2.3010432190760133,mixed_batch
80,"[96, 2560]",2,2656,2561,2.6271,2.6590599999999993,1.2165505690685288,1.2165505690685288,mixed_batch
81,"[421, 424, 1130]",3,1975,1278,1.1764,1.2366800000000002,5.124107446446816,5.124107446446816,mixed_batch
82,"[256, 512]",2,768,572,0.5103,0.53148,4.150499706055257,4.150499706055257,mixed_batch
83,"[48, 48, 48, 48, 2816]",5,3008,2817,2.9335999999999998,2.9584599999999996,0.8474229615489461,0.8474229615489461,mixed_batch
84,"[32, 32, 32, 3072]",4,3168,3072,3.229966666666667,3.2156599999999997,-0.4429354276102065,0.4429354276102065,mixed_batch
85,"[64, 3072]",2,3136,3072,3.2295333333333334,3.21738,-0.37631855995706687,0.37631855995706687,mixed_batch
86,"[192, 1536]",2,1728,1547,1.5225333333333333,1.5375599999999998,0.9869515719414915,0.9869515719414915,mixed_batch
87,[1024],1,1024,1024,0.9840200000000001,0.9840200000000001,0.0,0.0,single_prefill
88,"[16, 16, 3072]",3,3104,3072,3.2257999999999996,3.2168599999999996,-0.27714055428110695,0.27714055428110695,mixed_batch
89,"[64, 64, 64, 128, 128, 128, 192, 192, 192, 256, 256, 256]",12,1920,607,0.33730000000000004,0.56714,68.14112066409722,68.14112066409722,mixed_batch
90,"[128, 192, 256, 384]",4,960,515,0.4037333333333334,0.4744,17.503302509907513,17.503302509907513,mixed_batch
91,"[64, 96, 128]",3,288,172,0.10473333333333334,0.16432000000000002,56.89369828134946,56.89369828134946,mixed_batch
92,"[568, 808, 1096]",3,2472,1475,1.2102,1.4495,19.77359114196001,19.77359114196001,mixed_batch
93,"[128, 192, 512, 512, 768]",5,2112,1080,0.8248333333333335,1.05668,28.108304708021798,28.108304708021798,mixed_batch
94,[384],1,384,384,0.41251999999999994,0.41251999999999994,0.0,0.0,single_prefill
95,"[1024, 1024]",2,2048,1448,1.0860666666666665,1.4237600000000001,31.09324166717823,31.09324166717823,mixed_batch
96,"[80, 80, 80, 2304]",4,2544,2308,2.3547666666666673,2.37376,0.806590886570468,0.806590886570468,mixed_batch
97,"[16, 1536]",2,1552,1536,1.5146,1.4995399999999999,-0.9943219331836837,0.9943219331836837,mixed_batch
98,"[32, 32, 32, 32, 1280]",5,1408,1281,1.2544,1.26554,0.8880739795918488,0.8880739795918488,mixed_batch
99,"[640, 640, 640, 640]",4,2560,1280,0.7625666666666667,1.2380799999999996,62.356952397604516,62.356952397604516,mixed_batch
100,"[256, 448, 640, 832, 1024]",5,3200,1554,1.1686,1.5420800000000001,31.9596097894917,31.9596097894917,mixed_batch
101,[1536],1,1536,1536,1.50092,1.50092,0.0,0.0,single_prefill
102,"[16, 16, 16, 16, 3072]",5,3136,3072,3.230666666666667,3.2218199999999997,-0.27383408997113085,0.27383408997113085,mixed_batch
103,"[112, 112, 112, 112, 112, 1536]",6,2096,1556,1.5399000000000003,1.5435400000000001,0.23637898564840995,0.23637898564840995,mixed_batch
104,"[16, 16, 16, 16, 1024]",5,1088,1024,1.0052333333333332,0.98328,-2.183904234506068,2.183904234506068,mixed_batch
105,"[80, 80, 1024]",3,1184,1030,0.9989999999999999,1.01256,1.3573573573573592,1.3573573573573592,mixed_batch
106,"[64, 64, 2560]",3,2688,2561,2.6359,2.65756,0.8217307181607889,0.8217307181607889,mixed_batch
107,"[80, 2048]",2,2128,2049,2.0606999999999998,2.07932,0.9035764546028197,0.9035764546028197,mixed_batch
108,"[64, 64, 64, 128, 256, 384]",6,960,491,0.4049666666666667,0.45377999999999996,12.053666968474754,12.053666968474754,mixed_batch
109,"[112, 112, 112, 112, 1024]",5,1472,1048,1.0119666666666665,1.02558,1.3452353503079957,1.3452353503079957,mixed_batch
110,"[32, 32, 3072]",3,3136,3072,3.2260333333333335,3.2133000000000003,-0.3947055723747408,0.3947055723747408,mixed_batch
111,"[192, 192, 192, 192, 192]",5,960,429,0.24,0.38578,60.74166666666668,60.74166666666668,mixed_batch
112,"[113, 1217, 1249]",3,2579,1747,1.3796333333333333,1.7376200000000002,25.947957186692133,25.947957186692133,mixed_batch
113,"[80, 80, 80, 2816]",4,3056,2819,2.9373999999999993,2.9547999999999996,0.592360590998853,0.592360590998853,mixed_batch
114,"[192, 230, 276, 331]",4,1029,524,0.37279999999999996,0.48407999999999995,29.84978540772532,29.84978540772532,mixed_batch
115,"[112, 2560]",2,2672,2562,2.632166666666667,2.65998,1.056670676882151,1.056670676882151,mixed_batch
116,"[96, 172, 311]",3,579,368,0.31383333333333335,0.39404000000000006,25.55708975039831,25.55708975039831,mixed_batch
117,"[96, 96, 96, 96, 1792]",5,2176,1802,1.8010333333333335,1.80878,0.4301234476504174,0.4301234476504174,mixed_batch
118,"[16, 16, 16, 2816]",4,2864,2816,2.9248,2.9156199999999997,-0.3138676148796563,0.3138676148796563,mixed_batch
119,"[384, 512, 768]",3,1664,999,0.8014333333333334,0.9653400000000001,20.45169072079191,20.45169072079191,mixed_batch
120,"[128, 192]",2,320,230,0.21359999999999996,0.21782000000000004,1.9756554307116505,1.9756554307116505,mixed_batch
121,"[64, 128, 192, 192, 192, 192, 1024]",7,1984,1102,1.0496,1.07966,2.8639481707317045,2.8639481707317045,mixed_batch
122,"[128, 128, 128, 128, 128, 2304]",6,2944,2321,2.3749666666666664,2.3814,0.27088099482099687,0.27088099482099687,mixed_batch
123,"[424, 893, 1393]",3,2710,1708,1.5027333333333333,1.7020199999999999,13.26161217337296,13.26161217337296,mixed_batch
124,"[192, 320, 448, 576]",4,1536,819,0.6222000000000001,0.78096,25.515911282545783,25.515911282545783,mixed_batch
125,"[192, 230, 276]",3,698,407,0.2970666666666667,0.36188000000000003,21.817773788150806,21.817773788150806,mixed_batch
126,"[64, 64, 128, 128, 192, 192, 256, 256]",8,1280,495,0.30710000000000004,0.4586200000000001,49.338977531748625,49.338977531748625,mixed_batch
127,"[128, 1792]",2,1920,1796,1.7796999999999996,1.80338,1.3305613305613515,1.3305613305613515,mixed_batch
128,"[542, 1173]",2,1715,1292,1.2033999999999998,1.2757,6.007977397374129,6.007977397374129,mixed_batch
129,"[128, 192, 256, 320]",4,896,470,0.3466333333333334,0.43592,25.758245985190854,25.758245985190854,mixed_batch
130,"[1024, 1024, 1024]",3,3072,1773,1.1889,1.7623000000000002,48.229455799478515,48.229455799478515,mixed_batch
131,"[80, 80, 2560]",3,2720,2562,2.6378,2.6606000000000005,0.8643566608537644,0.8643566608537644,mixed_batch
132,"[32, 32, 32, 1536]",4,1632,1536,1.5233,1.49986,-1.5387645243878505,1.5387645243878505,mixed_batch
133,"[192, 384, 576, 768]",4,1920,1051,0.8229333333333333,1.02634,24.717271548930665,24.717271548930665,mixed_batch
134,"[384, 416, 448, 480, 512]",5,2240,1006,0.6090666666666666,0.9725400000000001,59.67710157618215,59.67710157618215,mixed_batch
135,"[128, 160, 192, 224, 256]",5,960,441,0.2934666666666667,0.39942,36.104043616537915,36.104043616537915,mixed_batch
136,"[376, 632, 1448]",3,2456,1624,1.5302333333333333,1.60382,4.808852680419109,4.808852680419109,mixed_batch
137,"[32, 2816]",2,2848,2816,2.9235333333333333,2.9180200000000007,-0.18858458942373132,0.18858458942373132,mixed_batch
138,"[16, 16, 16, 16, 16, 2816]",6,2896,2816,2.9323,2.91644,-0.5408723527606311,0.5408723527606311,mixed_batch
139,"[128, 128, 2304]",3,2560,2311,2.3564,2.37244,0.6806993719232846,0.6806993719232846,mixed_batch
140,"[32, 128, 224, 320, 416, 512, 608]",7,2240,987,0.692,0.9567400000000001,38.257225433526045,38.257225433526045,mixed_batch
141,"[96, 288, 480, 672, 864]",5,2400,1233,0.9665666666666667,1.19804,23.947994620133116,23.947994620133116,mixed_batch
142,"[64, 64, 64, 64, 2048]",5,2304,2051,2.071066666666667,2.08196,0.5259769522951071,0.5259769522951071,mixed_batch
143,"[16, 1280]",2,1296,1280,1.2520999999999998,1.23932,-1.0206852487820297,1.0206852487820297,mixed_batch
144,"[64, 128, 192, 192, 1024]",5,1600,1069,1.0314,1.0432000000000001,1.144076013185964,1.144076013185964,mixed_batch
145,"[32, 57, 103, 186]",4,378,222,0.16116666666666665,0.2092,29.80351602895554,29.80351602895554,mixed_batch
146,"[768, 768, 768]",3,2304,1330,0.8667333333333334,1.3066400000000002,50.75455734174297,50.75455734174297,mixed_batch
147,"[48, 48, 2048]",3,2144,2049,2.0605666666666664,2.0787799999999996,0.8838992510150863,0.8838992510150863,mixed_batch
148,"[192, 480, 1200]",3,1872,1306,1.2374333333333332,1.2871800000000002,4.020149233628779,4.020149233628779,mixed_batch
149,"[32, 128, 224]",3,384,259,0.25549999999999995,0.26076000000000005,2.058708414872837,2.058708414872837,mixed_batch
150,"[1139, 1367]",2,2506,1779,1.4793666666666667,1.766,19.37540839548455,19.37540839548455,mixed_batch
151,"[48, 105, 232, 511, 1124]",5,2020,1261,1.1700666666666668,1.22218,4.453877271950307,4.453877271950307,mixed_batch
152,"[32, 57, 103, 186, 335, 604]",6,1317,725,0.6301666666666668,0.69848,10.840518381380567,10.840518381380567,mixed_batch
153,"[64, 64, 3072]",3,3200,3073,3.2325333333333335,3.2555199999999997,0.7111037782544011,0.7111037782544011,mixed_batch
154,"[16, 2816]",2,2832,2816,2.9237,2.91096,-0.43574922187638854,0.43574922187638854,mixed_batch
155,"[112, 112, 112, 2560]",4,2896,2567,2.6440333333333337,2.66892,0.941238764009516,0.941238764009516,mixed_batch
156,"[128, 192, 320]",3,640,394,0.32700000000000007,0.34907999999999995,6.752293577981612,6.752293577981612,mixed_batch
157,"[96, 115, 138, 165, 199]",5,713,329,0.23146666666666665,0.34794,50.31970046082951,50.31970046082951,mixed_batch
158,"[128, 160, 192, 224, 256, 288, 320]",7,1568,616,0.38443333333333335,0.57512,49.6020116188329,49.6020116188329,mixed_batch
159,"[48, 96, 192, 384, 768, 1536]",6,3024,1773,1.6488666666666667,1.7622,6.87340799741236,6.87340799741236,mixed_batch
160,"[48, 96, 192]",3,336,219,0.21536666666666665,0.20854,-3.169787958520344,3.169787958520344,mixed_batch
161,"[128, 192, 384, 512, 512]",5,1728,851,0.5710666666666666,0.8182799999999999,43.289750175110896,43.289750175110896,mixed_batch
162,"[16, 2304]",2,2320,2304,2.345,2.33384,-0.47590618336888185,0.47590618336888185,mixed_batch
163,"[96, 128, 160, 192, 224, 256, 288]",7,1344,535,0.3419666666666667,0.4937,44.37079637391558,44.37079637391558,mixed_batch
164,"[80, 80, 1536]",3,1696,1540,1.5288333333333333,1.5339800000000001,0.3366401395399665,0.3366401395399665,mixed_batch
165,[3072],1,3072,3072,3.2165,3.2165,0.0,0.0,single_prefill
166,"[256, 320, 384, 448]",4,1408,718,0.489,0.69104,41.31697341513292,41.31697341513292,mixed_batch
167,"[64, 128, 1024]",3,1216,1033,1.0000333333333333,1.0158200000000002,1.578614046198477,1.578614046198477,mixed_batch
168,"[344, 856, 904]",3,2104,1291,0.9902000000000001,1.2760200000000002,28.864875782670175,28.864875782670175,mixed_batch
169,"[64, 128, 192, 256, 384, 512, 768]",7,2304,1059,0.8306000000000001,1.03418,24.50999277630628,24.50999277630628,mixed_batch
170,"[16, 16, 16, 16, 16, 1280]",6,1360,1280,1.2594333333333334,1.2359399999999998,-1.8653891961993692,1.8653891961993692,mixed_batch
171,"[1166, 1236]",2,2402,1699,1.3597666666666666,1.6950200000000002,24.655210452773783,24.655210452773783,mixed_batch
172,"[46, 483, 1237]",3,1766,1328,1.2542333333333333,1.3062400000000003,4.146490551997261,4.146490551997261,mixed_batch
173,"[376, 1096]",2,1472,1158,1.0932333333333333,1.13114,3.4673903100893457,3.4673903100893457,mixed_batch
174,"[32, 1536]",2,1568,1536,1.5131666666666668,1.5012,-0.7908359951536522,0.7908359951536522,mixed_batch
175,"[16, 32, 64, 128]",4,240,147,0.10036666666666667,0.14314,42.61707074061771,42.61707074061771,mixed_batch
176,"[128, 192, 256, 320, 384, 448]",6,1728,754,0.5053333333333334,0.72244,42.9630606860158,42.9630606860158,mixed_batch
177,"[48, 72, 108, 162, 243, 364]",6,997,486,0.3929666666666667,0.45036000000000004,14.605140385104761,14.605140385104761,mixed_batch
178,"[384, 416, 448, 480, 512, 544]",6,2784,1144,0.6791,1.11118,63.625386541010165,63.625386541010165,mixed_batch
179,"[64, 64, 192, 192, 320, 320]",6,1152,535,0.36273333333333335,0.49488000000000004,36.43080316118361,36.43080316118361,mixed_batch
180,"[64, 160, 400, 1000]",4,1624,1090,1.0242666666666667,1.06862,4.330252538401449,4.330252538401449,mixed_batch
181,"[96, 115, 138, 165, 199, 238]",6,951,406,0.2788333333333334,0.36068,29.35325762104003,29.35325762104003,mixed_batch
182,"[128, 1024, 1536]",3,2688,1850,1.6337333333333333,1.8475800000000002,13.089447482249264,13.089447482249264,mixed_batch
183,"[32, 32, 32, 32, 32, 2816]",6,2976,2816,2.9394333333333336,2.9195800000000007,-0.675413628477127,0.675413628477127,mixed_batch
184,"[384, 448, 512]",3,1344,781,0.5504666666666667,0.7474399999999999,35.782972023737415,35.782972023737415,mixed_batch
185,"[256, 256, 256, 256, 256, 256]",6,1536,627,0.32189999999999996,0.5874,82.47903075489286,82.47903075489286,mixed_batch
186,"[192, 1024]",2,1216,1041,0.9978333333333333,1.01606,1.8266243527643173,1.8266243527643173,mixed_batch
187,"[112, 112, 112, 1280]",4,1616,1294,1.2675333333333332,1.2771400000000002,0.7579024877715499,0.7579024877715499,mixed_batch
188,"[128, 128, 1280]",3,1536,1292,1.2650666666666666,1.27596,0.8610876897133292,0.8610876897133292,mixed_batch
189,"[64, 192, 320, 448, 576, 704, 832]",7,3136,1365,0.9768333333333334,1.3401,37.1881931411022,37.1881931411022,mixed_batch
190,"[376, 1096, 1528]",3,3000,1917,1.6669666666666667,1.9096800000000003,14.560179167749817,14.560179167749817,mixed_batch
191,"[96, 96, 96, 96, 96, 2560]",6,3040,2568,2.6605000000000003,2.66532,0.18116895320426993,0.18116895320426993,mixed_batch
192,"[48, 72, 108]",3,228,138,0.08886666666666668,0.1372,54.388597149287286,54.388597149287286,mixed_batch
193,"[16, 35, 77]",3,128,86,0.06753333333333335,0.07250000000000001,7.3543928923988044,7.3543928923988044,mixed_batch
194,"[32, 64, 128, 256, 512]",5,992,590,0.5228666666666667,0.5504600000000002,5.2773173530537045,5.2773173530537045,mixed_batch
195,"[80, 80, 80, 80, 2048]",5,2368,2054,2.0829999999999997,2.08676,0.18050888142103735,0.18050888142103735,mixed_batch
196,"[256, 288, 320, 352, 384]",5,1600,722,0.44266666666666665,0.6946199999999999,56.91716867469878,56.91716867469878,mixed_batch
197,"[128, 768]",2,896,778,0.7438666666666667,0.74542,0.20881878472844084,0.20881878472844084,mixed_batch
198,"[80, 80, 80, 2560]",4,2800,2563,2.6399333333333335,2.6612999999999998,0.8093638728250578,0.8093638728250578,mixed_batch
199,"[203, 1348]",2,1551,1363,1.3393000000000002,1.33806,-0.09258567908609944,0.09258567908609944,mixed_batch
200,"[112, 112, 2304]",3,2528,2309,2.353533333333333,2.37282,0.8194770982636135,0.8194770982636135,mixed_batch
201,"[32, 2304]",2,2336,2304,2.3422,2.33208,-0.4320724105541854,0.4320724105541854,mixed_batch
202,"[128, 224, 320]",3,672,411,0.32863333333333333,0.36526000000000003,11.145146566588911,11.145146566588911,mixed_batch
203,"[80, 1536]",2,1616,1538,1.5167000000000002,1.5308,0.9296498978044292,0.9296498978044292,mixed_batch
204,"[112, 1536]",2,1648,1540,1.5187,1.53038,0.7690788174096356,0.7690788174096356,mixed_batch
205,"[128, 2048]",2,2176,2051,2.0591333333333335,2.0807200000000003,1.0483374882636805,1.0483374882636805,mixed_batch
206,"[112, 112, 112, 112, 2304]",5,2752,2314,2.3709,2.3767199999999997,0.245476401366567,0.245476401366567,mixed_batch
207,"[84, 1217]",2,1301,1219,1.1999333333333335,1.1854200000000001,-1.2095116395355332,1.2095116395355332,mixed_batch
208,"[192, 288, 384, 480, 576, 672]",6,2592,1131,0.7893999999999999,1.09998,39.34380542183939,39.34380542183939,mixed_batch
209,"[128, 192, 288]",3,608,369,0.2975,0.39492,32.74621848739496,32.74621848739496,mixed_batch
210,"[16, 16, 16, 16, 1280]",5,1344,1280,1.2541,1.24104,-1.0413842596284246,1.0413842596284246,mixed_batch
211,"[48, 48, 48, 2560]",4,2704,2561,2.6449666666666665,2.6579799999999993,0.4920036799455398,0.4920036799455398,mixed_batch
212,"[512, 512]",2,1024,724,0.5308333333333334,0.6993,31.73626373626373,31.73626373626373,mixed_batch
213,"[128, 153, 184, 221, 265]",5,951,438,0.3071,0.39578,28.876587430804314,28.876587430804314,mixed_batch
214,"[96, 288, 480]",3,864,567,0.49013333333333337,0.5267999999999999,7.480957562567989,7.480957562567989,mixed_batch
215,"[256, 448, 640]",3,1344,822,0.6637000000000001,0.7863000000000001,18.472201295766162,18.472201295766162,mixed_batch
216,"[96, 352, 608]",3,1056,709,0.6206666666666667,0.68402,10.207303974221256,10.207303974221256,mixed_batch
217,"[192, 288, 432, 648]",4,1560,852,0.7024333333333335,0.8184199999999999,16.512124519527323,16.512124519527323,mixed_batch
218,"[192, 320, 448]",3,960,583,0.46929999999999994,0.5445599999999999,16.03665033027914,16.03665033027914,mixed_batch
219,"[64, 96, 144, 216]",4,520,284,0.2206666666666667,0.2952,33.77643504531721,33.77643504531721,mixed_batch
220,"[315, 340]",2,655,463,0.35109999999999997,0.4283799999999999,22.010823127314147,22.010823127314147,mixed_batch
221,"[48, 96]",2,144,107,0.08163333333333334,0.08672,6.231114740710498,6.231114740710498,mixed_batch
222,"[192, 320, 448, 576, 704, 832]",6,3072,1363,0.9733333333333334,1.33678,37.340410958904116,37.340410958904116,mixed_batch
223,"[512, 512, 512]",3,1536,886,0.5594666666666666,0.84598,51.2118684461392,51.2118684461392,mixed_batch
224,"[48, 105, 232, 511]",4,896,572,0.5224666666666667,0.52986,1.415082301901222,1.415082301901222,mixed_batch
225,"[48, 57, 69]",3,174,101,0.06276666666666667,0.08262,31.630377057886356,31.630377057886356,mixed_batch
226,"[48, 48, 48, 48, 1792]",5,1984,1794,1.7972666666666668,1.8014599999999998,0.23331725954225205,0.23331725954225205,mixed_batch
227,"[32, 32, 32, 32, 32, 32, 32, 32]",8,256,90,0.04853333333333334,0.07498,54.491758241758234,54.491758241758234,mixed_batch
228,"[195, 624, 1615]",3,2434,1742,1.6857333333333333,1.73156,2.7185003559281826,2.7185003559281826,mixed_batch
229,"[32, 38, 46, 55]",4,171,87,0.053833333333333344,0.07342000000000001,36.38390092879257,36.38390092879257,mixed_batch
230,"[128, 128, 128, 128, 1280]",5,1792,1305,1.2730333333333335,1.28734,1.123824984944081,1.123824984944081,mixed_batch
231,"[32, 96, 288]",3,416,305,0.2575333333333333,0.32182000000000005,24.962464405902193,24.962464405902193,mixed_batch
232,"[96, 96]",2,192,135,0.08143333333333333,0.13440000000000002,65.04297994269345,65.04297994269345,mixed_batch
233,"[16, 2048]",2,2064,2048,2.0562666666666667,2.05554,-0.03533912592399862,0.03533912592399862,mixed_batch
234,"[424, 568, 1048, 1096]",4,3136,1673,1.2732666666666668,1.6727,31.37075239541337,31.37075239541337,mixed_batch
235,"[296, 1208]",2,1504,1243,1.2061666666666668,1.20874,0.21334807240567313,0.21334807240567313,mixed_batch
236,"[80, 80, 1792]",3,1952,1795,1.7895333333333334,1.8040800000000001,0.8128748649554842,0.8128748649554842,mixed_batch
237,"[96, 96, 96, 96, 1536]",5,1920,1547,1.5390333333333333,1.53992,0.05761192090273347,0.05761192090273347,mixed_batch
238,[2048],1,2048,2048,2.0505,2.0505,0.0,0.0,single_prefill
239,"[96, 172, 311, 559, 1007]",5,2145,1209,1.0658999999999998,1.1755,10.282390468148996,10.282390468148996,mixed_batch
240,"[64, 128, 256, 512, 1024]",5,1984,1181,1.0632666666666668,1.15206,8.35099379271427,8.35099379271427,mixed_batch
241,"[16, 16, 2816]",3,2848,2816,2.9263333333333335,2.91858,-0.2649504499373562,0.2649504499373562,mixed_batch
242,"[568, 1016, 1336]",3,2920,1771,1.4777000000000002,1.75616,18.844149692089037,18.844149692089037,mixed_batch
243,[32],1,32,32,0.033960000000000004,0.033960000000000004,0.0,0.0,single_prefill
244,"[64, 160, 256, 352, 448, 544]",6,1824,846,0.6102000000000001,0.8116399999999999,33.01212717141917,33.01212717141917,mixed_batch
245,"[512, 512, 512, 512, 512, 512]",6,3072,1254,0.662,1.21448,83.45619335347432,83.45619335347432,mixed_batch
246,"[128, 256, 384]",3,768,478,0.39530000000000004,0.44252,11.945357955982793,11.945357955982793,mixed_batch
247,"[64, 64, 64, 1024]",4,1216,1029,0.9935333333333333,1.01288,1.947258941152795,1.947258941152795,mixed_batch
248,"[64, 192, 576]",3,832,610,0.5747,0.5680999999999999,-1.1484252653558467,1.1484252653558467,mixed_batch
249,"[112, 2816]",2,2928,2818,2.9243333333333337,2.9617600000000004,1.2798358600250785,1.2798358600250785,mixed_batch
250,"[64, 64, 192, 192, 320, 320, 448, 448, 576, 576]",10,3200,1162,0.7380333333333333,1.1339000000000001,53.63804706201167,53.63804706201167,mixed_batch
251,"[16, 16, 16, 2304]",4,2352,2304,2.3459,2.3305999999999996,-0.6522017136280452,0.6522017136280452,mixed_batch
252,"[16, 19, 23, 27, 33, 39]",6,157,66,0.04403333333333335,0.06062000000000001,37.668433005298986,37.668433005298986,mixed_batch
253,"[128, 192, 320, 512, 832]",5,1984,1053,0.8882666666666665,1.03054,16.016961873311335,16.016961873311335,mixed_batch
254,"[64, 64]",2,128,90,0.05633333333333333,0.07494,33.029585798816576,33.029585798816576,mixed_batch
255,"[96, 1280]",2,1376,1283,1.2533999999999998,1.2686999999999997,1.2206797510770602,1.2206797510770602,mixed_batch
256,"[64, 64, 64, 64, 64, 1024]",6,1344,1033,1.0105333333333335,1.01802,0.7408629106742068,0.7408629106742068,mixed_batch
257,"[128, 230, 414]",3,772,490,0.4226333333333333,0.4553,7.72931619212872,7.72931619212872,mixed_batch
258,"[128, 128, 2816]",3,3072,2821,2.937133333333333,2.9668599999999996,1.0120979640011731,1.0120979640011731,mixed_batch
259,"[48, 48, 1536]",3,1632,1537,1.5196,1.52854,0.5883127138720682,0.5883127138720682,mixed_batch
260,"[64, 64, 64]",3,192,110,0.05700000000000001,0.0884,55.087719298245595,55.087719298245595,mixed_batch
261,"[96, 144, 216]",3,456,276,0.21133333333333332,0.28462000000000004,34.67823343848583,34.67823343848583,mixed_batch
262,"[64, 64, 2048]",3,2176,2049,2.0626333333333333,2.0792200000000003,0.8041500347452433,0.8041500347452433,mixed_batch
263,"[96, 96, 96, 96, 96, 2304]",6,2784,2313,2.3717333333333332,2.37618,0.18748594558130194,0.18748594558130194,mixed_batch
264,"[384, 512, 768, 1024]",4,2688,1431,1.1221,1.4102800000000002,25.68220301220926,25.68220301220926,mixed_batch
265,"[64, 64, 64, 64, 64, 64]",6,384,156,0.07343333333333332,0.15112,105.79210167952795,105.79210167952795,mixed_batch
266,"[16, 16, 16, 16, 2304]",5,2368,2304,2.3578,2.32694,-1.308847230469086,1.308847230469086,mixed_batch
267,"[96, 144, 216, 324]",4,780,426,0.3504333333333334,0.38124,8.791020641111,8.791020641111,mixed_batch
268,"[64, 128, 128, 192, 192, 1536]",6,2240,1571,1.559766666666667,1.55832,-0.09274891543609343,0.09274891543609343,mixed_batch
269,"[64, 192, 192, 1024]",4,1472,1061,1.0208666666666666,1.0351199999999998,1.396199307777695,1.396199307777695,mixed_batch
270,"[16, 16, 16, 2048]",4,2096,2048,2.064466666666667,2.0544599999999997,-0.48470952949917895,0.48470952949917895,mixed_batch
271,"[472, 808]",2,1280,935,0.8231000000000002,0.9043000000000001,9.865143967926123,9.865143967926123,mixed_batch
272,"[64, 128, 192, 256, 384]",5,1024,519,0.40709999999999996,0.4779000000000001,17.39130434782612,17.39130434782612,mixed_batch
273,"[16, 32, 64, 128, 256]",5,496,295,0.25070000000000003,0.30762000000000006,22.704427602712414,22.704427602712414,mixed_batch
274,"[64, 2048]",2,2112,2048,2.059166666666667,2.05,-0.4451639012545792,0.4451639012545792,mixed_batch
275,"[128, 256, 384, 512, 640]",5,1920,949,0.6959000000000001,0.9176400000000001,31.8637735306797,31.8637735306797,mixed_batch
276,"[80, 80, 80, 80, 80, 1280]",6,1680,1292,1.2748000000000002,1.27546,0.05177282711012573,0.05177282711012573,mixed_batch
277,"[16, 40, 100, 250, 625, 1562]",6,2593,1704,1.6593333333333333,1.7003800000000002,2.4736842105263297,2.4736842105263297,mixed_batch
278,"[64, 64, 64, 192, 192, 192, 320, 320, 320]",9,1728,655,0.4005666666666666,0.62964,57.187317966214536,57.187317966214536,mixed_batch
279,"[64, 64, 64, 2048]",4,2240,2050,2.067733333333333,2.0754200000000003,0.3717436161981213,0.3717436161981213,mixed_batch
280,"[64, 64, 128, 128, 192, 192]",6,768,338,0.22363333333333335,0.35884000000000005,60.45908481144732,60.45908481144732,mixed_batch
281,"[256, 320, 384]",3,960,561,0.4051,0.52058,28.50654159466799,28.50654159466799,mixed_batch
282,"[16, 16, 2048]",3,2080,2048,2.0562666666666667,2.0533,-0.14427441317597728,0.14427441317597728,mixed_batch
283,"[32, 64, 96, 160, 256, 416]",6,1024,527,0.44643333333333335,0.4865399999999999,8.983797506159911,8.983797506159911,mixed_batch
284,"[80, 2304]",2,2384,2305,2.3472999999999997,2.37014,0.9730328462488995,0.9730328462488995,mixed_batch
285,"[96, 128, 160, 192, 224, 256]",6,1056,451,0.2975333333333333,0.4165,39.98431548285907,39.98431548285907,mixed_batch
286,"[64, 64, 64, 256, 256, 384, 768]",7,1856,938,0.8025333333333332,0.9087400000000001,13.23392590131254,13.23392590131254,mixed_batch
287,"[32, 32, 1536]",3,1600,1536,1.5152333333333332,1.50104,-0.9367094176914413,0.9367094176914413,mixed_batch
288,"[32, 64, 96, 160, 256]",5,608,324,0.2626,0.34147999999999995,30.038080731150018,30.038080731150018,mixed_batch
289,"[64, 115, 207, 373]",4,759,446,0.3839666666666667,0.40456000000000003,5.36331278756837,5.36331278756837,mixed_batch
290,"[64, 128, 192, 320, 512]",5,1216,649,0.5331333333333332,0.62346,16.94260347630364,16.94260347630364,mixed_batch
291,"[48, 48, 48, 2304]",4,2448,2305,2.352466666666666,2.3711200000000003,0.7929265735257023,0.7929265735257023,mixed_batch
292,"[256, 384, 512]",3,1152,689,0.5292666666666667,0.6591,24.5307973296385,24.5307973296385,mixed_batch
293,"[192, 224, 256, 288, 320]",5,1280,581,0.36850000000000005,0.5424399999999999,47.202170963364956,47.202170963364956,mixed_batch
294,"[48, 86, 155, 279, 503, 906]",6,1977,1088,0.9686666666666668,1.06198,9.63317274604265,9.63317274604265,mixed_batch
295,"[16, 40, 100, 250]",4,406,272,0.2195666666666667,0.27922,27.16866555336268,27.16866555336268,mixed_batch
296,"[384, 448, 512, 576]",4,1920,970,0.647,0.9388200000000001,45.10355486862443,45.10355486862443,mixed_batch
297,"[32, 64, 128]",3,224,146,0.10226666666666666,0.1428,39.6349413298566,39.6349413298566,mixed_batch
298,"[128, 128, 128, 128, 128, 1792]",6,2432,1814,1.8200999999999996,1.8165599999999997,-0.1944948079775769,0.1944948079775769,mixed_batch
299,"[64, 192, 384, 384, 1024, 1024]",6,3072,1559,1.1620666666666666,1.5478200000000002,33.1954563708336,33.1954563708336,mixed_batch
300,"[112, 112, 2048]",3,2272,2054,2.0693333333333337,2.08478,0.7464561855669859,0.7464561855669859,mixed_batch
301,"[96, 160, 224, 288, 352, 416, 480]",7,2016,833,0.5631333333333333,0.8005800000000001,42.165265774831326,42.165265774831326,mixed_batch
302,"[96, 96, 96, 96, 96, 96]",6,576,235,0.12156666666666667,0.22366000000000003,83.98135453797644,83.98135453797644,mixed_batch
303,"[48, 48, 48, 1280]",4,1424,1282,1.2563666666666669,1.2676800000000001,0.9004802207423483,0.9004802207423483,mixed_batch
304,"[48, 48, 48, 48, 48, 1536]",6,1776,1539,1.5296666666666665,1.5312800000000002,0.10546960122033266,0.10546960122033266,mixed_batch
305,"[128, 256, 768]",3,1152,819,0.7644333333333335,0.78124,2.1985784677102673,2.1985784677102673,mixed_batch
306,"[64, 192, 384, 384, 512, 512]",6,2048,927,0.5879333333333333,0.8972999999999999,52.61934459689306,52.61934459689306,mixed_batch
307,[256],1,256,256,0.25136,0.25136,0.0,0.0,single_prefill
308,"[296, 1304]",2,1600,1337,1.3061,1.31196,0.44866396141183496,0.44866396141183496,mixed_batch
309,"[16, 28, 51, 93]",4,188,110,0.0771,0.0886,14.915693904020747,14.915693904020747,mixed_batch
310,"[256, 352, 448, 544]",4,1600,828,0.5969666666666666,0.7900400000000001,32.342397677145584,32.342397677145584,mixed_batch
311,"[1016, 1304]",2,2320,1653,1.3981333333333335,1.63048,16.61834827388898,16.61834827388898,mixed_batch
312,"[376, 488, 1528]",3,2392,1647,1.5817999999999999,1.62494,2.7272727272727386,2.7272727272727386,mixed_batch
313,"[384, 448, 512, 576, 640, 704]",6,3264,1359,0.8625333333333334,1.33692,54.99922708301129,54.99922708301129,mixed_batch
314,"[603, 1837]",2,2440,1933,1.9085666666666667,1.95504,2.4349861152348087,2.4349861152348087,mixed_batch
315,"[256, 384, 512, 640, 768]",5,2560,1214,0.8646333333333335,1.1791200000000002,36.372257989899374,36.372257989899374,mixed_batch
316,"[96, 160, 256]",3,512,316,0.25166666666666665,0.33164,31.777483443708615,31.777483443708615,mixed_batch
317,[128],1,128,128,0.10038,0.10038,0.0,0.0,single_prefill
318,"[128, 128, 128, 128, 128, 1280]",6,1920,1311,1.2832666666666668,1.2925400000000002,0.7226349420749233,0.7226349420749233,mixed_batch
319,"[128, 128, 128, 128, 128, 1024]",6,1664,1063,1.025466666666667,1.0372800000000002,1.1519958392926695,1.1519958392926695,mixed_batch
320,"[48, 57, 69, 82, 99, 119]",6,474,202,0.12876666666666667,0.19171999999999997,48.88946414703596,48.88946414703596,mixed_batch
321,"[256, 256, 256, 256, 256, 256, 256]",7,1792,677,0.3342666666666667,0.6471399999999999,93.59992022337451,93.59992022337451,mixed_batch
322,"[96, 192, 288]",3,576,359,0.2936333333333333,0.38327999999999995,30.53013962992394,30.53013962992394,mixed_batch
323,"[64, 192, 1536]",3,1792,1549,1.5337,1.5407800000000003,0.4616287409532632,0.4616287409532632,mixed_batch
324,"[207, 1530]",2,1737,1543,1.5216666666666667,1.53432,0.8315443592551928,0.8315443592551928,mixed_batch
325,"[64, 64, 64, 128, 128, 128, 192, 192, 192, 256, 256, 256, 320, 320, 320]",15,2880,822,0.45309999999999995,0.78524,73.30390642242334,73.30390642242334,mixed_batch
326,"[32, 160, 288, 416, 544]",5,1440,760,0.5939666666666668,0.73038,22.966496436388113,22.966496436388113,mixed_batch
327,"[48, 86, 155]",3,289,183,0.17123333333333335,0.17350000000000004,1.3237298033872071,1.3237298033872071,mixed_batch
328,"[128, 224, 320, 416, 512, 608]",6,2208,986,0.6906999999999999,0.9525400000000002,37.90936730852763,37.90936730852763,mixed_batch
329,"[64, 96, 128, 160, 192, 224]",6,864,377,0.26080000000000003,0.40456000000000003,55.12269938650306,55.12269938650306,mixed_batch
330,"[424, 536, 904, 1208]",4,3072,1656,1.3676,1.6324,19.3623866627669,19.3623866627669,mixed_batch
331,"[32, 32, 32, 32, 32, 2048]",6,2208,2049,2.0709333333333335,2.0831600000000003,0.5903940252382257,0.5903940252382257,mixed_batch
332,"[32, 32, 2560]",3,2624,2560,2.6423666666666668,2.6261,-0.6156097437902884,0.6156097437902884,mixed_batch
333,"[64, 64, 1280]",3,1408,1283,1.2531,1.26538,0.9799696752054782,0.9799696752054782,mixed_batch
334,"[48, 120, 300, 750, 1875]",5,3093,2045,2.0023666666666666,2.0506599999999997,2.41181268831881,2.41181268831881,mixed_batch
335,"[64, 64, 64, 64, 2816]",5,3072,2818,2.9390333333333336,2.95626,0.586133762801815,0.586133762801815,mixed_batch
336,"[112, 112, 112, 112, 112, 2048]",6,2608,2063,2.093566666666667,2.08904,-0.21621793749106044,0.21621793749106044,mixed_batch
337,[512],1,512,512,0.47564,0.47564,0.0,0.0,single_prefill
338,"[64, 140, 309, 681, 1499]",5,2693,1682,1.6053000000000002,1.6823800000000002,4.801594717498289,4.801594717498289,mixed_batch
339,"[16, 16, 2304]",3,2336,2304,2.3527,2.32972,-0.976750116886981,0.976750116886981,mixed_batch
340,"[128, 192, 288, 432]",4,1040,568,0.4607333333333334,0.5268400000000001,14.348140645348002,14.348140645348002,mixed_batch
341,"[64, 128, 192, 256, 320, 384, 448]",7,1792,757,0.5098,0.72688,42.58140447234208,42.58140447234208,mixed_batch
342,"[112, 112, 112, 1536]",4,1872,1548,1.5326,1.5351400000000002,0.165731436774123,0.165731436774123,mixed_batch
343,"[64, 64, 64, 64, 1024]",5,1280,1031,1.0019666666666667,1.01396,1.196979274094278,1.196979274094278,mixed_batch
344,"[640, 640, 640, 640, 640]",5,3200,1431,0.8033666666666667,1.4099,75.49894195261606,75.49894195261606,mixed_batch
345,"[32, 32, 32, 2048]",4,2144,2048,2.0622666666666665,2.05416,-0.3930949764013618,0.3930949764013618,mixed_batch
346,"[16, 16, 16, 1792]",4,1840,1792,1.7928000000000002,1.77326,-1.0899152164212467,1.0899152164212467,mixed_batch
347,"[96, 192, 288, 384, 480, 576, 672]",7,2688,1135,0.7925666666666665,1.1026799999999999,39.12772847709973,39.12772847709973,mixed_batch
348,"[32, 70, 154]",3,256,172,0.16766666666666669,0.16444,-1.924453280318101,1.924453280318101,mixed_batch
349,"[192, 256, 384, 512, 768]",5,2112,1049,0.8245666666666669,1.0260000000000002,24.428993006427614,24.428993006427614,mixed_batch
350,"[16, 40, 100]",3,156,108,0.08193333333333333,0.08734,6.598860862489834,6.598860862489834,mixed_batch
351,"[892, 1771]",2,2663,1982,1.8550999999999997,1.9965800000000002,7.626543043501726,7.626543043501726,mixed_batch
352,"[16, 16, 16, 3072]",4,3120,3072,3.2283999999999997,3.218540000000001,-0.30541444678475005,0.30541444678475005,mixed_batch
353,"[128, 128, 192, 192, 1024]",5,1664,1074,1.0352333333333332,1.0505600000000002,1.4805035901729335,1.4805035901729335,mixed_batch
354,"[32, 160, 288, 416, 544, 672, 800]",7,2912,1292,0.9472333333333335,1.2722599999999997,34.31326318752854,34.31326318752854,mixed_batch
355,"[128, 384, 640, 896]",4,2048,1173,0.9446333333333333,1.14518,21.230106919792522,21.230106919792522,mixed_batch
356,"[64, 128, 192, 256, 320]",5,960,474,0.34836666666666666,0.43874,25.94201511817052,25.94201511817052,mixed_batch
357,"[256, 256, 256, 256, 256]",5,1280,572,0.30210000000000004,0.5292000000000001,75.17378351539227,75.17378351539227,mixed_batch
358,"[32, 80, 200, 500]",4,812,545,0.5088000000000001,0.50424,-0.8962264150943628,0.8962264150943628,mixed_batch
359,"[48, 96, 144, 240, 384]",5,912,487,0.40203333333333335,0.45061999999999997,12.085233396899083,12.085233396899083,mixed_batch
360,"[64, 128, 192, 1024]",4,1408,1051,1.0117333333333334,1.0265799999999998,1.4674486030574379,1.4674486030574379,mixed_batch
361,[192],1,192,192,0.18103999999999998,0.18103999999999998,0.0,0.0,single_prefill
362,"[80, 1024]",2,1104,1027,0.9983666666666664,1.01146,1.3114754098360948,1.3114754098360948,mixed_batch
363,"[16, 16, 16, 16, 16, 2560]",6,2640,2560,2.6407,2.62534,-0.581663952739797,0.581663952739797,mixed_batch
364,"[51, 970]",2,1021,971,0.9512,0.93834,-1.3519764507990006,1.3519764507990006,mixed_batch
365,"[96, 96, 96, 96, 2048]",5,2432,2056,2.084466666666667,2.0829999999999997,-0.07036172322260176,0.07036172322260176,mixed_batch
366,"[64, 64, 64, 192, 192, 192, 320, 320, 320, 448, 448, 448]",12,3072,1015,0.6027666666666667,0.9816600000000001,62.85903887629266,62.85903887629266,mixed_batch
367,"[256, 256]",2,512,362,0.2560666666666666,0.38724000000000003,51.22624316584228,51.22624316584228,mixed_batch
368,"[64, 256, 448]",3,768,519,0.4552333333333333,0.47712000000000004,4.807790876473615,4.807790876473615,mixed_batch
369,"[96, 160, 224, 288, 352, 416]",6,1536,681,0.47606666666666675,0.6517000000000002,36.892592073939234,36.892592073939234,mixed_batch
370,"[192, 256, 384, 512, 768, 1024]",6,3136,1466,1.1443666666666665,1.4398,25.81631761381843,25.81631761381843,mixed_batch
371,"[16, 32]",2,48,35,0.0345,0.0353,2.318840579710131,2.318840579710131,mixed_batch
372,"[328, 344, 1112]",3,1784,1209,1.1393,1.1754200000000001,3.1703677696831525,3.1703677696831525,mixed_batch
373,"[96, 96, 96, 96, 1280]",5,1664,1294,1.2678666666666667,1.27896,0.8749605636765221,0.8749605636765221,mixed_batch
374,"[384, 480, 576]",3,1440,842,0.6204333333333334,0.8095600000000001,30.482995755654645,30.482995755654645,mixed_batch
375,"[512, 768, 1024]",3,2304,1378,1.0940666666666665,1.34898,23.299616111144985,23.299616111144985,mixed_batch
376,"[32, 70, 154, 340, 749, 1649]",6,2994,1850,1.7663,1.8502199999999998,4.7511747721225035,4.7511747721225035,mixed_batch
377,"[584, 776, 1048]",3,2408,1428,1.1682000000000001,1.40722,20.460537579181626,20.460537579181626,mixed_batch
378,"[128, 128, 128]",3,384,221,0.12006666666666668,0.20905999999999997,74.11993337034976,74.11993337034976,mixed_batch
379,"[128, 128, 128, 128, 1024]",5,1536,1055,1.0157999999999998,1.0295200000000002,1.3506595786572555,1.3506595786572555,mixed_batch
380,"[512, 1024]",2,1536,1144,1.0256333333333332,1.1137600000000003,8.592414443108371,8.592414443108371,mixed_batch
381,"[32, 64, 96, 128, 160]",5,480,237,0.16706666666666667,0.22671999999999998,35.706304868316025,35.706304868316025,mixed_batch
382,"[96, 1024]",2,1120,1028,0.9918999999999999,1.01072,1.8973686863595292,1.8973686863595292,mixed_batch
383,"[128, 320, 512]",3,960,617,0.5178,0.57608,11.255310930861336,11.255310930861336,mixed_batch
384,"[128, 256, 512, 1024]",4,1920,1180,1.0545666666666667,1.1506,9.10642602016627,9.10642602016627,mixed_batch
385,"[48, 48, 48, 2816]",4,2960,2817,2.9387333333333334,2.95748,0.6379165626914022,0.6379165626914022,mixed_batch
386,"[192, 224, 256, 288, 320, 352, 384]",7,2016,780,0.4664,0.7485799999999999,60.501715265866196,60.501715265866196,mixed_batch
387,"[128, 281, 619, 1362]",4,2390,1527,1.4393333333333334,1.49332,3.750810560444647,3.750810560444647,mixed_batch
388,"[128, 192, 256, 256, 384, 512]",6,1728,770,0.5562666666666666,0.73466,32.0697507190796,32.0697507190796,mixed_batch
389,"[128, 256]",2,384,286,0.2850666666666667,0.29818,4.6000935453694956,4.6000935453694956,mixed_batch
390,"[112, 112, 112, 112, 2560]",5,3008,2569,2.650633333333333,2.66538,0.5563450244595723,0.5563450244595723,mixed_batch
391,[96],1,96,96,0.079,0.079,0.0,0.0,single_prefill
392,"[64, 128, 192, 320]",4,704,399,0.3324666666666667,0.35208,5.899338279526764,5.899338279526764,mixed_batch
393,"[32, 32, 32, 32, 32, 2304]",6,2464,2305,2.3541000000000003,2.3717200000000003,0.7484813729238337,0.7484813729238337,mixed_batch
394,"[16, 16, 16, 1024]",4,1072,1024,0.9962666666666665,0.9855599999999999,-1.0746788008565287,1.0746788008565287,mixed_batch
395,"[48, 48, 48, 1536]",4,1680,1538,1.5201333333333333,1.5313200000000002,0.7359003596175927,0.7359003596175927,mixed_batch
396,"[96, 192, 384, 768, 1536]",5,2976,1772,1.6491666666666667,1.75596,6.475593734209194,6.475593734209194,mixed_batch
397,"[32, 288, 544, 800, 1056]",5,2720,1461,1.1917000000000002,1.4352800000000001,20.43970798019635,20.43970798019635,mixed_batch
398,"[24, 48, 72]",3,144,89,0.06480000000000001,0.07450000000000001,14.969135802469133,14.969135802469133,mixed_batch
399,"[80, 80, 80, 80, 80, 1792]",6,2192,1800,1.801666666666667,1.8092599999999996,0.4214616096206849,0.4214616096206849,mixed_batch
400,"[813, 820]",2,1633,1154,0.8749666666666667,1.1283800000000002,28.962627147700882,28.962627147700882,mixed_batch
401,"[384, 512, 640]",3,1536,905,0.6780333333333333,0.8779600000000001,29.486259279288163,29.486259279288163,mixed_batch
402,"[64, 1536]",2,1600,1537,1.5116333333333334,1.52598,0.9490837725197805,0.9490837725197805,mixed_batch
403,"[32, 32, 32, 1792]",4,1888,1792,1.7924333333333333,1.7768800000000002,-0.8677217190783342,0.8677217190783342,mixed_batch
404,"[48, 48, 2816]",3,2912,2816,2.9255000000000004,2.915,-0.35891300632371886,0.35891300632371886,mixed_batch
405,"[16, 28, 51, 93, 167]",5,355,200,0.1496,0.19124,27.83422459893047,27.83422459893047,mixed_batch
406,"[1280, 1280]",2,2560,1810,1.3985666666666667,1.81338,29.65988988726553,29.65988988726553,mixed_batch
407,"[163, 279, 492, 539, 724, 956]",6,3153,1440,1.1051000000000002,1.4175800000000003,28.276174101891232,28.276174101891232,mixed_batch
408,"[32, 64, 96, 128]",4,320,175,0.11359999999999999,0.16656,46.619718309859174,46.619718309859174,mixed_batch
409,"[64, 128, 192, 256, 384, 512]",6,1536,729,0.5491,0.70178,27.80549990894189,27.80549990894189,mixed_batch
410,"[96, 96, 1792]",3,1984,1797,1.7887333333333337,1.8051600000000003,0.9183407252804545,0.9183407252804545,mixed_batch
411,"[1112, 1384]",2,2496,1775,1.4913666666666667,1.7649600000000003,18.34514203973985,18.34514203973985,mixed_batch
412,"[384, 384, 384, 384, 384]",5,1920,858,0.4655333333333334,0.8237,76.93684662752396,76.93684662752396,mixed_batch
413,"[64, 1280]",2,1344,1281,1.2519,1.2662,1.1422637590861873,1.1422637590861873,mixed_batch
414,"[96, 352, 608, 864]",4,1920,1117,0.9158333333333333,1.0898,18.995450409463167,18.995450409463167,mixed_batch
415,"[48, 96, 192, 384, 768]",5,1488,886,0.7876333333333333,0.84512,7.298658428202636,7.298658428202636,mixed_batch
416,"[48, 48, 48, 1024]",4,1168,1027,0.9941333333333333,1.0129000000000001,1.8877414163090283,1.8877414163090283,mixed_batch
417,"[110, 254, 921, 1253]",4,2538,1579,1.3530666666666669,1.56748,15.846472211273138,15.846472211273138,mixed_batch
418,"[96, 115, 138]",3,349,203,0.16633333333333333,0.19185999999999998,15.346693386773532,15.346693386773532,mixed_batch
419,"[128, 384, 640]",3,1152,757,0.6504000000000001,0.72658,11.712792127921265,11.712792127921265,mixed_batch
420,"[192, 448, 704]",3,1344,856,0.7277666666666666,0.8219,12.934548619062896,12.934548619062896,mixed_batch
421,"[128, 192, 320, 512]",4,1152,646,0.5328999999999999,0.62192,16.70482266841811,16.70482266841811,mixed_batch
422,"[64, 2560]",2,2624,2560,2.627266666666667,2.62342,-0.1464132558552741,0.1464132558552741,mixed_batch
423,"[64, 64, 64, 3072]",4,3264,3073,3.237466666666667,3.2583600000000006,0.6453605699930015,0.6453605699930015,mixed_batch
424,"[64, 64, 1536]",3,1664,1538,1.5143666666666669,1.53158,1.1366687944355007,1.1366687944355007,mixed_batch
425,"[256, 352, 448, 544, 640, 736]",6,2976,1279,0.8699,1.23454,41.91746177721577,41.91746177721577,mixed_batch
426,"[96, 160, 224, 288, 352]",5,1120,540,0.3929333333333333,0.49976000000000004,27.186969799796422,27.186969799796422,mixed_batch
427,"[64, 64, 64, 64]",4,256,128,0.06146666666666667,0.10036000000000003,63.275488069414365,63.275488069414365,mixed_batch
428,"[32, 32, 32, 32, 32, 32, 32, 32, 32, 32]",10,320,101,0.055900000000000005,0.08242,47.44186046511626,47.44186046511626,mixed_batch
429,"[32, 32, 1024]",3,1088,1024,1.0038333333333334,0.98478,-1.898057446455258,1.898057446455258,mixed_batch
430,"[640, 640]",2,1280,905,0.6651666666666667,0.8785999999999999,32.08719619143071,32.08719619143071,mixed_batch
431,"[192, 288, 384, 480]",4,1344,705,0.5202,0.67816,30.365244136870434,30.365244136870434,mixed_batch
432,"[96, 96, 96, 2560]",4,2848,2565,2.6425666666666667,2.66204,0.7369098225210383,0.7369098225210383,mixed_batch
433,"[80, 80, 80, 80, 80, 2048]",6,2448,2055,2.087266666666667,2.08472,-0.12200964578876292,0.12200964578876292,mixed_batch
434,"[32, 32, 32, 2560]",4,2656,2560,2.6371,2.6207399999999996,-0.6203784460202721,0.6203784460202721,mixed_batch
435,"[82, 876, 1837]",3,2795,2036,1.9483000000000001,2.04156,4.786737155468865,4.786737155468865,mixed_batch
436,"[225, 230, 421, 914, 1381]",5,3171,1738,1.5256333333333332,1.72716,13.209377526273256,13.209377526273256,mixed_batch
437,"[32, 64, 96, 128, 160, 192]",6,672,305,0.21763333333333335,0.31874,46.45734415683872,46.45734415683872,mixed_batch
438,"[80, 80, 2816]",3,2976,2818,2.938966666666667,2.95826,0.6564665585409779,0.6564665585409779,mixed_batch
439,"[96, 192, 384]",3,672,439,0.3889,0.39884,2.555926973515029,2.555926973515029,mixed_batch
440,"[32, 32, 32, 32, 2560]",5,2688,2560,2.6417333333333333,2.62502,-0.6326654216928205,0.6326654216928205,mixed_batch
441,"[192, 422, 929]",3,1543,1038,0.9604666666666667,1.01926,6.1213299090719815,6.1213299090719815,mixed_batch
442,"[192, 192, 192, 192, 192, 192]",6,1152,470,0.24913333333333335,0.43493999999999994,74.58121487824455,74.58121487824455,mixed_batch
443,"[448, 734, 1501]",3,2683,1729,1.6051666666666669,1.72078,7.202575018170478,7.202575018170478,mixed_batch
444,"[32, 64, 96, 160]",4,352,199,0.13873333333333332,0.18661999999999998,34.51705910619894,34.51705910619894,mixed_batch
445,"[48, 48, 48, 48, 1536]",5,1728,1538,1.5275333333333334,1.5296799999999997,0.1405315759612205,0.1405315759612205,mixed_batch
446,"[117, 293, 335, 663, 778, 912]",6,3098,1445,1.0796000000000001,1.42328,31.834012597258237,31.834012597258237,mixed_batch
447,"[64, 2816]",2,2880,2816,2.9254666666666664,2.9166600000000003,-0.3010345927715072,0.3010345927715072,mixed_batch
448,"[170, 500]",2,670,528,0.49473333333333336,0.48606000000000005,-1.7531330009432644,1.7531330009432644,mixed_batch
449,"[256, 288, 320, 352, 384, 416, 448]",7,2464,946,0.5606666666666668,0.91386,62.99524375743161,62.99524375743161,mixed_batch
450,"[384, 576, 768, 960]",4,2688,1410,1.0752000000000002,1.39352,29.605654761904752,29.605654761904752,mixed_batch
451,"[96, 96, 2816]",3,3008,2819,2.9290999999999996,2.96404,1.1928578744324263,1.1928578744324263,mixed_batch
452,"[32, 64, 96, 160, 256, 416, 672]",7,1696,854,0.7208333333333333,0.81996,13.751676300578039,13.751676300578039,mixed_batch
453,"[1425, 1508]",2,2933,2074,1.6845333333333332,2.1028200000000004,24.83101155611844,24.83101155611844,mixed_batch
454,"[48, 48, 48, 48, 1024]",5,1216,1028,0.9995,1.00924,0.9744872436217968,0.9744872436217968,mixed_batch
455,"[424, 904, 1208]",3,2536,1567,1.3277666666666668,1.5530000000000002,16.963321868802254,16.963321868802254,mixed_batch
456,"[64, 64, 64, 2304]",4,2496,2306,2.3496,2.3722,0.9618658495062875,0.9618658495062875,mixed_batch
457,"[128, 192, 288, 432, 648, 972]",6,2660,1299,1.0895666666666666,1.28422,17.865206351148778,17.865206351148778,mixed_batch
458,"[32, 32, 32, 32, 1792]",5,1920,1793,1.7923666666666667,1.80158,0.5140317271391621,0.5140317271391621,mixed_batch
459,"[256, 512, 768]",3,1536,957,0.7892333333333333,0.924,17.075643029099975,17.075643029099975,mixed_batch
460,"[64, 64, 64, 64, 64, 1536]",6,1856,1542,1.5271666666666666,1.53314,0.3911382734912181,0.3911382734912181,mixed_batch
461,"[24, 48]",2,72,53,0.045033333333333335,0.046619999999999995,3.5233160621761503,3.5233160621761503,mixed_batch
462,"[38, 355, 922, 961]",4,2276,1378,1.0565666666666669,1.35006,27.778023156765602,27.778023156765602,mixed_batch
463,"[32, 224, 416, 608]",4,1280,770,0.6394666666666666,0.7355400000000001,15.02397831526274,15.02397831526274,mixed_batch
464,"[128, 160, 192]",3,480,280,0.1923333333333333,0.2874,49.42807625649915,49.42807625649915,mixed_batch
465,"[128, 192, 256, 384, 512, 768, 1024]",7,3264,1472,1.1448666666666667,1.44304,26.044371979269787,26.044371979269787,mixed_batch
466,"[48, 86, 155, 279]",4,568,334,0.28440000000000004,0.35280000000000006,24.05063291139241,24.05063291139241,mixed_batch
467,"[96, 160, 224, 288]",4,768,409,0.31543333333333334,0.36355999999999994,15.25731797527209,15.25731797527209,mixed_batch
468,"[128, 128, 1024]",3,1280,1039,1.0019,1.0179,1.5969657650464133,1.5969657650464133,mixed_batch
469,"[64, 64, 64, 64, 64, 2048]",6,2368,2052,2.0826000000000002,2.08258,-0.0009603380389960157,0.0009603380389960157,mixed_batch
470,"[96, 240, 600, 1500]",4,2436,1636,1.5704000000000002,1.61494,2.836220071319396,2.836220071319396,mixed_batch
471,"[112, 112, 112, 112, 112, 1792]",6,2352,1809,1.8182000000000003,1.81416,-0.22219777802223437,0.22219777802223437,mixed_batch
472,"[128, 1579]",2,1707,1584,1.5754666666666668,1.5648199999999999,-0.6757786052809907,0.6757786052809907,mixed_batch
473,"[32, 32, 32, 32, 1024]",5,1152,1025,1.0023666666666666,1.0110200000000003,0.8632902131622119,0.8632902131622119,mixed_batch
474,"[64, 64, 64, 64, 64, 2816]",6,3136,2819,2.9434666666666667,2.95812,0.4978256930603395,0.4978256930603395,mixed_batch
475,"[424, 1304]",2,1728,1371,1.324266666666667,1.34374,1.4704993958920414,1.4704993958920414,mixed_batch
476,"[96, 352, 608, 864, 1120]",5,3040,1582,1.2583333333333333,1.5703799999999999,24.798410596026486,24.798410596026486,mixed_batch
477,"[128, 192, 1024]",3,1344,1049,1.0084666666666666,1.02648,1.7862100879222687,1.7862100879222687,mixed_batch
478,"[256, 384]",2,640,461,0.38236666666666674,0.42434000000000005,10.97724697062156,10.97724697062156,mixed_batch
479,"[64, 140, 309]",3,513,345,0.304,0.36722,20.79605263157895,20.79605263157895,mixed_batch
480,"[64, 1792]",2,1856,1793,1.7813666666666665,1.80214,1.166145843079295,1.166145843079295,mixed_batch
481,"[64, 160, 256, 352, 448, 544, 640]",7,2464,1060,0.7407999999999999,1.0358200000000002,39.824514038876934,39.824514038876934,mixed_batch
482,"[248, 1448]",2,1696,1469,1.4524,1.4419,-0.7229413384742465,0.7229413384742465,mixed_batch
483,"[80, 80, 80, 80, 80, 2304]",6,2704,2310,2.372866666666667,2.3732200000000003,0.014890568370189122,0.014890568370189122,mixed_batch
484,"[192, 384, 576, 768, 960]",5,2880,1423,1.0844666666666667,1.4037,29.43689678490194,29.43689678490194,mixed_batch
485,"[64, 96, 144]",3,304,184,0.16526666666666665,0.17516000000000004,5.9862847922549784,5.9862847922549784,mixed_batch
486,"[192, 256, 320, 384, 448, 512, 576]",7,2688,1070,0.6889000000000001,1.0458200000000002,51.81013209464365,51.81013209464365,mixed_batch
487,"[48, 48, 48, 3072]",4,3216,3073,3.2261333333333333,3.2573,0.9660687716977981,0.9660687716977981,mixed_batch
488,"[64, 64, 64, 64, 64, 1280]",6,1600,1287,1.2676666666666667,1.2705800000000003,0.22981856429136566,0.22981856429136566,mixed_batch
489,"[128, 320, 800]",3,1248,871,0.8122,0.8334399999999998,2.615119428712117,2.615119428712117,mixed_batch
490,"[376, 1336, 1432]",3,3144,1994,1.6199000000000001,2.0057400000000003,23.818754244089153,23.818754244089153,mixed_batch
491,"[48, 105, 232]",3,385,259,0.26143333333333335,0.2635,0.7905138339920927,0.7905138339920927,mixed_batch
492,"[192, 192, 192, 192, 192, 192, 192]",7,1344,507,0.26019999999999993,0.47275999999999996,81.6910069177556,81.6910069177556,mixed_batch
493,"[112, 112, 112, 2048]",4,2384,2057,2.0803999999999996,2.08684,0.3095558546433593,0.3095558546433593,mixed_batch
494,"[584, 1016]",2,1600,1171,1.0345666666666666,1.1441000000000001,10.587363469407496,10.587363469407496,mixed_batch
495,"[64, 64, 64, 256, 256, 256, 448, 448, 448]",9,2304,900,0.5509000000000002,0.87568,58.95443819204933,58.95443819204933,mixed_batch
496,"[128, 256, 384, 512, 768]",5,2048,1039,0.8204666666666667,1.017,23.953847403916456,23.953847403916456,mixed_batch
497,"[64, 128, 128, 192, 1536]",5,2048,1559,1.5430333333333333,1.5489,0.3802034952798613,0.3802034952798613,mixed_batch
498,"[32, 1280]",2,1312,1280,1.2515,1.2376800000000001,-1.1042748701558085,1.1042748701558085,mixed_batch
499,"[96, 160, 256, 416, 672]",5,1600,851,0.7183333333333335,0.81578,13.565661252900199,13.565661252900199,mixed_batch
500,"[32, 2560]",2,2592,2560,2.634433333333334,2.62158,-0.487897460554479,0.487897460554479,mixed_batch
501,"[192, 384, 1536]",3,2112,1594,1.5542666666666665,1.57672,1.4446255468817086,1.4446255468817086,mixed_batch
502,"[222, 634]",2,856,671,0.6250333333333333,0.64002,2.397738787264685,2.397738787264685,mixed_batch
503,"[112, 112, 112, 2816]",4,3152,2822,2.9364,2.9644600000000003,0.9555918812151075,0.9555918812151075,mixed_batch
504,"[64, 192, 320, 448, 576, 704]",6,2304,1082,0.7911666666666667,1.0580000000000003,33.72656414577631,33.72656414577631,mixed_batch
505,"[192, 224, 256]",3,672,390,0.2708333333333333,0.34558,27.59876923076924,27.59876923076924,mixed_batch
506,"[96, 96, 96, 96, 96, 1792]",6,2272,1804,1.8034,1.8098400000000001,0.3571032494177789,0.3571032494177789,mixed_batch
507,"[64, 256, 448, 640, 832, 1024]",6,3264,1555,1.1715666666666666,1.5424399999999998,31.656186872279267,31.656186872279267,mixed_batch
508,"[192, 192, 192, 192, 192, 192, 192, 192]",8,1536,543,0.2672333333333333,0.5003,87.21466882873892,87.21466882873892,mixed_batch
509,"[96, 192, 288, 384, 480, 576]",6,2016,915,0.6493666666666666,0.8893800000000001,36.96114162517326,36.96114162517326,mixed_batch
510,"[384, 480, 576, 672]",4,2112,1077,0.7539666666666667,1.0514,39.449135682390896,39.449135682390896,mixed_batch
511,"[256, 320, 384, 448, 512, 576]",6,2496,1053,0.6825666666666667,1.03034,50.9508228744445,50.9508228744445,mixed_batch
512,"[384, 384]",2,768,543,0.39523333333333344,0.50262,27.17044783672088,27.17044783672088,mixed_batch
513,"[32, 32, 32, 32, 32, 32, 32, 32, 32, 32, 32, 32, 32, 32, 32]",15,480,123,0.0712,0.09641999999999999,35.42134831460673,35.42134831460673,mixed_batch
514,"[64, 64, 64, 64, 1536]",5,1792,1541,1.5327666666666666,1.53432,0.1013418002305175,0.1013418002305175,mixed_batch
515,"[256, 256, 256]",3,768,443,0.27703333333333335,0.3997400000000001,44.29310552280113,44.29310552280113,mixed_batch
516,"[16, 24, 36]",3,76,46,0.037733333333333334,0.04211999999999999,11.625441696113048,11.625441696113048,mixed_batch
517,"[192, 448, 704, 960]",4,2304,1286,1.0438666666666667,1.2702200000000001,21.684123131945338,21.684123131945338,mixed_batch
518,"[64, 96, 144, 216, 324, 486]",6,1330,649,0.5232333333333333,0.6236600000000001,19.193476460470173,19.193476460470173,mixed_batch
519,"[64, 256, 448, 640, 832]",5,2240,1171,0.9080999999999999,1.14436,26.016958484748393,26.016958484748393,mixed_batch
520,"[48, 1280]",2,1328,1280,1.2509333333333335,1.2370800000000002,-1.1074397782988652,1.1074397782988652,mixed_batch
521,"[80, 80, 80, 80, 1024]",5,1344,1036,1.0104,1.01652,0.6057007125890861,0.6057007125890861,mixed_batch
522,"[64, 96, 128, 160, 192, 224, 256]",7,1120,455,0.3011666666666667,0.41856,38.97952407304924,38.97952407304924,mixed_batch
523,"[112, 112, 112, 112, 1280]",5,1728,1299,1.2717666666666667,1.28328,0.9053023353340443,0.9053023353340443,mixed_batch
524,"[64, 64, 64, 1792]",4,1984,1795,1.793266666666667,1.8057200000000002,0.694449607792104,0.694449607792104,mixed_batch
525,"[32, 32, 32]",3,96,55,0.03550000000000001,0.04786,34.81690140845066,34.81690140845066,mixed_batch
526,"[80, 2560]",2,2640,2561,2.6303,2.6570599999999995,1.0173744439797532,1.0173744439797532,mixed_batch
527,"[112, 1280]",2,1392,1284,1.2503333333333333,1.26882,1.4785390562516738,1.4785390562516738,mixed_batch
528,"[256, 352, 448]",3,1056,624,0.46909999999999996,0.58412,24.519292261777878,24.519292261777878,mixed_batch
529,"[256, 768]",2,1024,809,0.7565333333333333,0.7716199999999999,1.9941839971801087,1.9941839971801087,mixed_batch
530,"[125, 1386]",2,1511,1391,1.3649333333333336,1.36234,-0.1899970694539499,0.1899970694539499,mixed_batch
531,"[192, 192]",2,384,271,0.17733333333333334,0.27716,56.29323308270677,56.29323308270677,mixed_batch
532,"[48, 1024]",2,1072,1025,0.9917666666666667,1.01202,2.0421470103854973,2.0421470103854973,mixed_batch
533,"[64, 64, 64, 1280]",4,1472,1284,1.2563333333333333,1.26838,0.9588750331653033,0.9588750331653033,mixed_batch
534,"[48, 1792]",2,1840,1792,1.781366666666667,1.7747800000000002,-0.3697535600007526,0.3697535600007526,mixed_batch
535,"[575, 831]",2,1406,1010,0.8532666666666667,0.97658,14.451910305492607,14.451910305492607,mixed_batch
536,"[48, 48, 48, 48, 2560]",5,2752,2561,2.6421,2.66018,0.684304152000298,0.684304152000298,mixed_batch
537,"[16, 35, 77, 170, 374]",5,672,419,0.382,0.37429999999999997,-2.0157068062827332,2.0157068062827332,mixed_batch
538,"[32, 64, 128, 256]",4,480,295,0.24136666666666667,0.30674,27.084656815356993,27.084656815356993,mixed_batch
539,"[80, 80, 2304]",3,2464,2306,2.3541666666666665,2.36824,0.5978053097345248,0.5978053097345248,mixed_batch
540,"[32, 128, 224, 320, 416]",5,1120,585,0.45063333333333333,0.546,21.162807899992615,21.162807899992615,mixed_batch
541,"[96, 96, 96, 1536]",4,1824,1544,1.5265,1.5351000000000001,0.5633802816901515,0.5633802816901515,mixed_batch
542,"[80, 80, 80, 80, 80, 2816]",6,3216,2821,2.9421,2.9628,0.7035790761700881,0.7035790761700881,mixed_batch
543,"[128, 256, 384, 512]",4,1280,701,0.5370333333333333,0.67044,24.841412699397953,24.841412699397953,mixed_batch
544,"[112, 112, 112, 112, 2048]",5,2496,2060,2.0844333333333336,2.0895799999999998,0.2469096317144318,0.2469096317144318,mixed_batch
545,"[256, 288, 320, 352]",4,1216,612,0.39643333333333336,0.5704400000000001,43.893046329773824,43.893046329773824,mixed_batch
546,"[32, 32, 2304]",3,2368,2304,2.357,2.33182,-1.0683071701315316,1.0683071701315316,mixed_batch
547,"[16, 32, 48, 80]",4,176,99,0.06926666666666667,0.08068,16.477382098171315,16.477382098171315,mixed_batch
548,"[32, 32, 32, 32, 32, 3072]",6,3232,3072,3.237433333333333,3.2172600000000005,-0.6231273745662524,0.6231273745662524,mixed_batch
549,"[16, 24, 36, 54, 81]",5,211,107,0.071,0.08652000000000001,21.859154929577496,21.859154929577496,mixed_batch
550,"[32, 64]",2,96,71,0.054866666666666675,0.06372000000000001,16.13608748481167,16.13608748481167,mixed_batch
551,"[32, 32, 32, 32]",4,128,64,0.039400000000000004,0.05434,37.91878172588831,37.91878172588831,mixed_batch
552,"[80, 1280]",2,1360,1282,1.2480666666666667,1.26754,1.5602798995780058,1.5602798995780058,mixed_batch
553,"[96, 96, 96, 96]",4,384,192,0.10183333333333333,0.18142,78.15384615384615,78.15384615384615,mixed_batch
554,"[48, 48, 2304]",3,2400,2304,2.3495666666666666,2.32902,-0.8744874941478591,0.8744874941478591,mixed_batch
555,"[16, 1792]",2,1808,1792,1.779566666666667,1.7744,-0.29033285256712227,0.29033285256712227,mixed_batch
556,"[48, 2816]",2,2864,2816,2.918166666666667,2.9149599999999998,-0.1098863441658774,0.1098863441658774,mixed_batch
557,"[32, 96, 160, 224, 288, 352]",6,1152,541,0.39403333333333335,0.5009000000000001,27.121224938668497,27.121224938668497,mixed_batch
558,"[96, 96, 96, 2048]",4,2336,2054,2.0815333333333337,2.0812200000000005,-0.015053005797000554,0.015053005797000554,mixed_batch
559,"[80, 80, 1280]",3,1440,1284,1.2599333333333333,1.2693999999999999,0.7513625059526836,0.7513625059526836,mixed_batch
560,"[64, 768]",2,832,770,0.7392000000000001,0.73438,-0.6520562770562833,0.6520562770562833,mixed_batch
561,"[376, 472, 872, 1528]",4,3248,1859,1.6614999999999998,1.8623600000000002,12.089076136021697,12.089076136021697,mixed_batch
562,"[16, 16, 16, 1280]",4,1328,1280,1.2529,1.23706,-1.2642669007901552,1.2642669007901552,mixed_batch
563,"[112, 112, 112, 1792]",4,2128,1802,1.799666666666667,1.81174,0.6708649749953474,0.6708649749953474,mixed_batch
564,"[128, 128, 128, 128, 1792]",5,2304,1810,1.8080333333333336,1.81394,0.32669014214338804,0.32669014214338804,mixed_batch
565,"[384, 640, 896]",3,1920,1166,0.9379,1.1385800000000001,21.39673739204608,21.39673739204608,mixed_batch
566,"[128, 281, 619]",3,1028,691,0.6325000000000001,0.65996,4.341501976284573,4.341501976284573,mixed_batch
567,"[1072, 1999]",2,3071,2268,2.1432333333333338,2.30392,7.497394901783896,7.497394901783896,mixed_batch
568,"[32, 2048]",2,2080,2048,2.056766666666667,2.05258,-0.2035557428326178,0.2035557428326178,mixed_batch
569,"[48, 2560]",2,2608,2560,2.6322666666666668,2.6277600000000008,-0.17120859082157303,0.17120859082157303,mixed_batch
570,"[64, 128, 192, 1536]",4,1920,1554,1.5343,1.54276,0.5513915140454873,0.5513915140454873,mixed_batch
571,"[71, 199, 995, 1741]",4,3006,2016,1.8810333333333333,2.02796,7.810954971558197,7.810954971558197,mixed_batch
572,"[192, 576, 1728]",3,2496,1831,1.8012000000000001,1.8330600000000004,1.7688207861425838,1.7688207861425838,mixed_batch
573,"[64, 64, 2816]",3,2944,2817,2.931833333333333,2.9564600000000003,0.8399749872093881,0.8399749872093881,mixed_batch
574,"[192, 230, 276, 331, 398]",5,1427,658,0.4551333333333334,0.63122,38.689028856012875,38.689028856012875,mixed_batch
575,"[384, 448, 512, 576, 640]",5,2560,1162,0.7511333333333333,1.1366999999999998,51.33132155853375,51.33132155853375,mixed_batch
576,"[112, 112, 112, 112, 112, 2304]",6,2864,2317,2.372933333333333,2.3802600000000003,0.30875990335451825,0.30875990335451825,mixed_batch
577,"[128, 128, 128, 128, 128]",5,640,286,0.1522666666666667,0.29602,94.40893169877405,94.40893169877405,mixed_batch
578,"[16, 16, 16, 16, 16, 1536]",6,1616,1536,1.527,1.50196,-1.6398166339227211,1.6398166339227211,mixed_batch
579,"[112, 112, 1536]",3,1760,1544,1.5269666666666668,1.5334999999999999,0.42786352026892466,0.42786352026892466,mixed_batch
580,"[80, 80, 80, 80, 1280]",5,1600,1289,1.2657333333333336,1.27312,0.583587906878734,0.583587906878734,mixed_batch
581,"[16, 16, 1792]",3,1824,1792,1.7863,1.7768000000000002,-0.5318255612159123,0.5318255612159123,mixed_batch
582,"[16, 24, 36, 54, 81, 121]",6,332,162,0.1111,0.15542,39.891989198919894,39.891989198919894,mixed_batch
583,"[64, 115, 207]",3,386,245,0.24096666666666663,0.24028000000000005,-0.28496334209430857,0.28496334209430857,mixed_batch
584,"[96, 224, 352, 480]",4,1152,643,0.5092666666666668,0.6183,21.409870401885033,21.409870401885033,mixed_batch
585,"[32, 1024]",2,1056,1024,0.9874,0.9827999999999999,-0.46586996151510623,0.46586996151510623,mixed_batch
586,"[256, 288, 320]",3,864,500,0.34513333333333335,0.46552,34.88120533127293,34.88120533127293,mixed_batch
587,[768],1,768,768,0.73422,0.73422,0.0,0.0,single_prefill
588,"[64, 64, 64, 64, 64, 1792]",6,2112,1797,1.7982,1.80228,0.22689356022689822,0.22689356022689822,mixed_batch
589,"[344, 816, 1453]",3,2613,1701,1.5693000000000001,1.6963000000000001,8.092780220480469,8.092780220480469,mixed_batch
590,"[32, 3072]",2,3104,3072,3.2276333333333334,3.22196,-0.17577378677875008,0.17577378677875008,mixed_batch
591,"[48, 2048]",2,2096,2048,2.0565,2.0502000000000002,-0.3063457330415741,0.3063457330415741,mixed_batch
592,"[128, 384, 1152]",3,1664,1221,1.1548666666666665,1.18658,2.746060151244024,2.746060151244024,mixed_batch
593,"[96, 96, 96, 96, 1024]",5,1408,1041,1.0098999999999998,1.01736,0.7386869987127681,0.7386869987127681,mixed_batch
594,"[32, 32, 32, 32, 32]",5,160,71,0.04016666666666667,0.06341999999999999,57.89211618257257,57.89211618257257,mixed_batch
595,"[64, 128, 256, 384, 768]",5,1600,907,0.7938666666666666,0.8825000000000001,11.164763184413856,11.164763184413856,mixed_batch
596,"[192, 224, 256, 288, 320, 352]",6,1632,679,0.4192333333333334,0.6488400000000001,54.76822771726167,54.76822771726167,mixed_batch
597,"[376, 424, 872]",3,1672,1039,0.9038666666666666,1.0174,12.560849682844093,12.560849682844093,mixed_batch
598,"[824, 872]",2,1696,1199,0.9213999999999999,1.16974,26.952463642283497,26.952463642283497,mixed_batch
599,"[48, 48, 2560]",3,2656,2560,2.6397000000000004,2.6267199999999997,-0.4917225442285357,0.4917225442285357,mixed_batch
600,"[16, 16, 1280]",3,1312,1280,1.2511666666666668,1.23824,-1.0331690422272615,1.0331690422272615,mixed_batch
601,"[96, 128, 160]",3,384,226,0.1925333333333333,0.21581999999999998,12.094875346260395,12.094875346260395,mixed_batch
602,"[896, 896]",2,1792,1267,0.9473,1.2292,29.758260318800804,29.758260318800804,mixed_batch
603,"[128, 2304]",2,2432,2307,2.3415333333333335,2.3710600000000004,1.2609970674486912,1.2609970674486912,mixed_batch
604,"[48, 120, 300, 750]",4,1218,818,0.7583000000000001,0.7812600000000001,3.0278253989186306,3.0278253989186306,mixed_batch
605,"[80, 80, 80, 80, 80, 2560]",6,2960,2566,2.6565000000000003,2.66814,0.43817052512704197,0.43817052512704197,mixed_batch
606,"[632, 1162]",2,1794,1322,1.2030333333333334,1.3012799999999998,8.166578925493866,8.166578925493866,mixed_batch
607,"[96, 1792]",2,1888,1794,1.7842666666666667,1.8024799999999999,1.0207741742639287,1.0207741742639287,mixed_batch
608,"[48, 48, 48, 48, 48, 2048]",6,2288,2050,2.0704,2.0789799999999996,0.4144126738794345,0.4144126738794345,mixed_batch
609,"[80, 3072]",2,3152,3073,3.2321666666666666,3.26224,0.9304388181302482,0.9304388181302482,mixed_batch
610,"[256, 320, 384, 448, 512]",5,1920,882,0.5807666666666667,0.84102,44.81203007518797,44.81203007518797,mixed_batch
611,"[96, 96, 2048]",3,2240,2052,2.0693333333333337,2.0816,0.5927835051546166,0.5927835051546166,mixed_batch
612,"[80, 80, 80, 80, 1792]",5,2112,1799,1.796566666666667,1.8054999999999999,0.49724474460542095,0.49724474460542095,mixed_batch
613,"[128, 192, 256, 384, 512]",5,1472,726,0.5465666666666666,0.6999599999999999,28.06488991888759,28.06488991888759,mixed_batch
614,"[256, 512, 1024]",3,1792,1173,1.0476333333333332,1.14608,9.397053676540787,9.397053676540787,mixed_batch
615,"[32, 38, 46]",3,116,67,0.04453333333333333,0.061320000000000006,37.69461077844314,37.69461077844314,mixed_batch
616,"[16, 16, 16, 2560]",4,2608,2560,2.6421666666666668,2.6272,-0.5664542988708726,0.5664542988708726,mixed_batch
617,"[128, 153, 184, 221, 265, 318]",6,1269,542,0.36743333333333333,0.50064,36.25328857842692,36.25328857842692,mixed_batch
618,"[369, 808]",2,1177,888,0.8092333333333335,0.84938,4.961074267825499,4.961074267825499,mixed_batch
619,"[96, 96, 96, 96, 96]",5,480,214,0.11273333333333332,0.20428000000000002,81.20638675340038,81.20638675340038,mixed_batch
620,"[128, 192, 256]",3,576,344,0.25706666666666667,0.36497999999999997,41.978734439834014,41.978734439834014,mixed_batch
621,"[128, 320, 512, 704]",4,1664,936,0.7517,0.9081000000000001,20.8061726752694,20.8061726752694,mixed_batch
622,"[16, 48, 144]",3,208,152,0.14666666666666667,0.1481,0.9772727272727332,0.9772727272727332,mixed_batch
623,"[128, 128, 128, 128, 2048]",5,2560,2063,2.0913,2.09462,0.15875292880026728,0.15875292880026728,mixed_batch
624,"[192, 256, 384]",3,832,499,0.3957666666666667,0.46349999999999997,17.114461382969743,17.114461382969743,mixed_batch
625,"[472, 568, 824]",3,1864,1106,0.8854666666666665,1.0835000000000001,22.364854690558687,22.364854690558687,mixed_batch
626,"[128, 128, 128, 2048]",4,2432,2059,2.0860333333333334,2.0910200000000003,0.2390501909525375,0.2390501909525375,mixed_batch
627,"[16, 19, 23]",3,58,33,0.02980000000000001,0.034420000000000006,15.503355704697967,15.503355704697967,mixed_batch
628,"[96, 2048]",2,2144,2050,2.061466666666667,2.078039999999999,0.8039583468080437,0.8039583468080437,mixed_batch
629,"[192, 384, 576]",3,1152,718,0.5927666666666667,0.6929000000000001,16.892537817016265,16.892537817016265,mixed_batch
630,"[207, 526, 1506]",3,2239,1608,1.5546666666666669,1.5934800000000002,2.4965694682675834,2.4965694682675834,mixed_batch
631,"[64, 64, 64, 320, 320, 320, 576, 576, 576]",9,2880,1146,0.7278666666666667,1.1165000000000003,53.39347865909511,53.39347865909511,mixed_batch
632,"[328, 632, 808, 1336]",4,3104,1716,1.4784,1.71018,15.677759740259747,15.677759740259747,mixed_batch
633,"[64, 320, 576, 832]",4,1792,1063,0.8843666666666667,1.03926,17.514605555764952,17.514605555764952,mixed_batch
634,"[16, 16, 16, 1536]",4,1584,1536,1.5150666666666663,1.5020599999999997,-0.858488075332215,0.858488075332215,mixed_batch
635,"[328, 1336, 1592]",3,3256,2104,1.7861,2.1254,18.996696713509877,18.996696713509877,mixed_batch
636,"[96, 172, 311, 559]",4,1138,669,0.5869,0.64054,9.139546771170561,9.139546771170561,mixed_batch
637,"[64, 128, 256, 512]",4,960,590,0.5214333333333334,0.54998,5.474653199514147,5.474653199514147,mixed_batch
638,"[192, 256, 320, 384]",4,1152,593,0.4181666666666667,0.55128,31.832602630530083,31.832602630530083,mixed_batch
639,"[96, 96, 1280]",3,1472,1287,1.2642666666666666,1.27054,0.49620333263024835,0.49620333263024835,mixed_batch
640,"[32, 48, 72, 108, 162]",5,422,215,0.15546666666666667,0.20190000000000002,29.867066895368794,29.867066895368794,mixed_batch
641,"[64, 128, 192, 256, 320, 384]",6,1344,610,0.4227333333333333,0.56806,34.377858381958696,34.377858381958696,mixed_batch
642,"[376, 1384]",2,1760,1434,1.3824333333333334,1.41056,2.0345767125599763,2.0345767125599763,mixed_batch
643,"[48, 48, 48, 48, 48, 1280]",6,1520,1284,1.2669666666666668,1.2691199999999998,0.1699597463758326,0.1699597463758326,mixed_batch
644,"[16, 16, 16, 16, 16, 2304]",6,2384,2304,2.3500000000000005,2.3293000000000004,-0.880851063829794,0.880851063829794,mixed_batch
645,"[128, 128, 192, 192, 192, 1536]",6,2368,1581,1.573,1.56468,-0.5289256198347033,0.5289256198347033,mixed_batch
646,"[319, 407, 602, 896, 979]",5,3203,1546,1.1357999999999997,1.5343,35.08540235957038,35.08540235957038,mixed_batch
647,"[128, 128, 128, 128, 128, 128]",6,768,313,0.1587,0.33092,108.51921865154377,108.51921865154377,mixed_batch
648,"[64, 64, 64, 64, 64, 64, 64, 64]",8,512,181,0.09213333333333333,0.17256000000000002,87.29377713458759,87.29377713458759,mixed_batch
649,"[32, 32, 32, 32, 2048]",5,2176,2048,2.0640333333333336,2.0529,-0.5393969735630935,0.5393969735630935,mixed_batch
650,"[32, 48, 72, 108]",4,260,142,0.0947666666666667,0.14016,47.90010552233553,47.90010552233553,mixed_batch
651,"[192, 256]",2,448,320,0.30396666666666666,0.33516,10.262090141462886,10.262090141462886,mixed_batch
652,"[16, 32, 64]",3,112,73,0.05576666666666667,0.06495999999999999,16.485355648535535,16.485355648535535,mixed_batch
653,"[48, 48, 48, 48, 1280]",5,1472,1283,1.2612333333333334,1.26936,0.6443428390200028,0.6443428390200028,mixed_batch
654,"[32, 96, 288, 864]",4,1280,916,0.8722666666666667,0.8885400000000001,1.8656374197493153,1.8656374197493153,mixed_batch
655,"[16, 19, 23, 27]",4,85,43,0.03486666666666667,0.04044000000000001,15.984703632887207,15.984703632887207,mixed_batch
656,"[256, 384, 512, 768]",4,1920,1031,0.8210333333333333,1.0117799999999997,23.232511875279087,23.232511875279087,mixed_batch
657,"[96, 96, 96, 2304]",4,2592,2309,2.3555666666666664,2.37432,0.7961283201494456,0.7961283201494456,mixed_batch
658,"[128, 192, 192, 192, 768]",5,1472,846,0.7863333333333334,0.81168,3.2233997456549193,3.2233997456549193,mixed_batch
659,"[1024, 2048]",2,3072,2289,2.1588000000000003,2.3175200000000005,7.352232721882536,7.352232721882536,mixed_batch
660,"[1024, 1536]",2,2560,1846,1.6232666666666666,1.8474800000000002,13.812476898435271,13.812476898435271,mixed_batch
661,"[96, 96, 96, 1792]",4,2080,1799,1.797966666666667,1.8034,0.30219321826505624,0.30219321826505624,mixed_batch
662,"[16, 2560]",2,2576,2560,2.6271333333333335,2.6267400000000003,-0.014971959296568334,0.014971959296568334,mixed_batch
663,"[80, 80, 80, 1536]",4,1776,1542,1.5270666666666668,1.53208,0.3282982624639819,0.3282982624639819,mixed_batch
664,"[96, 224, 352, 480, 608, 736]",6,2496,1151,0.836,1.1174199999999999,33.66267942583731,33.66267942583731,mixed_batch
665,"[64, 128, 256]",3,448,293,0.29900000000000004,0.30486,1.9598662207357775,1.9598662207357775,mixed_batch
666,"[80, 80, 80, 1792]",4,2032,1797,1.7968,1.8028800000000005,0.3383793410507864,0.3383793410507864,mixed_batch
667,"[112, 2304]",2,2416,2306,2.3493666666666666,2.3754999999999997,1.1123565216157454,1.1123565216157454,mixed_batch
668,"[512, 512, 512, 512]",4,2048,1024,0.5941333333333333,0.9825999999999999,65.38375224416517,65.38375224416517,mixed_batch
669,"[32, 160, 288]",3,480,331,0.2808666666666667,0.35015999999999997,24.67125563731305,24.67125563731305,mixed_batch
670,"[96, 96, 96]",3,288,166,0.0854,0.16006000000000004,87.42388758782205,87.42388758782205,mixed_batch
671,"[64, 64, 192, 192, 320, 320, 448, 448]",8,2048,829,0.5353999999999999,0.7912000000000001,47.77736271946214,47.77736271946214,mixed_batch
672,"[80, 80, 80, 80, 80, 1024]",6,1424,1039,1.014933333333333,1.0161,0.11495007882294232,0.11495007882294232,mixed_batch
673,"[16, 40, 100, 250, 625]",5,1031,681,0.6334,0.6503800000000001,2.68077044521631,2.68077044521631,mixed_batch
674,"[48, 96, 144, 240, 384, 624, 1008]",7,2544,1281,1.0932333333333335,1.26592,15.79595694728174,15.79595694728174,mixed_batch
675,"[96, 96, 96, 96, 96, 2048]",6,2528,2059,2.091833333333333,2.08814,-0.1765596366823251,0.1765596366823251,mixed_batch
676,"[112, 112, 112, 112, 1792]",5,2240,1805,1.8043666666666667,1.8102399999999996,0.3255066412960939,0.3255066412960939,mixed_batch
677,"[64, 320, 576, 832, 1088]",5,2880,1521,1.2211000000000003,1.4882199999999999,21.875358283514824,21.875358283514824,mixed_batch
678,"[128, 128, 768]",3,1024,789,0.7451666666666668,0.7552199999999999,1.3491388951017405,1.3491388951017405,mixed_batch
679,"[80, 80, 2048]",3,2208,2051,2.0661333333333336,2.08138,0.7379323696437557,0.7379323696437557,mixed_batch
680,"[80, 80, 80, 80, 2560]",5,2880,2564,2.651266666666667,2.6600800000000002,0.3324197239055548,0.3324197239055548,mixed_batch
681,"[64, 160, 256, 352, 448]",5,1280,647,0.48260000000000003,0.62104,28.686282635723163,28.686282635723163,mixed_batch
682,"[112, 1024]",2,1136,1030,0.9929333333333332,1.0146000000000002,2.1820867463408367,2.1820867463408367,mixed_batch
683,"[128, 128, 1536]",3,1792,1546,1.5244,1.53422,0.644187877197582,0.644187877197582,mixed_batch
684,"[96, 224, 352]",3,672,428,0.3619,0.38350000000000006,5.968499585520879,5.968499585520879,mixed_batch
685,"[64, 64, 1792]",3,1920,1794,1.7863333333333333,1.8030199999999996,0.9341295017726979,0.9341295017726979,mixed_batch
686,"[128, 192, 256, 384, 512, 768]",6,2240,1057,0.8323333333333334,1.0341,24.241089307168597,24.241089307168597,mixed_batch
687,"[48, 57, 69, 82]",4,256,130,0.0717,0.13120000000000004,82.98465829846589,82.98465829846589,mixed_batch
688,"[96, 2304]",2,2400,2305,2.3417333333333334,2.36788,1.1165518419404374,1.1165518419404374,mixed_batch
689,"[128, 128, 128, 2304]",4,2688,2314,2.352,2.3783,1.1181972789115642,1.1181972789115642,mixed_batch
690,"[64, 64, 64, 384, 512, 512, 512]",7,2112,972,0.5957666666666667,0.93962,57.71610809601074,57.71610809601074,mixed_batch
691,"[128, 128, 128, 1792]",4,2176,1805,1.7986,1.8120200000000004,0.7461358834649412,0.7461358834649412,mixed_batch
692,"[328, 584, 632, 1336]",4,2880,1622,1.4564,1.6035,10.100247184839331,10.100247184839331,mixed_batch
693,"[384, 512, 640, 768, 896]",5,3200,1487,1.0367,1.45854,40.69065303366452,40.69065303366452,mixed_batch
694,"[32, 57, 103]",3,192,121,0.08453333333333334,0.09527999999999999,12.712933753943204,12.712933753943204,mixed_batch
695,"[64, 64, 128, 128, 192, 192, 1024]",7,1792,1078,1.0384999999999998,1.0539,1.482908040442976,1.482908040442976,mixed_batch
696,"[192, 288, 432]",3,912,553,0.45253333333333334,0.51192,13.123158515026523,13.123158515026523,mixed_batch
697,"[384, 512, 1024]",3,1920,1207,1.0666333333333333,1.1725,9.925310165942696,9.925310165942696,mixed_batch
698,"[48, 72, 108, 162, 243]",5,633,323,0.2566333333333334,0.34294,33.630341602805544,33.630341602805544,mixed_batch
699,"[32, 96, 160, 224, 288, 352, 416]",7,1568,682,0.47673333333333334,0.6518400000000002,36.73052719899319,36.73052719899319,mixed_batch
700,"[128, 153, 184, 221]",4,686,349,0.24900000000000003,0.3721,49.43775100401604,49.43775100401604,mixed_batch
701,"[32, 96, 160, 224, 288]",5,800,411,0.31556666666666666,0.36489999999999995,15.633252350269341,15.633252350269341,mixed_batch
702,"[32, 224, 416, 608, 800]",5,2080,1110,0.8761000000000001,1.08632,23.994977742266848,23.994977742266848,mixed_batch
703,"[48, 72, 108, 162]",4,390,213,0.14796666666666666,0.20166000000000003,36.28745212885788,36.28745212885788,mixed_batch
704,"[256, 448, 640, 832]",4,2176,1169,0.9041333333333332,1.1446,26.596372216487264,26.596372216487264,mixed_batch
705,"[530, 860, 1448]",3,2838,1765,1.5855000000000001,1.7529,10.558183538315975,10.558183538315975,mixed_batch
706,"[64, 128, 128, 128, 192, 192, 1024]",7,1856,1084,1.0384333333333333,1.0605399999999998,2.1288479440182164,2.1288479440182164,mixed_batch
707,"[512, 512, 512, 512, 512]",5,2560,1144,0.6306333333333333,1.10998,76.01035995560021,76.01035995560021,mixed_batch
708,"[48, 48, 48, 48, 2304]",5,2496,2305,2.3591,2.37018,0.4696706371073611,0.4696706371073611,mixed_batch
709,"[32, 32, 32, 1024]",4,1120,1025,0.9954666666666668,1.00998,1.45794267345298,1.45794267345298,mixed_batch
710,"[93, 97, 223, 479, 508]",5,1400,745,0.5492,0.7153600000000001,30.254916241806278,30.254916241806278,mixed_batch
711,"[1528, 1592]",2,3120,2206,1.7841666666666665,2.2437599999999995,25.75955161139653,25.75955161139653,mixed_batch
712,"[80, 80, 80, 80, 2304]",5,2624,2309,2.361633333333333,2.37372,0.511792685853036,0.511792685853036,mixed_batch
713,"[96, 96, 3072]",3,3264,3074,3.2409333333333334,3.2628200000000005,0.6753198667050763,0.6753198667050763,mixed_batch
714,"[221, 230, 241, 810]",4,1502,903,0.8354666666666667,0.87958,5.280082987551868,5.280082987551868,mixed_batch
715,"[64, 192, 320, 448]",4,1024,586,0.4757666666666667,0.54622,14.808379457717363,14.808379457717363,mixed_batch
716,"[32, 80, 200, 500, 1250]",5,2062,1363,1.2939,1.3382,3.423757631965376,3.423757631965376,mixed_batch
717,"[48, 48, 48, 48, 3072]",5,3264,3073,3.2370333333333337,3.2626000000000004,0.7898178373201821,0.7898178373201821,mixed_batch
718,"[128, 1024]",2,1152,1031,0.9949333333333333,1.01436,1.9525596354864572,1.9525596354864572,mixed_batch
719,"[32, 32, 2816]",3,2880,2816,2.9377999999999997,2.9130999999999996,-0.8407651984478239,0.8407651984478239,mixed_batch
720,"[48, 96, 144, 240]",4,528,299,0.2428,0.3130400000000001,28.92915980230647,28.92915980230647,mixed_batch
721,"[128, 128, 128, 128, 2304]",5,2816,2318,2.368366666666667,2.38376,0.6499556656486012,0.6499556656486012,mixed_batch
722,"[112, 112, 1024]",3,1248,1036,0.9998333333333334,1.01632,1.648941490248362,1.648941490248362,mixed_batch
723,"[96, 115, 138, 165]",4,514,262,0.17340000000000003,0.26826,54.705882352941146,54.705882352941146,mixed_batch
724,"[64, 96, 128, 160]",4,448,235,0.1600333333333333,0.22300000000000003,39.34596958966886,39.34596958966886,mixed_batch
725,"[602, 704, 848]",3,2154,1255,0.9338666666666668,1.21722,30.341947458595058,30.341947458595058,mixed_batch
726,"[80, 1792]",2,1872,1793,1.7804000000000002,1.79994,1.0975061783868731,1.0975061783868731,mixed_batch
727,"[16, 16, 16, 16, 2048]",5,2112,2048,2.070466666666667,2.0533200000000003,-0.828154683324209,0.828154683324209,mixed_batch
728,"[16, 16, 16, 16, 16, 2048]",6,2128,2048,2.0708333333333337,2.05,-1.0060362173038513,1.0060362173038513,mixed_batch
729,"[64, 64, 64, 64, 1280]",5,1536,1286,1.2628666666666666,1.27162,0.6931320276619378,0.6931320276619378,mixed_batch
730,"[328, 1208]",2,1536,1251,1.2058666666666666,1.2133600000000002,0.6214064573197899,0.6214064573197899,mixed_batch
731,"[24, 48, 72, 120, 192]",5,456,243,0.18626666666666664,0.23464000000000002,25.96993557623482,25.96993557623482,mixed_batch
732,"[48, 144, 432, 1296]",4,1920,1374,1.3362333333333336,1.3451,0.6635567640381935,0.6635567640381935,mixed_batch
733,"[64, 64, 64, 64, 64, 64, 64]",7,448,169,0.08420000000000001,0.16174000000000005,92.09026128266036,92.09026128266036,mixed_batch
734,"[64, 160, 256]",3,480,308,0.24476666666666672,0.32436,32.518044396023384,32.518044396023384,mixed_batch
735,"[91, 828, 924, 1026]",4,2869,1612,1.1928666666666667,1.5950000000000002,33.711507293354956,33.711507293354956,mixed_batch
736,"[64, 256, 448, 640]",4,1408,824,0.6676666666666666,0.7869,17.858212680978543,17.858212680978543,mixed_batch
737,"[64, 64, 64, 64, 64, 2560]",6,2880,2563,2.6479999999999997,2.6627400000000003,0.5566465256797826,0.5566465256797826,mixed_batch
738,"[32, 32, 32, 2816]",4,2912,2816,2.9278999999999997,2.9164000000000003,-0.39277297721914683,0.39277297721914683,mixed_batch
739,"[16, 35, 77, 170, 374, 824]",6,1496,924,0.8481000000000002,0.8975599999999998,5.831859450536447,5.831859450536447,mixed_batch
740,"[80, 80, 80, 80, 1536]",5,1856,1544,1.5334333333333334,1.5347399999999998,0.08521183401080441,0.08521183401080441,mixed_batch
741,"[64, 64, 64, 2816]",4,3008,2818,2.9288,2.9606000000000003,1.0857689155968484,1.0857689155968484,mixed_batch
742,"[128, 192, 288, 432, 648]",5,1688,861,0.7040666666666667,0.8240999999999999,17.04857494555438,17.04857494555438,mixed_batch
743,"[16, 32, 48, 80, 128]",5,304,162,0.1099,0.15522000000000002,41.23748862602368,41.23748862602368,mixed_batch
744,"[48, 48, 48, 48, 48, 1792]",6,2032,1795,1.7955666666666665,1.79984,0.23799357677243435,0.23799357677243435,mixed_batch
745,"[128, 224, 320, 416, 512, 608, 704]",7,2912,1212,0.8320333333333334,1.1783400000000002,41.62172989864189,41.62172989864189,mixed_batch
746,"[128, 224, 320, 416]",4,1088,584,0.4513,0.5449200000000001,20.7445158431199,20.7445158431199,mixed_batch
747,"[32, 160, 288, 416, 544, 672]",6,2112,1014,0.7615666666666666,0.98138,28.863308092966268,28.863308092966268,mixed_batch
748,"[32, 128, 224, 320]",4,704,412,0.32920000000000005,0.36497999999999997,10.868772782503013,10.868772782503013,mixed_batch
749,"[32, 64, 96, 128, 160, 192, 224]",7,896,378,0.2639,0.40598,53.838575217885555,53.838575217885555,mixed_batch
750,"[48, 48, 48, 48, 48, 2560]",6,2800,2562,2.646166666666667,2.6628600000000007,0.6308496567361803,0.6308496567361803,mixed_batch
751,"[64, 128, 192, 320, 512, 832]",6,2048,1055,0.8880666666666667,1.0301399999999998,15.998048194579967,15.998048194579967,mixed_batch
752,"[96, 192, 288, 384, 480]",5,1440,711,0.5261333333333335,0.68486,30.16852508869739,30.16852508869739,mixed_batch
753,"[96, 96, 96, 96, 2816]",5,3200,2822,2.9370000000000003,2.96434,0.9308818522301565,0.9308818522301565,mixed_batch
754,"[128, 128, 2048]",3,2304,2055,2.0692666666666666,2.08488,0.7545346177389807,0.7545346177389807,mixed_batch
755,"[171, 1250]",2,1421,1261,1.2356,1.2233,-0.995467788928454,0.995467788928454,mixed_batch
756,"[128, 128, 128, 2560]",4,2944,2569,2.6413333333333333,2.6673400000000003,0.9846037354871386,0.9846037354871386,mixed_batch
757,"[384, 512, 640, 768]",4,2304,1187,0.8474333333333334,1.1552399999999998,36.32222790386655,36.32222790386655,mixed_batch
758,"[32, 70, 154, 340]",4,596,381,0.3411333333333334,0.40826,19.677545436779344,19.677545436779344,mixed_batch
759,"[16, 24, 36, 54]",4,130,71,0.05303333333333334,0.0635,19.736015084852276,19.736015084852276,mixed_batch
760,"[64, 2304]",2,2368,2304,2.3419333333333334,2.3318199999999996,-0.43183694383560006,0.43183694383560006,mixed_batch
761,"[64, 64, 64, 64, 2560]",5,2816,2563,2.646,2.6611599999999997,0.5729402872259955,0.5729402872259955,mixed_batch
762,"[32, 32, 32, 32, 32, 32, 32]",7,224,84,0.046700000000000005,0.07156,53.23340471092075,53.23340471092075,mixed_batch
763,"[128, 2560]",2,2688,2563,2.632633333333333,2.6625,1.1344787854999532,1.1344787854999532,mixed_batch
764,"[48, 86, 155, 279, 503]",5,1071,603,0.5252999999999999,0.56298,7.173043974871534,7.173043974871534,mixed_batch
765,"[112, 112, 112, 2304]",4,2640,2312,2.3583,2.3762999999999996,0.7632616715430519,0.7632616715430519,mixed_batch
766,"[96, 192, 384, 768]",4,1440,885,0.7838,0.8451000000000001,7.820872671599901,7.820872671599901,mixed_batch
767,"[128, 128, 128, 1024]",4,1408,1047,1.0080666666666667,1.0280200000000002,1.9793664440182681,1.9793664440182681,mixed_batch
768,"[64, 192, 320]",3,576,378,0.3204666666666667,0.40574000000000005,26.609111712086552,26.609111712086552,mixed_batch
769,"[32, 32, 32, 32, 32, 1536]",6,1696,1537,1.5286333333333333,1.52834,-0.01918925401774504,0.01918925401774504,mixed_batch
770,"[128, 128, 128, 128, 128, 2560]",6,3200,2575,2.6568333333333336,2.67376,0.6370993036823236,0.6370993036823236,mixed_batch
771,"[96, 128, 160, 192, 224]",5,800,371,0.2575,0.39756,54.39223300970875,54.39223300970875,mixed_batch
772,"[32, 32, 2048]",3,2112,2048,2.0585666666666667,2.0503199999999997,-0.4006023608659888,0.4006023608659888,mixed_batch
773,"[96, 96, 96, 96, 96, 96, 96, 96]",8,768,271,0.14250000000000002,0.27688,94.3017543859649,94.3017543859649,mixed_batch
774,"[536, 1192]",2,1728,1306,1.2220666666666666,1.28804,5.398505264306375,5.398505264306375,mixed_batch
775,"[32, 160, 288, 416]",4,896,531,0.4444333333333333,0.49050000000000005,10.365259131478307,10.365259131478307,mixed_batch
776,"[64, 64, 256, 256, 448, 448, 640, 640]",8,2816,1166,0.7647,1.1402199999999998,49.10683928337907,49.10683928337907,mixed_batch
777,"[48, 48, 1792]",3,1888,1793,1.7896,1.8020400000000003,0.6951274027715818,0.6951274027715818,mixed_batch
778,"[128, 128, 128, 128, 128, 1536]",6,2176,1562,1.5444666666666667,1.55064,0.39970647904346895,0.39970647904346895,mixed_batch
779,"[32, 32, 32, 32, 32, 32, 32, 32, 32, 32, 32, 32]",12,384,110,0.059166666666666666,0.08838,49.374647887323945,49.374647887323945,mixed_batch
780,"[96, 96, 1536]",3,1728,1541,1.5269333333333333,1.5340200000000002,0.46411107230179716,0.46411107230179716,mixed_batch
781,"[128, 256, 384, 512, 640, 768]",6,2688,1221,0.8706000000000002,1.1883399999999997,36.49666896393286,36.49666896393286,mixed_batch
782,"[128, 512, 768, 1536]",4,2944,1796,1.6435,1.8050599999999999,9.830240340736228,9.830240340736228,mixed_batch
783,"[128, 128, 128, 128, 128, 2048]",6,2688,2067,2.0945333333333336,2.0950800000000003,0.026099688076899955,0.026099688076899955,mixed_batch
784,"[48, 120, 300]",3,468,326,0.2806666666666667,0.34574000000000005,23.185273159144906,23.185273159144906,mixed_batch
785,"[64, 76, 92]",3,232,135,0.0794,0.13428,69.1183879093199,69.1183879093199,mixed_batch
786,"[384, 576, 768]",3,1728,1033,0.8114000000000001,1.0148000000000001,25.067784076904115,25.067784076904115,mixed_batch
787,"[80, 80, 80, 1024]",4,1264,1033,1.0060666666666667,1.0154200000000002,0.9296931946193308,0.9296931946193308,mixed_batch
788,"[536, 568, 584, 1192]",4,2880,1540,1.3251,1.53202,15.615425250924458,15.615425250924458,mixed_batch
789,"[64, 1024]",2,1088,1025,0.9977333333333332,1.0124199999999999,1.4720032072698075,1.4720032072698075,mixed_batch
790,"[48, 2304]",2,2352,2304,2.3431000000000006,2.33082,-0.5240920148521407,0.5240920148521407,mixed_batch
791,"[192, 288, 384, 480, 576]",5,1920,910,0.6445666666666667,0.88028,36.5692713450897,36.5692713450897,mixed_batch
792,"[519, 1084]",2,1603,1201,1.1053333333333335,1.1684800000000002,5.712907117008444,5.712907117008444,mixed_batch
793,"[1536, 1536]",2,3072,2172,1.7178,2.18526,27.212713936430315,27.212713936430315,mixed_batch
794,"[384, 416, 448]",3,1248,721,0.491,0.6969399999999999,41.942973523421564,41.942973523421564,mixed_batch
795,"[32, 48, 72]",3,152,92,0.06476666666666668,0.07656,18.208955223880576,18.208955223880576,mixed_batch
796,"[128, 256, 512]",3,896,586,0.5161666666666667,0.5474,6.051017113335487,6.051017113335487,mixed_batch
797,"[112, 112, 112, 112, 112, 1280]",6,1840,1304,1.2795,1.2908600000000001,0.8878468151621756,0.8878468151621756,mixed_batch
798,"[64, 140, 309, 681]",4,1194,763,0.7023666666666667,0.7302599999999999,3.9713350102035805,3.9713350102035805,mixed_batch
799,"[64, 64, 320, 320, 576, 576]",6,1920,936,0.6525,0.9067200000000002,38.96091954022992,38.96091954022992,mixed_batch
800,"[192, 1536, 1536]",3,3264,2180,1.7220333333333333,2.2228000000000003,29.079963608911967,29.079963608911967,mixed_batch
801,"[64, 64, 64, 1536]",4,1728,1539,1.5225000000000002,1.5304600000000002,0.5228243021346448,0.5228243021346448,mixed_batch
802,"[128, 160, 192, 224]",4,704,359,0.25040000000000007,0.38217999999999996,52.62779552715649,52.62779552715649,mixed_batch
803,"[80, 80, 80, 80, 80, 1536]",6,1936,1546,1.5408666666666666,1.5342600000000002,-0.42876303379049197,0.42876303379049197,mixed_batch
804,"[256, 256, 256, 256, 256, 256, 256, 256]",8,2048,724,0.34773333333333334,0.6986399999999999,100.91257668711656,100.91257668711656,mixed_batch
805,"[465, 702, 808, 963]",4,2938,1513,1.1143333333333332,1.481,32.9045767274903,32.9045767274903,mixed_batch
806,"[488, 872]",2,1360,999,0.8819666666666667,0.9652199999999999,9.43951018557011,9.43951018557011,mixed_batch
807,"[32, 48, 72, 108, 162, 243]",6,665,324,0.26346666666666674,0.34274000000000004,30.08856275303642,30.08856275303642,mixed_batch
808,"[32, 38, 46, 55, 66, 79]",6,316,134,0.08213333333333335,0.13396,63.100649350649306,63.100649350649306,mixed_batch
809,"[32, 32, 32, 32, 32, 1792]",6,1952,1793,1.7957,1.80138,0.3163111878376069,0.3163111878376069,mixed_batch
810,"[776, 1576]",2,2352,1756,1.6561333333333335,1.7478799999999999,5.5398116093712115,5.5398116093712115,mixed_batch
811,"[256, 512, 768, 1024]",4,2560,1402,1.1199333333333334,1.3702,22.346568248110003,22.346568248110003,mixed_batch
812,"[96, 96, 96, 96, 96, 1024]",6,1504,1046,1.0189333333333332,1.0262600000000002,0.7190526040303841,0.7190526040303841,mixed_batch
813,"[384, 384, 384]",3,1152,665,0.41816666666666674,0.63602,52.09724990035869,52.09724990035869,mixed_batch
814,"[80, 80, 80, 1280]",4,1520,1287,1.2629666666666668,1.27232,0.7405843384623323,0.7405843384623323,mixed_batch
815,"[96, 144, 216, 324, 486, 729]",6,1995,974,0.7891666666666666,0.9410200000000002,19.24223864836329,19.24223864836329,mixed_batch
816,"[128, 230, 414, 746, 1343]",5,2861,1612,1.462966666666667,1.59476,9.008635421176123,9.008635421176123,mixed_batch
817,"[16, 28, 51, 93, 167, 302]",6,657,362,0.31813333333333327,0.38702,21.65339480301762,21.65339480301762,mixed_batch
818,"[112, 112, 112, 112, 112, 1024]",6,1584,1054,1.0211666666666666,1.02924,0.7905989880855274,0.7905989880855274,mixed_batch
819,"[1208, 1256]",2,2464,1742,1.3728333333333331,1.7342,26.322690299866476,26.322690299866476,mixed_batch
820,"[128, 192, 256, 320, 384, 448, 512]",7,2240,911,0.5928,0.88674,49.58502024291498,49.58502024291498,mixed_batch
821,"[96, 96, 96, 96, 96, 96, 96]",7,672,253,0.13773333333333335,0.24830000000000005,80.27589545014523,80.27589545014523,mixed_batch
822,"[64, 128, 192, 256]",4,640,350,0.2681,0.37368000000000007,39.38082804923538,39.38082804923538,mixed_batch
823,"[640, 640, 640]",3,1920,1108,0.7137,1.08304,51.75003502872355,51.75003502872355,mixed_batch
824,"[32, 32, 32, 1280]",4,1376,1281,1.2540333333333333,1.26562,0.9239520480582627,0.9239520480582627,mixed_batch
825,"[24, 48, 72, 120, 192, 312, 504]",7,1272,640,0.5309999999999999,0.5989199999999999,12.790960451977398,12.790960451977398,mixed_batch
826,"[112, 112, 112, 112, 2816]",5,3264,2824,2.9417999999999997,2.96828,0.9001291726154153,0.9001291726154153,mixed_batch
827,"[96, 96, 96, 1280]",4,1568,1290,1.2634333333333332,1.2754400000000001,0.9503205551012013,0.9503205551012013,mixed_batch
828,"[192, 224, 256, 288]",4,960,485,0.32253333333333334,0.44986,39.477056634973124,39.477056634973124,mixed_batch
829,"[192, 192, 192]",3,576,332,0.2053333333333333,0.35146000000000005,71.16558441558446,71.16558441558446,mixed_batch
830,"[384, 640, 896, 1152]",4,3072,1639,1.2846666666666666,1.61708,25.875454073689685,25.875454073689685,mixed_batch
831,"[112, 3072]",2,3184,3074,3.2215333333333334,3.2610600000000005,1.2269519690416724,1.2269519690416724,mixed_batch
832,"[589, 609, 1270]",3,2468,1526,1.3559999999999999,1.4935,10.14011799410031,10.14011799410031,mixed_batch
833,"[512, 768]",2,1280,923,0.7706333333333334,0.89726,16.431506553051587,16.431506553051587,mixed_batch
834,"[48, 48, 48, 48, 48, 2816]",6,3056,2818,2.9398999999999997,2.95896,0.648321371475223,0.648321371475223,mixed_batch
835,"[192, 288, 432, 648, 972]",5,2532,1292,1.0808666666666666,1.27622,18.073767963979517,18.073767963979517,mixed_batch
836,"[16, 16, 16, 16, 16, 1792]",6,1872,1792,1.7963999999999998,1.77406,-1.2435983077265536,1.2435983077265536,mixed_batch
837,"[96, 96, 96, 2816]",4,3104,2820,2.9406000000000003,2.96188,0.7236618377201768,0.7236618377201768,mixed_batch
838,"[112, 112, 2560]",3,2784,2564,2.6373333333333333,2.6644200000000007,1.0270475227502793,1.0270475227502793,mixed_batch
839,"[128, 128, 128, 128, 128, 128, 128, 128]",8,1024,362,0.17643333333333333,0.38692000000000004,119.30096353674666,119.30096353674666,mixed_batch
840,"[32, 32, 32, 32, 32, 32]",6,192,78,0.04040000000000001,0.06776,67.72277227722768,67.72277227722768,mixed_batch
841,"[64, 64, 128, 128, 192, 192, 256, 256, 320, 320]",10,1920,671,0.40249999999999997,0.64244,59.61242236024846,59.61242236024846,mixed_batch
842,"[96, 3072]",2,3168,3073,3.227366666666667,3.2585,0.9646667561789181,0.9646667561789181,mixed_batch
843,"[96, 288, 864]",3,1248,915,0.8674,0.8902599999999999,2.635462301129812,2.635462301129812,mixed_batch
844,"[32, 32, 32, 32, 32, 1024]",6,1184,1026,1.0009333333333335,1.0071400000000001,0.6200879179432556,0.6200879179432556,mixed_batch
845,"[96, 96, 96, 96, 96, 1536]",6,2016,1550,1.5398333333333334,1.5412599999999999,0.09265071977485431,0.09265071977485431,mixed_batch
846,"[64, 115, 207, 373, 671]",5,1430,805,0.7042,0.7695800000000002,9.284294234592458,9.284294234592458,mixed_batch
847,"[64, 64, 384, 768]",4,1280,863,0.7756666666666667,0.82548,6.42200257842715,6.42200257842715,mixed_batch
848,"[192, 192, 192, 192]",4,768,384,0.2280666666666667,0.41265999999999997,80.93832212803271,80.93832212803271,mixed_batch
849,"[32, 32, 1792]",3,1856,1792,1.7855,1.77282,-0.7101652198263806,0.7101652198263806,mixed_batch
850,"[64, 76, 92, 110, 132]",5,474,218,0.14233333333333337,0.20550000000000002,44.379391100702556,44.379391100702556,mixed_batch
851,"[32, 32, 32, 32, 1536]",5,1664,1537,1.5296,1.5284600000000002,-0.07452928870292357,0.07452928870292357,mixed_batch
852,"[128, 1536]",2,1664,1541,1.5165999999999997,1.53172,0.9969668996439567,0.9969668996439567,mixed_batch
853,"[64, 96, 128, 160, 192]",5,640,303,0.21206666666666668,0.31876000000000004,50.31122288588495,50.31122288588495,mixed_batch
854,"[16, 3072]",2,3088,3072,3.227066666666667,3.2198599999999997,-0.22331942321201656,0.22331942321201656,mixed_batch
855,"[128, 3072]",2,3200,3074,3.2245333333333335,3.2600000000000002,1.0999007608336118,1.0999007608336118,mixed_batch
856,"[96, 96, 96, 1024]",4,1312,1037,1.0103333333333333,1.01986,0.9429231276806351,0.9429231276806351,mixed_batch
857,"[32, 1792]",2,1824,1792,1.7779,1.7739800000000003,-0.2204848416671186,0.2204848416671186,mixed_batch
858,"[48, 96, 192, 384]",4,720,442,0.38850000000000007,0.39876,2.640926640926624,2.640926640926624,mixed_batch
859,"[16, 48, 144, 432]",4,640,458,0.4360666666666667,0.42272,-3.060694083473489,3.060694083473489,mixed_batch
860,"[112, 2048]",2,2160,2051,2.0630999999999995,2.08006,0.822063884445763,0.822063884445763,mixed_batch
861,"[128, 320, 800, 2000]",4,3248,2181,2.1452666666666667,2.22506,3.719506510457133,3.719506510457133,mixed_batch
862,"[32, 96, 160]",3,288,189,0.17416666666666666,0.17942,3.0162679425837315,3.0162679425837315,mixed_batch
863,"[192, 256, 320]",3,768,452,0.34110000000000007,0.41498,21.659337437701534,21.659337437701534,mixed_batch
864,"[96, 211, 464, 1022]",4,1793,1146,1.0496999999999999,1.1144400000000003,6.167476421834855,6.167476421834855,mixed_batch
865,"[64, 64, 128, 128, 192, 192, 256, 256, 320, 320, 384, 384]",12,2688,863,0.5037999999999999,0.8252599999999999,63.80706629614927,63.80706629614927,mixed_batch
866,"[64, 64, 64, 64, 2304]",5,2560,2307,2.3566333333333334,2.37454,0.7598410161388451,0.7598410161388451,mixed_batch
867,"[128, 224, 320, 416, 512]",5,1600,777,0.5624,0.74344,32.19061166429587,32.19061166429587,mixed_batch
868,"[64, 1024, 1536]",3,2624,1847,1.6296333333333333,1.8462399999999999,13.291742518767,13.291742518767,mixed_batch
869,"[96, 96, 1024]",3,1216,1032,0.9987333333333334,1.0146400000000002,1.5926840664842314,1.5926840664842314,mixed_batch
870,"[16, 16, 16, 16, 16, 3072]",6,3152,3072,3.231933333333333,3.2153199999999997,-0.5140370057138154,0.5140370057138154,mixed_batch
871,"[32, 64, 96]",3,192,119,0.07966666666666666,0.09368000000000001,17.589958158995838,17.589958158995838,mixed_batch
872,"[16, 16, 16, 16, 2816]",5,2880,2816,2.9334333333333333,2.9152400000000003,-0.6202061293364907,0.6202061293364907,mixed_batch
873,"[1428, 1844]",2,3272,2332,2.057,2.3976200000000003,16.55906660184737,16.55906660184737,mixed_batch
874,"[32, 224, 416]",3,672,473,0.4185,0.43854,4.788530465949822,4.788530465949822,mixed_batch
875,"[96, 160, 256, 416, 672, 1088]",6,2688,1381,1.197833333333333,1.35432,13.064143592597766,13.064143592597766,mixed_batch
876,"[64, 160, 400]",3,624,435,0.4010666666666666,0.39242,-2.1559175531914816,2.1559175531914816,mixed_batch
877,"[64, 64, 1024]",3,1152,1027,1.0028666666666666,1.01226,0.9366482749451603,0.9366482749451603,mixed_batch
878,"[96, 160]",2,256,186,0.17310000000000003,0.17654,1.9872905834777415,1.9872905834777415,mixed_batch
879,"[128, 128, 128, 128, 128, 192, 768]",7,1600,841,0.7863666666666667,0.8069199999999999,2.613708617693171,2.613708617693171,mixed_batch
880,"[48, 48, 48, 48, 2048]",5,2240,2050,2.0695,2.07882,0.45035032616572956,0.45035032616572956,mixed_batch
881,"[128, 128, 128, 1536]",4,1920,1551,1.5292,1.5416599999999998,0.8148051268637142,0.8148051268637142,mixed_batch
882,"[48, 48, 48, 2048]",4,2192,2049,2.068966666666667,2.0794000000000006,0.5042774976236319,0.5042774976236319,mixed_batch
883,"[192, 320, 448, 576, 704]",5,2240,1080,0.7902333333333333,1.05638,33.6795039439828,33.6795039439828,mixed_batch
884,"[32, 38, 46, 55, 66]",5,237,109,0.0623,0.08796000000000001,41.18780096308188,41.18780096308188,mixed_batch
885,"[192, 230, 276, 331, 398, 477]",6,1904,813,0.5547333333333334,0.7763199999999999,39.94471818291067,39.94471818291067,mixed_batch
886,"[32, 32, 32, 32, 32, 1280]",6,1440,1281,1.2626666666666668,1.266,0.2639915522703158,0.2639915522703158,mixed_batch
887,"[412, 1775]",2,2187,1822,1.8035333333333334,1.8275200000000003,1.3299818874062113,1.3299818874062113,mixed_batch
888,"[16, 16, 16, 16, 1536]",5,1600,1536,1.526333333333333,1.5014800000000001,-1.628303122952585,1.628303122952585,mixed_batch
889,"[32, 32, 1280]",3,1344,1280,1.254233333333333,1.2398,-1.1507693943178898,1.1507693943178898,mixed_batch
890,"[16, 32, 64, 128, 256, 512]",6,1008,591,0.5238666666666667,0.54962,4.916009162636795,4.916009162636795,mixed_batch
891,"[96, 160, 256, 416]",4,928,522,0.4415,0.48138000000000003,9.032842582106461,9.032842582106461,mixed_batch
892,"[32, 288, 544, 800]",4,1664,1009,0.8545333333333334,0.9748199999999999,14.076298954595085,14.076298954595085,mixed_batch
893,"[96, 211, 464]",3,771,518,0.47463333333333335,0.47783999999999993,0.6756092422220478,0.6756092422220478,mixed_batch
894,"[192, 384, 768, 1536]",4,2880,1770,1.6396333333333335,1.7587800000000002,7.266665311350103,7.266665311350103,mixed_batch
895,"[112, 1792]",2,1904,1795,1.7870333333333335,1.80194,0.834157169237654,0.834157169237654,mixed_batch
896,"[64, 128, 128, 192, 768]",5,1280,814,0.7701666666666667,0.7775000000000001,0.9521748539277317,0.9521748539277317,mixed_batch
897,"[768, 768, 768, 768]",4,3072,1536,0.9301,1.49986,61.25792925491882,61.25792925491882,mixed_batch
898,"[24, 48, 72, 120, 192, 312]",6,768,395,0.33490000000000003,0.34912,4.246043595103002,4.246043595103002,mixed_batch
899,"[64, 128, 128, 256, 384, 768, 1024]",7,2752,1374,1.1113333333333333,1.3463999999999998,21.151769646070775,21.151769646070775,mixed_batch
900,"[344, 376, 472, 1048]",4,2240,1257,1.1188,1.2186800000000002,8.92742223811228,8.92742223811228,mixed_batch
901,"[192, 384, 768]",3,1344,879,0.7834333333333333,0.8420200000000001,7.478194273071538,7.478194273071538,mixed_batch
902,"[256, 352, 448, 544, 640]",5,2240,1046,0.7234666666666667,1.0258800000000001,41.800589753040924,41.800589753040924,mixed_batch
903,"[112, 112, 1280]",3,1504,1289,1.2625,1.2739800000000001,0.9093069306930818,0.9093069306930818,mixed_batch
904,"[80, 488, 1383]",3,1951,1468,1.4028333333333332,1.44034,2.673636687655944,2.673636687655944,mixed_batch
905,"[536, 712]",2,1248,891,0.7384999999999999,0.8468,14.664861205145574,14.664861205145574,mixed_batch
906,"[536, 568, 664, 776]",4,2544,1285,0.9111,1.26854,39.23169794753594,39.23169794753594,mixed_batch
907,"[32, 32, 32, 32, 3072]",5,3200,3072,3.231066666666666,3.22078,-0.3183675153715836,0.3183675153715836,mixed_batch
908,"[64, 64, 2304]",3,2432,2305,2.354033333333333,2.3694400000000004,0.6544795457442079,0.6544795457442079,mixed_batch
909,"[128, 256, 256, 512]",4,1152,640,0.5300666666666667,0.59896,12.997107282102885,12.997107282102885,mixed_batch
910,"[16, 16, 1536]",3,1568,1536,1.5187,1.49738,-1.403832224929216,1.403832224929216,mixed_batch
911,"[48, 48, 3072]",3,3168,3072,3.231666666666667,3.21706,-0.4519855595667936,0.4519855595667936,mixed_batch
912,"[64, 76, 92, 110]",4,342,174,0.10306666666666667,0.16542000000000004,60.49805950840883,60.49805950840883,mixed_batch
913,"[64, 192, 576, 1728]",4,2560,1832,1.8061,1.83412,1.5514091135595998,1.5514091135595998,mixed_batch
914,"[128, 128, 128, 128]",4,512,256,0.14163333333333333,0.24868,75.58013650270652,75.58013650270652,mixed_batch
915,"[64, 64, 256, 256, 448, 448]",6,1536,735,0.49956666666666666,0.7053999999999999,41.20237539200639,41.20237539200639,mixed_batch
916,"[32, 128, 224, 320, 416, 512]",6,1632,777,0.5641,0.74438,31.958872540329725,31.958872540329725,mixed_batch
917,"[48, 96, 144, 240, 384, 624]",6,1536,791,0.6561666666666668,0.7568400000000002,15.342646685293376,15.342646685293376,mixed_batch
918,"[248, 296, 424, 712, 824]",5,2504,1230,0.9388333333333334,1.19706,27.505059470974608,27.505059470974608,mixed_batch
919,"[32, 224, 416, 608, 800, 992]",6,3072,1489,1.1362666666666668,1.4604000000000001,28.526167566298994,28.526167566298994,mixed_batch
920,"[16, 35, 77, 170]",4,298,190,0.13943333333333335,0.17934000000000003,28.62060721969878,28.62060721969878,mixed_batch
921,"[896, 896, 896]",3,2688,1551,1.031366666666667,1.53904,49.223360589509014,49.223360589509014,mixed_batch
922,"[32, 32, 32, 2304]",4,2400,2304,2.3486666666666673,2.33202,-0.7087709338632143,0.7087709338632143,mixed_batch
923,"[16, 32, 48, 80, 128, 208, 336]",7,848,427,0.3627666666666667,0.3815799999999999,5.186070017458395,5.186070017458395,mixed_batch
924,"[128, 128, 128, 2816]",4,3200,2824,2.934166666666667,2.9639199999999994,1.0140301050837515,1.0140301050837515,mixed_batch
925,"[384, 384, 384, 384, 384, 384]",6,2304,940,0.4871333333333333,0.9123199999999999,87.28342685096482,87.28342685096482,mixed_batch
926,"[96, 288, 480, 672]",4,1536,879,0.7191000000000001,0.84074,16.915588930607697,16.915588930607697,mixed_batch
927,"[16, 32, 64, 128, 256, 512, 1024]",7,2032,1182,1.0645999999999998,1.1534,8.341160999436429,8.341160999436429,mixed_batch
928,"[128, 320, 512, 704, 896]",5,2560,1295,0.9986666666666668,1.27984,28.154873164218948,28.154873164218948,mixed_batch
929,"[96, 96, 2560]",3,2752,2563,2.6407,2.6614200000000006,0.7846404362479926,0.7846404362479926,mixed_batch
930,"[48, 48, 48, 48, 48, 1024]",6,1264,1029,1.0070333333333334,1.0139400000000003,0.685842904902205,0.685842904902205,mixed_batch
931,"[128, 128, 1792]",3,2048,1801,1.7913666666666668,1.8069600000000001,0.8704713347351192,0.8704713347351192,mixed_batch
932,"[32, 32, 32, 32, 32, 2560]",6,2720,2560,2.642833333333333,2.62378,-0.7209434319227946,0.7209434319227946,mixed_batch
933,"[128, 1280]",2,1408,1286,1.2514,1.27064,1.5374780246124278,1.5374780246124278,mixed_batch
934,"[24, 48, 72, 120]",4,264,149,0.1044,0.14534000000000002,39.2145593869732,39.2145593869732,mixed_batch
935,"[128, 384, 1024]",3,1536,1101,1.0271666666666666,1.0792,5.0657147493104056,5.0657147493104056,mixed_batch
936,"[96, 224, 352, 480, 608]",5,1760,885,0.6631666666666666,0.8449,27.403870319175688,27.403870319175688,mixed_batch
937,"[112, 112, 112, 1024]",4,1360,1042,1.0061333333333333,1.0219200000000002,1.56904320169628,1.56904320169628,mixed_batch
938,"[192, 256, 384, 512]",4,1344,715,0.5425333333333333,0.69006,27.192184811993126,27.192184811993126,mixed_batch
939,"[16, 48, 144, 432, 1296]",5,1936,1374,1.3418666666666668,1.34644,0.34081875993640587,0.34081875993640587,mixed_batch
940,"[64, 64, 64, 64, 64, 2304]",6,2624,2308,2.3580666666666668,2.3705,0.527268100986673,0.527268100986673,mixed_batch
941,"[64, 96, 144, 216, 324]",5,844,430,0.3524333333333334,0.38520000000000004,9.297266622529083,9.297266622529083,mixed_batch
942,"[384, 384, 384, 384]",4,1536,768,0.44386666666666674,0.73446,65.46860919194951,65.46860919194951,mixed_batch
943,"[96, 192, 288, 384]",4,960,525,0.40920000000000006,0.48394000000000004,18.264907135874868,18.264907135874868,mixed_batch
944,"[16, 19, 23, 27, 33]",5,118,54,0.03820000000000001,0.04718,23.507853403141326,23.507853403141326,mixed_batch
945,"[122, 553, 1483]",3,2158,1587,1.5258666666666667,1.5682399999999999,2.777001048584399,2.777001048584399,mixed_batch
946,"[708, 1792]",2,2500,1926,1.8585333333333331,1.9446400000000004,4.633043977329825,4.633043977329825,mixed_batch
947,"[80, 80, 80, 2048]",4,2288,2052,2.0772333333333335,2.08086,0.17459120304249778,0.17459120304249778,mixed_batch
948,"[16, 32, 48]",3,96,59,0.04496666666666667,0.0513,14.084507042253513,14.084507042253513,mixed_batch
949,"[192, 288, 384]",3,864,516,0.4021666666666667,0.47556000000000004,18.249481972648162,18.249481972648162,mixed_batch
950,"[96, 96, 96, 96, 2304]",5,2688,2311,2.366866666666667,2.37466,0.3292679491873732,0.3292679491873732,mixed_batch
951,"[112, 112, 1792]",3,2016,1798,1.7878666666666667,1.8019200000000002,0.7860392273846002,0.7860392273846002,mixed_batch
952,"[1324, 1481]",2,2805,1986,1.643,1.9985399999999998,21.639683505782088,21.639683505782088,mixed_batch
953,"[256, 320, 384, 448, 512, 576, 640]",7,3136,1232,0.7781666666666668,1.19714,53.84107946026986,53.84107946026986,mixed_batch
954,"[48, 57, 69, 82, 99]",5,355,163,0.09656666666666668,0.15842,64.05246807041766,64.05246807041766,mixed_batch
955,"[128, 128, 128, 128, 128, 128, 128]",7,896,338,0.17316666666666664,0.35772,106.5755534167469,106.5755534167469,mixed_batch
956,"[48, 96, 144]",3,288,179,0.16190000000000002,0.17098000000000002,5.6084002470660925,5.6084002470660925,mixed_batch
957,"[96, 144, 216, 324, 486]",5,1266,646,0.5199333333333334,0.6221599999999999,19.66149506346966,19.66149506346966,mixed_batch
958,"[128, 128]",2,256,181,0.10386666666666666,0.17099999999999999,64.6341463414634,64.6341463414634,mixed_batch
959,"[532, 1832]",2,2364,1907,1.8969666666666665,1.89974,0.14619831661073907,0.14619831661073907,mixed_batch
960,"[32, 80, 200]",3,312,217,0.22129999999999997,0.20476,-7.47401717126072,7.47401717126072,mixed_batch
961,"[32, 64, 128, 256, 512, 1024]",6,2016,1182,1.0615333333333332,1.15444,8.75211957545689,8.75211957545689,mixed_batch
962,"[16, 1024]",2,1040,1024,0.9917,0.9827600000000001,-0.9014823031158563,0.9014823031158563,mixed_batch
963,"[96, 2816]",2,2912,2817,2.9221666666666666,2.9611600000000005,1.334397992357288,1.334397992357288,mixed_batch
964,"[256, 256, 256, 256]",4,1024,512,0.29503333333333337,0.47763999999999995,61.89357134787026,61.89357134787026,mixed_batch
965,"[40, 60, 90, 135, 202, 303, 455, 683]",8,1968,915,0.7560666666666667,0.8919400000000002,17.971078388149216,17.971078388149216,mixed_batch
966,"[33, 49, 74, 111, 167, 250, 375]",7,1059,502,0.4050000000000001,0.46676,15.249382716049361,15.249382716049361,mixed_batch
967,"[47, 190, 1789]",3,2026,1799,1.796,1.8065799999999999,0.5890868596881855,0.5890868596881855,mixed_batch
968,"[45, 67, 101, 151, 227]",5,591,301,0.24026666666666668,0.31642000000000003,31.6953385127636,31.6953385127636,mixed_batch
969,"[62, 93]",2,155,111,0.0798,0.08884000000000002,11.328320802005038,11.328320802005038,mixed_batch
970,"[482, 653, 691]",3,1826,1065,0.7659,1.03854,35.59733646690168,35.59733646690168,mixed_batch
971,"[70, 105, 157]",3,332,201,0.1791333333333333,0.19030000000000002,6.233717901004865,6.233717901004865,mixed_batch
972,"[34, 46, 75, 195, 969]",5,1319,992,0.9684666666666667,0.95702,-1.1819370826736473,1.1819370826736473,mixed_batch
973,"[56, 167, 176, 887, 1270]",5,2556,1568,1.3691,1.55464,13.551968446424661,13.551968446424661,mixed_batch
974,"[43, 51, 1374]",3,1468,1375,1.3607333333333336,1.34884,-0.8740385086473126,0.8740385086473126,mixed_batch
975,"[120, 180, 270, 405, 607]",5,1582,807,0.6573000000000001,0.7721,17.465388711395082,17.465388711395082,mixed_batch
976,"[79, 181, 975, 1578]",4,2813,1865,1.7117666666666669,1.8670199999999997,9.06977197047881,9.06977197047881,mixed_batch
977,"[192, 218, 314, 375, 388, 389, 484, 494]",8,2854,1050,0.6355666666666667,1.02648,61.50626737294802,61.50626737294802,mixed_batch
978,"[59, 124, 987]",3,1170,996,0.9711333333333334,0.9643599999999999,-0.6974668771881842,0.6974668771881842,mixed_batch
979,"[377, 476]",2,853,607,0.4852333333333334,0.5659799999999999,16.64079137184856,16.64079137184856,mixed_batch
980,"[174, 283, 310, 437]",4,1204,630,0.47603333333333336,0.5909,24.129962887752946,24.129962887752946,mixed_batch
981,"[415, 914, 951]",3,2280,1382,1.0533333333333332,1.3526000000000002,28.411392405063328,28.411392405063328,mixed_batch
982,"[388, 486, 496, 542, 613, 660]",6,3185,1318,0.8283333333333334,1.30038,56.98752515090544,56.98752515090544,mixed_batch
983,"[510, 969]",2,1479,1095,0.9804,1.07394,9.541003671970607,9.541003671970607,mixed_batch
984,"[119, 178, 267]",3,564,342,0.2751,0.36162,31.450381679389306,31.450381679389306,mixed_batch
985,"[49, 73, 110, 165, 248]",5,645,329,0.26159999999999994,0.34830000000000005,33.14220183486243,33.14220183486243,mixed_batch
986,"[300, 323, 472, 590]",4,1685,874,0.6491333333333333,0.8342599999999999,28.519051042415512,28.519051042415512,mixed_batch
987,"[40, 60, 90, 135, 202]",5,527,268,0.2098666666666667,0.2747,30.892630241423102,30.892630241423102,mixed_batch
988,"[108, 139, 1791]",3,2038,1799,1.8035666666666668,1.8046,0.05729388064390298,0.05729388064390298,mixed_batch
989,"[90, 135, 202, 303, 455, 683]",6,1868,912,0.7466333333333333,0.8849600000000001,18.526719942854612,18.526719942854612,mixed_batch
990,"[70, 105]",2,175,126,0.08686666666666668,0.09838,13.2540291634689,13.2540291634689,mixed_batch
991,"[190, 1578]",2,1768,1589,1.5848333333333335,1.5737999999999999,-0.6961825638868654,0.6961825638868654,mixed_batch
992,"[66, 108, 184, 1456]",4,1814,1473,1.4644666666666668,1.4472600000000004,-1.1749442345335983,1.1749442345335983,mixed_batch
993,"[93, 139, 209, 313, 470, 706]",6,1930,942,0.7676999999999999,0.9110800000000001,18.676566367070492,18.676566367070492,mixed_batch
994,"[82, 123, 184, 276]",4,665,363,0.2942333333333334,0.38876,32.12643027076014,32.12643027076014,mixed_batch
995,"[390, 550, 604, 924]",4,2468,1293,1.0371000000000001,1.27658,23.091312313180975,23.091312313180975,mixed_batch
996,"[73, 109, 164, 246, 369, 554]",6,1515,740,0.5985,0.71248,19.04427736006683,19.04427736006683,mixed_batch
997,"[283, 479, 532, 660, 664]",5,2618,1212,0.8084666666666667,1.17564,45.41601385338501,45.41601385338501,mixed_batch
998,"[119, 178, 267, 401, 602, 903]",6,2470,1206,1.0127000000000002,1.1725400000000001,15.783548928606692,15.783548928606692,mixed_batch
999,"[41, 124, 169, 184, 195, 974]",6,1687,1032,0.9995999999999998,1.01574,1.614645858343364,1.614645858343364,mixed_batch
1000,"[116, 174]",2,290,209,0.18886666666666668,0.19618,3.8722202612071883,3.8722202612071883,mixed_batch
