test_case,prefill_lengths,batch_size,total_tokens,equivalent_length,actual_time_ms,estimated_time_ms,error_percent,abs_error_percent,test_type
1,"[4042, 4042, 4042, 4042, 4042, 4042, 4042, 4042, 4042, 4042, 4042, 4042, 4042, 4042, 4042, 4042, 4042, 4042, 4042, 4042]",20,80840,4042,20.363733333333336,3.7769800000000004,-81.45241867895867,81.45241867895867,mixed_batch
2,"[3289, 3289, 3289, 3289, 3289, 3289, 3289, 3289, 3289, 3289]",10,32890,3289,8.353000000000002,2.97654,-64.36561714354126,64.36561714354126,mixed_batch
3,"[10276, 10276, 10276, 10276, 10276, 10276, 10276, 10276, 10276, 10276, 10276, 10276, 10276, 10276, 10276, 10276, 10276, 10276, 10276, 10276, 10276, 10276, 10276, 10276, 10276, 10276, 10276, 10276, 10276, 10276, 10276, 10276]",32,328832,10276,172.0758,12.063419999999999,-92.98947324376815,92.98947324376815,mixed_batch
4,"[3640, 3640, 3640, 3640, 3640, 3640, 3640, 3640, 3640, 3640, 3640, 3640]",12,43680,3640,11.335433333333333,3.35944,-70.36337384543452,70.36337384543452,mixed_batch
5,"[4193, 4193, 4193, 4193, 4193, 4193, 4193, 4193, 4193, 4193, 4193, 4193, 4193, 4193, 4193, 4193]",16,67088,4193,17.802799999999998,3.9336800000000003,-77.90414990900307,77.90414990900307,mixed_batch
6,"[6829, 6829]",2,13658,6829,9.532866666666665,7.112779999999999,-25.386767184407628,25.386767184407628,mixed_batch
7,"[5104, 5104]",2,10208,5104,6.342266666666666,4.9381200000000005,-22.139508482771657,22.139508482771657,mixed_batch
8,"[3038, 3038, 3038, 3038, 3038, 3038, 3038]",7,21266,3038,5.841799999999999,2.72152,-53.41298914718065,53.41298914718065,mixed_batch
9,"[11007, 11007, 11007, 11007, 11007, 11007, 11007, 11007, 11007, 11007, 11007, 11007, 11007, 11007, 11007, 11007, 11007, 11007, 11007, 11007, 11007, 11007, 11007, 11007]",24,264168,11007,147.47973333333334,13.110380000000001,-91.1103853365615,91.1103853365615,mixed_batch
10,"[2658, 2658, 2658, 2658, 2658, 2658, 2658, 2658, 2658, 2658, 2658, 2658, 2658, 2658, 2658, 2658, 2658, 2658, 2658, 2658, 2658, 2658, 2658, 2658]",24,63792,2658,11.583533333333332,2.3425000000000002,-79.77732758571074,79.77732758571074,mixed_batch
11,[7179],1,7179,7179,7.58588,7.58588,0.0,0.0,single_prefill
12,"[7989, 7989, 7989, 7989, 7989, 7989, 7989]",7,55923,7989,27.578733333333332,8.657100000000002,-68.60950829262161,68.60950829262161,mixed_batch
13,"[9272, 9272]",2,18544,9272,14.785400000000001,10.49868,-28.992925453487906,28.992925453487906,mixed_batch
14,"[3846, 3846]",2,7692,3846,4.451499999999999,3.5781,-19.620352690104443,19.620352690104443,mixed_batch
15,"[4429, 4429, 4429, 4429, 4429, 4429, 4429, 4429, 4429, 4429, 4429, 4429]",12,53148,4429,15.582733333333334,4.1938200000000005,-73.0867498641659,73.0867498641659,mixed_batch
16,"[6336, 6336]",2,12672,6336,8.545766666666667,6.4616,-24.388293619062857,24.388293619062857,mixed_batch
17,"[3554, 3554, 3554, 3554, 3554, 3554, 3554, 3554, 3554, 3554, 3554, 3554, 3554, 3554, 3554, 3554, 3554, 3554, 3554, 3554]",20,71080,3554,16.129833333333334,3.2514000000000003,-79.84232116471549,79.84232116471549,mixed_batch
18,"[8511, 8511, 8511, 8511, 8511, 8511, 8511, 8511]",8,68088,8511,34.285133333333334,9.379340000000003,-72.6431281196709,72.6431281196709,mixed_batch
19,"[1301, 1301, 1301, 1301, 1301, 1301, 1301, 1301]",8,10408,1301,2.0124666666666666,1.1072600000000004,-44.97995826017821,44.97995826017821,mixed_batch
20,"[6654, 6654]",2,13308,6654,9.109433333333333,6.83536,-24.963938481354496,24.963938481354496,mixed_batch
21,"[6299, 6299]",2,12598,6299,8.537566666666667,6.43688,-24.605215381431865,24.605215381431865,mixed_batch
22,"[4863, 4863, 4863, 4863, 4863, 4863, 4863, 4863, 4863, 4863]",10,48630,4863,15.5733,4.656860000000001,-70.09715346137297,70.09715346137297,mixed_batch
23,"[3630, 3630, 3630, 3630, 3630, 3630, 3630, 3630, 3630, 3630]",10,36300,3630,9.904533333333333,3.34964,-66.18073878627968,66.18073878627968,mixed_batch
24,"[4128, 4128, 4128]",3,12384,4128,5.7765,3.89048,-32.64987449147408,32.64987449147408,mixed_batch
25,"[7918, 7918, 7918, 7918, 7918, 7918, 7918, 7918]",8,63344,7918,29.9834,8.506780000000001,-71.62836769679221,71.62836769679221,mixed_batch
26,"[1508, 1508, 1508]",3,4524,1508,1.5956333333333335,1.27088,-20.352629050115947,20.352629050115947,mixed_batch
27,"[10594, 10594]",2,21188,10594,17.980633333333333,12.501500000000002,-30.472415691697908,30.472415691697908,mixed_batch
28,"[9304, 9304, 9304, 9304, 9304, 9304, 9304, 9304, 9304, 9304, 9304, 9304, 9304, 9304, 9304, 9304, 9304, 9304, 9304, 9304, 9304, 9304, 9304, 9304]",24,223296,9304,108.3133,10.5267,-90.28124893249489,90.28124893249489,mixed_batch
29,"[8314, 8314, 8314, 8314, 8314, 8314, 8314, 8314]",8,66512,8314,32.572633333333336,9.053139999999999,-72.2062999716531,72.2062999716531,mixed_batch
30,"[1848, 1848, 1848, 1848, 1848, 1848, 1848]",7,12936,1848,2.924,1.58322,-45.85430916552667,45.85430916552667,mixed_batch
31,"[9100, 9100, 9100, 9100, 9100, 9100, 9100, 9100]",8,72800,9100,39.13096666666667,10.275780000000001,-73.74003027440331,73.74003027440331,mixed_batch
32,"[10826, 10826, 10826]",3,32478,10826,24.251433333333335,12.879819999999999,-46.890479325620625,46.890479325620625,mixed_batch
33,"[3170, 3170, 3170]",3,9510,3170,3.999133333333333,2.8502400000000003,-28.728557854201732,28.728557854201732,mixed_batch
34,"[10227, 10227, 10227]",3,30681,10227,22.0305,11.8774,-46.08656181203332,46.08656181203332,mixed_batch
35,"[10894, 10894, 10894, 10894, 10894, 10894, 10894, 10894, 10894, 10894, 10894, 10894]",12,130728,10894,77.70169999999999,13.051319999999999,-83.20330185826049,83.20330185826049,mixed_batch
36,"[2538, 2538, 2538, 2538, 2538, 2538, 2538, 2538, 2538, 2538, 2538, 2538, 2538, 2538, 2538, 2538, 2538, 2538, 2538, 2538]",20,50760,2538,9.239166666666668,2.22872,-75.87747812753676,75.87747812753676,mixed_batch
37,"[3212, 3212]",2,6424,3212,3.5476,2.9223400000000006,-17.624873153681346,17.624873153681346,mixed_batch
38,"[1918, 1918, 1918, 1918, 1918, 1918, 1918, 1918, 1918, 1918, 1918, 1918, 1918, 1918, 1918, 1918, 1918, 1918, 1918, 1918, 1918, 1918, 1918, 1918]",24,46032,1918,6.712933333333334,1.63248,-75.68156990486027,75.68156990486027,mixed_batch
39,"[4878, 4878]",2,9756,4878,6.0484333333333336,4.72028,-21.958633916220734,21.958633916220734,mixed_batch
40,"[1805, 1805, 1805, 1805]",4,7220,1805,2.236666666666667,1.5548000000000002,-30.485842026825626,30.485842026825626,mixed_batch
41,"[7651, 7651, 7651, 7651]",4,30604,7651,16.89166666666667,8.17706,-51.591159348791315,51.591159348791315,mixed_batch
42,"[2666, 2666, 2666, 2666, 2666, 2666, 2666, 2666, 2666, 2666, 2666, 2666, 2666, 2666, 2666, 2666, 2666, 2666, 2666, 2666, 2666, 2666, 2666, 2666, 2666, 2666, 2666, 2666, 2666, 2666, 2666, 2666]",32,85312,2666,14.794,2.7568999999999995,-81.36474246316074,81.36474246316074,mixed_batch
43,[7483],1,7483,7483,7.9773999999999985,7.9773999999999985,0.0,0.0,single_prefill
44,"[2402, 2402, 2402, 2402, 2402, 2402, 2402, 2402, 2402, 2402, 2402, 2402, 2402, 2402, 2402, 2402, 2402, 2402, 2402, 2402, 2402, 2402, 2402, 2402, 2402, 2402, 2402, 2402, 2402, 2402, 2402, 2402]",32,76864,2402,12.471466666666666,2.0898600000000003,-83.24286905576463,83.24286905576463,mixed_batch
45,"[2372, 2372, 2372, 2372, 2372, 2372, 2372, 2372]",8,18976,2372,4.4646333333333335,2.08628,-53.27096663406476,53.27096663406476,mixed_batch
46,"[2495, 2495, 2495, 2495, 2495, 2495, 2495, 2495, 2495, 2495, 2495, 2495]",12,29940,2495,6.271933333333334,2.19516,-65.00026573411706,65.00026573411706,mixed_batch
47,"[568, 568, 568, 568, 568]",5,2840,568,0.6237,0.44899999999999995,-28.01026134359469,28.01026134359469,mixed_batch
48,"[9478, 9478, 9478, 9478, 9478, 9478, 9478]",7,66346,9478,37.415600000000005,10.83142,-71.05105891660163,71.05105891660163,mixed_batch
49,"[10564, 10564, 10564, 10564, 10564, 10564, 10564]",7,73948,10564,44.972300000000004,12.46018,-72.29365631733312,72.29365631733312,mixed_batch
50,"[5171, 5171, 5171, 5171, 5171, 5171, 5171, 5171, 5171, 5171, 5171, 5171, 5171, 5171, 5171, 5171, 5171, 5171, 5171, 5171]",20,103420,5171,31.405433333333338,5.075760000000001,-83.8379558526497,83.8379558526497,mixed_batch
51,"[8455, 8455]",2,16910,8455,12.979866666666666,9.342279999999999,-28.024838467780878,28.024838467780878,mixed_batch
52,"[2902, 2902, 2902, 2902, 2902, 2902, 2902, 2902, 2902, 2902, 2902, 2902, 2902, 2902, 2902, 2902, 2902, 2902, 2902, 2902, 2902, 2902, 2902, 2902]",24,69648,2902,13.479866666666666,2.58986,-80.78719868643607,80.78719868643607,mixed_batch
53,"[4903, 4903, 4903, 4903, 4903, 4903, 4903, 4903]",8,39224,4903,13.679666666666668,4.748959999999999,-65.28453422354347,65.28453422354347,mixed_batch
54,"[5292, 5292, 5292, 5292, 5292, 5292]",6,31752,5292,12.5526,5.19538,-58.61112438857289,58.61112438857289,mixed_batch
55,"[7276, 7276, 7276, 7276, 7276, 7276, 7276, 7276]",8,58208,7276,25.952566666666666,7.657820000000001,-70.49301482062789,70.49301482062789,mixed_batch
56,"[8231, 8231, 8231, 8231, 8231]",5,41155,8231,22.49913333333333,8.992479999999999,-60.031882709556214,60.031882709556214,mixed_batch
57,"[8760, 8760, 8760, 8760, 8760, 8760]",6,52560,8760,28.649733333333337,9.72832,-66.04394223564618,66.04394223564618,mixed_batch
58,"[4605, 4605, 4605, 4605, 4605, 4605, 4605, 4605, 4605, 4605, 4605, 4605, 4605, 4605, 4605, 4605, 4605, 4605, 4605, 4605, 4605, 4605, 4605, 4605]",24,110520,4605,29.379266666666673,4.3647,-85.14360467359067,85.14360467359067,mixed_batch
59,[1028],1,1028,1028,0.8633799999999999,0.8633799999999999,0.0,0.0,single_prefill
60,"[8020, 8020, 8020]",3,24060,8020,15.088766666666666,8.678899999999999,-42.48105102471376,42.48105102471376,mixed_batch
61,"[3802, 3802, 3802, 3802, 3802, 3802, 3802, 3802, 3802, 3802, 3802, 3802, 3802, 3802, 3802, 3802, 3802, 3802, 3802, 3802, 3802, 3802, 3802, 3802]",24,91248,3802,21.283,3.5235999999999996,-83.44406333693559,83.44406333693559,mixed_batch
62,"[3918, 3918]",2,7836,3918,4.507766666666667,3.6410399999999994,-19.227407511480205,19.227407511480205,mixed_batch
63,"[8049, 8049, 8049, 8049, 8049, 8049, 8049, 8049, 8049, 8049, 8049, 8049, 8049, 8049, 8049, 8049, 8049, 8049, 8049, 8049, 8049, 8049, 8049, 8049, 8049, 8049, 8049, 8049, 8049, 8049, 8049, 8049]",32,257568,8049,107.80223333333333,8.68904,-91.93983303376213,91.93983303376213,mixed_batch
64,"[4347, 4347, 4347, 4347, 4347, 4347, 4347, 4347, 4347, 4347, 4347, 4347, 4347, 4347, 4347, 4347, 4347, 4347, 4347, 4347]",20,86940,4347,22.656933333333335,4.09054,-81.94574729148398,81.94574729148398,mixed_batch
65,"[6626, 6626, 6626, 6626, 6626, 6626, 6626, 6626, 6626, 6626, 6626, 6626, 6626, 6626, 6626, 6626, 6626, 6626, 6626, 6626]",20,132520,6626,48.8159,6.8185199999999995,-86.03217394332584,86.03217394332584,mixed_batch
66,"[10844, 10844, 10844, 10844, 10844, 10844, 10844, 10844, 10844, 10844, 10844, 10844]",12,130128,10844,76.09593333333335,12.882,-83.07136868461653,83.07136868461653,mixed_batch
67,"[9772, 9772, 9772, 9772, 9772, 9772, 9772, 9772, 9772, 9772, 9772, 9772]",12,117264,9772,63.319066666666664,11.26414,-82.21050847243485,82.21050847243485,mixed_batch
68,[90],1,90,90,0.06033999999999999,0.06033999999999999,0.0,0.0,single_prefill
69,"[3294, 3294, 3294, 3294]",4,13176,3294,4.810733333333333,2.9811199999999998,-38.03190088829147,38.03190088829147,mixed_batch
70,"[1616, 1616, 1616, 1616, 1616, 1616, 1616]",7,11312,1616,2.4264333333333337,1.4824599999999999,-38.903740744302354,38.903740744302354,mixed_batch
71,"[2568, 2568, 2568, 2568, 2568, 2568, 2568, 2568]",8,20544,2568,5.309733333333333,2.26714,-57.30218717826382,57.30218717826382,mixed_batch
72,"[5960, 5960, 5960, 5960, 5960, 5960, 5960, 5960, 5960, 5960]",10,59600,5960,22.2741,5.99,-73.10777988785182,73.10777988785182,mixed_batch
73,"[9056, 9056, 9056, 9056, 9056]",5,45280,9056,26.090733333333333,10.149060000000002,-61.100901725005805,61.100901725005805,mixed_batch
74,"[1220, 1220, 1220, 1220, 1220, 1220]",6,7320,1220,1.592066666666667,1.02302,-35.742640592940006,35.742640592940006,mixed_batch
75,"[4447, 4447, 4447, 4447, 4447, 4447, 4447, 4447, 4447, 4447, 4447, 4447, 4447, 4447, 4447, 4447, 4447, 4447, 4447, 4447, 4447, 4447, 4447, 4447, 4447, 4447, 4447, 4447, 4447, 4447, 4447, 4447]",32,142304,4447,36.13386666666667,4.20764,-88.35541172824018,88.35541172824018,mixed_batch
76,"[9230, 9230, 9230, 9230, 9230, 9230, 9230, 9230, 9230, 9230, 9230, 9230]",12,110760,9230,57.277233333333335,10.46234,-81.73385935191237,81.73385935191237,mixed_batch
77,[5245],1,5245,5245,5.1277,5.1277,0.0,0.0,single_prefill
78,[925],1,925,925,0.7670800000000001,0.7670800000000001,0.0,0.0,single_prefill
79,[10009],1,10009,10009,11.61946,11.61946,0.0,0.0,single_prefill
80,"[10616, 10616]",2,21232,10616,18.001033333333332,12.51788,-30.460214321029717,30.460214321029717,mixed_batch
81,"[6399, 6399, 6399]",3,19197,6399,10.629499999999998,6.523179999999999,-38.63135613152077,38.63135613152077,mixed_batch
82,[6555],1,6555,6555,6.7711,6.7711,0.0,0.0,single_prefill
83,"[5410, 5410, 5410, 5410, 5410, 5410, 5410]",7,37870,5410,14.501533333333333,5.35302,-63.08652418364955,63.08652418364955,mixed_batch
84,"[6137, 6137, 6137, 6137, 6137, 6137, 6137, 6137, 6137, 6137, 6137, 6137, 6137, 6137, 6137, 6137, 6137, 6137, 6137, 6137]",20,122740,6137,42.10106666666667,6.19402,-85.28773617770571,85.28773617770571,mixed_batch
85,[9845],1,9845,9845,11.313860000000002,11.313860000000002,0.0,0.0,single_prefill
86,"[5617, 5617, 5617, 5617, 5617, 5617, 5617, 5617]",8,44936,5617,16.759666666666668,5.552860000000001,-66.86771813281887,66.86771813281887,mixed_batch
87,"[7999, 7999, 7999, 7999, 7999, 7999, 7999, 7999, 7999, 7999, 7999, 7999, 7999, 7999, 7999, 7999, 7999, 7999, 7999, 7999, 7999, 7999, 7999, 7999]",24,191976,7999,82.27080000000001,8.6562,-89.4784054609898,89.4784054609898,mixed_batch
88,"[9798, 9798, 9798, 9798, 9798, 9798, 9798, 9798, 9798, 9798, 9798, 9798]",12,117576,9798,63.386300000000006,11.282680000000001,-82.20012841891703,82.20012841891703,mixed_batch
89,"[9356, 9356, 9356, 9356, 9356, 9356, 9356, 9356, 9356, 9356, 9356, 9356]",12,112272,9356,58.7073,10.65434,-81.85176289831078,81.85176289831078,mixed_batch
90,"[3303, 3303, 3303, 3303, 3303, 3303, 3303, 3303, 3303, 3303, 3303, 3303, 3303, 3303, 3303, 3303, 3303, 3303, 3303, 3303, 3303, 3303, 3303, 3303, 3303, 3303, 3303, 3303, 3303, 3303, 3303, 3303]",32,105696,3303,21.357133333333337,2.98884,-86.00542519751403,86.00542519751403,mixed_batch
91,"[2786, 2786, 2786, 2786, 2786, 2786, 2786, 2786, 2786, 2786, 2786, 2786, 2786, 2786, 2786, 2786, 2786, 2786, 2786, 2786, 2786, 2786, 2786, 2786]",24,66864,2786,12.528433333333332,2.46386,-80.3338539269342,80.3338539269342,mixed_batch
92,"[2176, 2176, 2176, 2176, 2176, 2176, 2176]",7,15232,2176,3.5640333333333336,2.0623,-42.13578249361679,42.13578249361679,mixed_batch
93,"[6690, 6690, 6690, 6690, 6690, 6690, 6690, 6690, 6690, 6690, 6690, 6690, 6690, 6690, 6690, 6690, 6690, 6690, 6690, 6690, 6690, 6690, 6690, 6690, 6690, 6690, 6690, 6690, 6690, 6690, 6690, 6690]",32,214080,6690,78.1429,6.924580000000001,-91.13856793131558,91.13856793131558,mixed_batch
94,"[10159, 10159, 10159]",3,30477,10159,21.96923333333333,11.81634,-46.21414493298961,46.21414493298961,mixed_batch
95,"[6075, 6075, 6075, 6075, 6075, 6075, 6075, 6075, 6075, 6075, 6075, 6075, 6075, 6075, 6075, 6075, 6075, 6075, 6075, 6075, 6075, 6075, 6075, 6075]",24,145800,6075,49.74316666666667,6.13996,-87.65667646142352,87.65667646142352,mixed_batch
96,"[2715, 2715, 2715, 2715, 2715, 2715, 2715, 2715, 2715, 2715, 2715, 2715, 2715, 2715, 2715, 2715, 2715, 2715, 2715, 2715, 2715, 2715, 2715, 2715]",24,65160,2715,12.419099999999998,2.41266,-80.57298838080054,80.57298838080054,mixed_batch
97,"[5453, 5453, 5453, 5453, 5453, 5453, 5453]",7,38171,5453,14.539733333333334,5.37472,-63.03426014232265,63.03426014232265,mixed_batch
98,[520],1,520,520,0.41224,0.41224,0.0,0.0,single_prefill
99,"[7654, 7654, 7654, 7654, 7654, 7654, 7654, 7654, 7654, 7654, 7654, 7654, 7654, 7654, 7654, 7654, 7654, 7654, 7654, 7654, 7654, 7654, 7654, 7654]",24,183696,7654,75.27203333333333,8.18012,-89.1325906345916,89.1325906345916,mixed_batch
100,"[10500, 10500, 10500, 10500, 10500]",5,52500,10500,33.97913333333334,12.4161,-63.45963306892269,63.45963306892269,mixed_batch
101,"[3489, 3489, 3489, 3489, 3489, 3489, 3489, 3489, 3489, 3489, 3489, 3489, 3489, 3489, 3489, 3489]",16,55824,3489,13.433733333333333,3.2013999999999996,-76.16894782289361,76.16894782289361,mixed_batch
102,"[3524, 3524, 3524, 3524, 3524, 3524, 3524, 3524, 3524, 3524]",10,35240,3524,9.418766666666667,3.220060000000001,-65.81229672674766,65.81229672674766,mixed_batch
103,"[2883, 2883, 2883, 2883, 2883, 2883, 2883, 2883, 2883, 2883, 2883, 2883, 2883, 2883, 2883, 2883]",16,46128,2883,9.735766666666667,2.57118,-73.59036953090494,73.59036953090494,mixed_batch
104,"[1676, 1676, 1676, 1676, 1676, 1676]",6,10056,1676,2.4250333333333334,1.58248,-34.743989773336445,34.743989773336445,mixed_batch
105,"[8960, 8960, 8960, 8960, 8960, 8960, 8960, 8960, 8960, 8960, 8960, 8960, 8960, 8960, 8960, 8960, 8960, 8960, 8960, 8960]",20,179200,8960,84.73766666666668,10.002360000000001,-88.19608753289565,88.19608753289565,mixed_batch
106,"[864, 864, 864, 864, 864]",5,4320,864,0.9804333333333334,0.71234,-27.344371536395478,27.344371536395478,mixed_batch
107,"[1352, 1352, 1352, 1352, 1352, 1352, 1352, 1352, 1352, 1352]",10,13520,1352,2.3199666666666667,1.2740200000000002,-45.08455581258351,45.08455581258351,mixed_batch
108,"[6850, 6850, 6850, 6850, 6850, 6850, 6850, 6850, 6850, 6850]",10,68500,6850,28.312400000000004,7.1168,-74.8633107754906,74.8633107754906,mixed_batch
109,"[6181, 6181, 6181, 6181, 6181, 6181, 6181, 6181, 6181, 6181, 6181, 6181, 6181, 6181, 6181, 6181]",16,98896,6181,35.719233333333335,6.2831,-82.40975683501979,82.40975683501979,mixed_batch
110,"[6920, 6920, 6920, 6920]",4,27680,6920,14.6505,7.243379999999999,-50.55882051807106,50.55882051807106,mixed_batch
111,"[1972, 1972, 1972, 1972]",4,7888,1972,2.4659666666666666,1.70896,-30.6981711026102,30.6981711026102,mixed_batch
112,"[557, 557, 557, 557]",4,2228,557,0.5789,0.5133000000000001,-11.331836241146982,11.331836241146982,mixed_batch
113,"[9268, 9268, 9268, 9268, 9268, 9268, 9268, 9268, 9268, 9268, 9268, 9268, 9268, 9268, 9268, 9268, 9268, 9268, 9268, 9268, 9268, 9268, 9268, 9268]",24,222432,9268,108.31163333333333,10.50278,-90.3031838069718,90.3031838069718,mixed_batch
114,"[3196, 3196, 3196, 3196, 3196, 3196, 3196, 3196, 3196, 3196, 3196, 3196, 3196, 3196, 3196, 3196]",16,51136,3196,11.205466666666668,2.8787399999999996,-74.30950369462525,74.30950369462525,mixed_batch
115,"[10714, 10714, 10714, 10714, 10714, 10714, 10714, 10714, 10714, 10714, 10714, 10714, 10714, 10714, 10714, 10714, 10714, 10714, 10714, 10714, 10714, 10714, 10714, 10714]",24,257136,10714,141.37040000000002,12.683940000000002,-91.02786721972916,91.02786721972916,mixed_batch
116,"[4690, 4690, 4690, 4690, 4690, 4690, 4690, 4690, 4690, 4690, 4690, 4690]",12,56280,4690,17.095733333333335,4.48664,-73.75579091859177,73.75579091859177,mixed_batch
117,"[8853, 8853, 8853, 8853, 8853, 8853, 8853, 8853, 8853, 8853]",10,88530,8853,45.27383333333334,9.901100000000001,-78.13063469332911,78.13063469332911,mixed_batch
118,"[5763, 5763, 5763]",3,17289,5763,9.3113,5.778160000000001,-37.94464790093756,37.94464790093756,mixed_batch
119,"[2014, 2014, 2014, 2014, 2014, 2014, 2014, 2014]",8,16112,2014,3.499966666666667,1.73478,-50.434385089381806,50.434385089381806,mixed_batch
120,"[4365, 4365, 4365, 4365, 4365, 4365, 4365, 4365, 4365, 4365, 4365, 4365]",12,52380,4365,15.503499999999999,4.1455,-73.26087657625698,73.26087657625698,mixed_batch
121,"[5963, 5963, 5963, 5963, 5963, 5963, 5963, 5963]",8,47704,5963,18.679833333333335,5.98874,-67.94007798071003,67.94007798071003,mixed_batch
122,"[6307, 6307, 6307, 6307]",4,25228,6307,12.590733333333333,6.4401600000000006,-48.8500007942349,48.8500007942349,mixed_batch
123,"[4952, 4952, 4952, 4952, 4952, 4952, 4952, 4952, 4952, 4952, 4952, 4952, 4952, 4952, 4952, 4952, 4952, 4952, 4952, 4952]",20,99040,4952,28.780166666666666,4.76752,-83.43470329683058,83.43470329683058,mixed_batch
124,"[1108, 1108, 1108]",3,3324,1108,1.1261333333333334,0.9272199999999999,-17.663390954297906,17.663390954297906,mixed_batch
125,"[877, 877, 877, 877, 877, 877, 877, 877, 877, 877, 877, 877, 877, 877, 877, 877, 877, 877, 877, 877, 877, 877, 877, 877]",24,21048,877,2.137466666666666,0.8432999999999999,-60.54675316574137,60.54675316574137,mixed_batch
126,"[9256, 9256, 9256, 9256, 9256, 9256, 9256, 9256, 9256, 9256, 9256, 9256]",12,111072,9256,57.23673333333333,10.477540000000001,-81.69437808586792,81.69437808586792,mixed_batch
127,"[7107, 7107]",2,14214,7107,10.047966666666666,7.45274,-25.828376553796943,25.828376553796943,mixed_batch
128,"[3880, 3880, 3880, 3880, 3880, 3880, 3880, 3880, 3880, 3880, 3880, 3880, 3880, 3880, 3880, 3880, 3880, 3880, 3880, 3880, 3880, 3880, 3880, 3880, 3880, 3880, 3880, 3880, 3880, 3880, 3880, 3880]",32,124160,3880,28.956733333333336,3.61858,-87.50349371821406,87.50349371821406,mixed_batch
129,"[4893, 4893, 4893, 4893]",4,19572,4893,8.6079,4.73712,-44.96776217195832,44.96776217195832,mixed_batch
130,[785],1,785,785,0.6447200000000001,0.6447200000000001,0.0,0.0,single_prefill
131,"[9761, 9761, 9761, 9761, 9761, 9761, 9761, 9761, 9761, 9761, 9761, 9761, 9761, 9761, 9761, 9761, 9761, 9761, 9761, 9761]",20,195220,9761,100.96593333333333,11.245300000000002,-88.8622829218304,88.8622829218304,mixed_batch
132,"[6421, 6421, 6421, 6421, 6421]",5,32105,6421,15.086233333333334,6.58358,-56.36034618758383,56.36034618758383,mixed_batch
133,[860],1,860,860,0.7094000000000001,0.7094000000000001,0.0,0.0,single_prefill
134,"[10758, 10758, 10758, 10758, 10758, 10758, 10758, 10758, 10758, 10758, 10758, 10758]",12,129096,10758,75.82443333333333,12.820600000000002,-83.09172988654053,83.09172988654053,mixed_batch
135,"[3182, 3182, 3182, 3182, 3182, 3182, 3182, 3182, 3182, 3182, 3182, 3182]",12,38184,3182,8.9977,2.8630199999999997,-68.18053502561766,68.18053502561766,mixed_batch
136,"[8759, 8759, 8759, 8759, 8759, 8759, 8759, 8759, 8759, 8759, 8759, 8759, 8759, 8759, 8759, 8759, 8759, 8759, 8759, 8759, 8759, 8759, 8759, 8759]",24,210216,8759,97.51283333333333,9.73082,-90.02098527202403,90.02098527202403,mixed_batch
137,"[7644, 7644, 7644, 7644, 7644, 7644, 7644, 7644, 7644, 7644, 7644, 7644, 7644, 7644, 7644, 7644, 7644, 7644, 7644, 7644, 7644, 7644, 7644, 7644]",24,183456,7644,75.33263333333333,8.18272,-89.13788136969414,89.13788136969414,mixed_batch
138,"[4097, 4097, 4097, 4097, 4097, 4097, 4097, 4097, 4097, 4097, 4097, 4097, 4097, 4097, 4097, 4097, 4097, 4097, 4097, 4097, 4097, 4097, 4097, 4097]",24,98328,4097,24.939133333333334,3.86242,-84.51261337603285,84.51261337603285,mixed_batch
139,"[1701, 1701, 1701, 1701]",4,6804,1701,2.0601333333333334,1.55944,-24.30392854831403,24.30392854831403,mixed_batch
140,"[10643, 10643, 10643, 10643]",4,42572,10643,29.2919,12.63058,-56.88029796633198,56.88029796633198,mixed_batch
141,"[2620, 2620, 2620, 2620, 2620, 2620, 2620, 2620, 2620, 2620]",10,26200,2620,5.953166666666667,2.31844,-61.0553486939724,61.0553486939724,mixed_batch
142,"[1559, 1559, 1559, 1559, 1559, 1559, 1559]",7,10913,1559,2.3696,1.4443800000000002,-39.04540850776502,39.04540850776502,mixed_batch
143,"[7039, 7039, 7039, 7039, 7039, 7039, 7039, 7039, 7039, 7039, 7039, 7039, 7039, 7039, 7039, 7039, 7039, 7039, 7039, 7039]",20,140780,7039,54.1673,7.758100000000001,-85.67752130898162,85.67752130898162,mixed_batch
144,"[9327, 9327, 9327, 9327]",4,37308,9327,23.45163333333333,10.80282,-53.935745768951406,53.935745768951406,mixed_batch
145,"[9084, 9084, 9084, 9084, 9084, 9084, 9084, 9084, 9084, 9084, 9084, 9084]",12,109008,9084,54.29643333333333,10.45436,-80.7457702869372,80.7457702869372,mixed_batch
146,"[10789, 10789, 10789, 10789, 10789, 10789, 10789, 10789, 10789, 10789, 10789, 10789, 10789, 10789, 10789, 10789, 10789, 10789, 10789, 10789]",20,215780,10789,122.0127,12.861859999999998,-89.45858914686751,89.45858914686751,mixed_batch
147,"[717, 717, 717]",3,2151,717,0.7007333333333334,0.5927,-15.417181999809735,15.417181999809735,mixed_batch
148,"[3327, 3327, 3327, 3327, 3327, 3327, 3327, 3327, 3327, 3327, 3327, 3327, 3327, 3327, 3327, 3327, 3327, 3327, 3327, 3327]",20,66540,3327,14.318166666666666,3.0076,-78.99451745451583,78.99451745451583,mixed_batch
149,"[7587, 7587, 7587, 7587]",4,30348,7587,16.837200000000003,8.116320000000002,-51.79531038414938,51.79531038414938,mixed_batch
150,"[3715, 3715, 3715, 3715, 3715, 3715, 3715, 3715, 3715, 3715]",10,37150,3715,10.441333333333333,3.45576,-66.90307751245051,66.90307751245051,mixed_batch
151,"[6306, 6306, 6306, 6306, 6306, 6306, 6306, 6306, 6306, 6306, 6306, 6306]",12,75672,6306,28.753433333333334,6.45008,-77.56761801199393,77.56761801199393,mixed_batch
152,"[9795, 9795, 9795, 9795, 9795, 9795, 9795]",7,68565,9795,39.16876666666667,11.2893,-71.17780067962313,71.17780067962313,mixed_batch
153,"[9063, 9063, 9063, 9063, 9063, 9063, 9063, 9063]",8,72504,9063,38.012299999999996,10.14202,-73.31910986706933,73.31910986706933,mixed_batch
154,"[5328, 5328, 5328, 5328, 5328]",5,26640,5328,11.111900000000002,5.23298,-52.90652363682179,52.90652363682179,mixed_batch
155,"[6956, 6956, 6956, 6956, 6956, 6956, 6956, 6956, 6956, 6956, 6956, 6956, 6956, 6956, 6956, 6956, 6956, 6956, 6956, 6956]",20,139120,6956,53.831233333333344,7.2691,-86.49650110190056,86.49650110190056,mixed_batch
156,"[160, 160, 160, 160, 160, 160, 160, 160, 160, 160]",10,1600,160,0.21696666666666667,0.12562,-42.10170533108004,42.10170533108004,mixed_batch
157,[5795],1,5795,5795,5.80692,5.80692,0.0,0.0,single_prefill
158,[8496],1,8496,8496,9.38438,9.38438,0.0,0.0,single_prefill
159,"[6288, 6288, 6288, 6288, 6288, 6288, 6288, 6288, 6288, 6288, 6288, 6288, 6288, 6288, 6288, 6288, 6288, 6288, 6288, 6288, 6288, 6288, 6288, 6288]",24,150912,6288,53.36046666666666,6.42278,-87.96341111459544,87.96341111459544,mixed_batch
160,"[5117, 5117]",2,10234,5117,6.330433333333334,4.93674,-22.015765113499334,22.015765113499334,mixed_batch
161,"[10679, 10679, 10679, 10679, 10679, 10679, 10679, 10679, 10679, 10679, 10679, 10679, 10679, 10679, 10679, 10679, 10679, 10679, 10679, 10679]",20,213580,10679,118.62496666666668,12.66688,-89.32191059273919,89.32191059273919,mixed_batch
162,"[75, 75, 75]",3,225,75,0.055833333333333346,0.052860000000000004,-5.325373134328372,5.325373134328372,mixed_batch
163,"[6822, 6822, 6822, 6822, 6822, 6822, 6822, 6822]",8,54576,6822,23.546733333333332,7.102300000000001,-69.83742967885141,69.83742967885141,mixed_batch
164,"[2074, 2074, 2074, 2074, 2074, 2074, 2074, 2074, 2074, 2074, 2074, 2074, 2074, 2074, 2074, 2074, 2074, 2074, 2074, 2074, 2074, 2074, 2074, 2074, 2074, 2074, 2074, 2074, 2074, 2074, 2074, 2074]",32,66368,2074,10.235800000000001,1.79744,-82.43967252193283,82.43967252193283,mixed_batch
165,"[1856, 1856, 1856, 1856, 1856, 1856, 1856, 1856, 1856, 1856, 1856, 1856, 1856, 1856, 1856, 1856]",16,29696,1856,4.9021333333333335,1.58806,-67.60471631398575,67.60471631398575,mixed_batch
166,"[3625, 3625, 3625, 3625, 3625, 3625]",6,21750,3625,7.011833333333334,3.3401400000000003,-52.36424140144042,52.36424140144042,mixed_batch
167,"[7202, 7202, 7202, 7202, 7202, 7202, 7202, 7202, 7202, 7202, 7202, 7202, 7202, 7202, 7202, 7202, 7202, 7202, 7202, 7202]",20,144040,7202,57.643566666666665,7.602440000000001,-86.81129492912478,86.81129492912478,mixed_batch
168,"[9016, 9016, 9016, 9016, 9016, 9016, 9016, 9016, 9016, 9016, 9016, 9016]",12,108192,9016,54.3063,10.123840000000001,-81.35789033684858,81.35789033684858,mixed_batch
169,"[9674, 9674, 9674, 9674, 9674, 9674, 9674, 9674, 9674, 9674, 9674, 9674, 9674, 9674, 9674, 9674, 9674, 9674, 9674, 9674, 9674, 9674, 9674, 9674, 9674, 9674, 9674, 9674, 9674, 9674, 9674, 9674]",32,309568,9674,153.5203,11.08498,-92.77946955549201,92.77946955549201,mixed_batch
170,"[6164, 6164, 6164, 6164, 6164]",5,30820,6164,14.123266666666666,6.27662,-55.558298599474156,55.558298599474156,mixed_batch
171,"[1267, 1267, 1267, 1267]",4,5068,1267,1.4154,1.0567600000000001,-25.33842023456266,25.33842023456266,mixed_batch
172,"[2095, 2095, 2095, 2095]",4,8380,2095,3.1465666666666663,2.12972,-32.316069366611224,32.316069366611224,mixed_batch
173,"[10900, 10900, 10900, 10900, 10900]",5,54500,10900,36.18140000000001,13.047979999999999,-63.93732691382866,63.93732691382866,mixed_batch
174,"[4613, 4613, 4613, 4613, 4613, 4613]",6,27678,4613,10.187033333333334,4.424799999999999,-56.56439067965486,56.56439067965486,mixed_batch
175,"[7073, 7073, 7073]",3,21219,7073,12.546066666666665,7.43588,-40.7313846039396,40.7313846039396,mixed_batch
176,"[11000, 11000, 11000, 11000, 11000, 11000, 11000, 11000]",8,88000,11000,53.94696666666666,13.109440000000001,-75.6993936637772,75.6993936637772,mixed_batch
177,"[5115, 5115, 5115, 5115, 5115, 5115, 5115]",7,35805,5115,13.0123,4.93012,-62.11184802071886,62.11184802071886,mixed_batch
178,"[7809, 7809, 7809, 7809, 7809, 7809, 7809, 7809, 7809, 7809, 7809, 7809, 7809, 7809, 7809, 7809, 7809, 7809, 7809, 7809]",20,156180,7809,67.32020000000001,8.46592,-87.42439862032496,87.42439862032496,mixed_batch
179,"[9686, 9686, 9686, 9686, 9686, 9686, 9686, 9686]",8,77488,9686,43.1725,11.09878,-74.29201459262262,74.29201459262262,mixed_batch
180,"[190, 190, 190, 190, 190, 190, 190, 190, 190, 190]",10,1900,190,0.2449666666666667,0.14526,-40.702136345080966,40.702136345080966,mixed_batch
181,"[6701, 6701, 6701, 6701, 6701, 6701, 6701, 6701, 6701, 6701, 6701, 6701, 6701, 6701, 6701, 6701, 6701, 6701, 6701, 6701, 6701, 6701, 6701, 6701]",24,160824,6701,59.649933333333344,6.937480000000001,-88.3696768590968,88.3696768590968,mixed_batch
182,"[8649, 8649]",2,17298,8649,13.318233333333334,9.577279999999998,-28.088960748047175,28.088960748047175,mixed_batch
183,"[454, 454, 454, 454, 454, 454, 454, 454, 454, 454, 454, 454, 454, 454, 454, 454, 454, 454, 454, 454, 454, 454, 454, 454, 454, 454, 454, 454, 454, 454, 454, 454]",32,14528,454,1.1648666666666665,0.35635999999999995,-69.40765752875865,69.40765752875865,mixed_batch
184,"[10157, 10157, 10157, 10157, 10157, 10157, 10157, 10157, 10157, 10157, 10157, 10157, 10157, 10157, 10157, 10157, 10157, 10157, 10157, 10157, 10157, 10157, 10157, 10157]",24,243768,10157,128.683,11.8034,-90.82753743695748,90.82753743695748,mixed_batch
185,"[10607, 10607, 10607, 10607, 10607, 10607, 10607, 10607, 10607, 10607, 10607, 10607, 10607, 10607, 10607, 10607]",16,169712,10607,94.7141,12.518960000000002,-86.78236925653097,86.78236925653097,mixed_batch
186,"[691, 691, 691, 691, 691, 691, 691, 691, 691, 691, 691, 691]",12,8292,691,1.0990666666666669,0.56556,-48.54179303651585,48.54179303651585,mixed_batch
187,"[4374, 4374, 4374, 4374, 4374, 4374, 4374, 4374]",8,34992,4374,11.426333333333334,4.155320000000001,-63.63382829137373,63.63382829137373,mixed_batch
188,"[8774, 8774, 8774, 8774, 8774, 8774, 8774, 8774, 8774, 8774, 8774, 8774, 8774, 8774, 8774, 8774, 8774, 8774, 8774, 8774, 8774, 8774, 8774, 8774, 8774, 8774, 8774, 8774, 8774, 8774, 8774, 8774]",32,280768,8774,128.12663333333333,9.752759999999999,-92.3881867912448,92.3881867912448,mixed_batch
189,"[10618, 10618, 10618, 10618, 10618, 10618, 10618, 10618, 10618, 10618]",10,106180,10618,61.863533333333336,12.51468,-79.77050561828024,79.77050561828024,mixed_batch
190,"[9544, 9544, 9544]",3,28632,9544,19.827233333333332,10.89442,-45.05325167236309,45.05325167236309,mixed_batch
191,"[7846, 7846, 7846, 7846, 7846, 7846, 7846]",7,54922,7846,26.826933333333336,8.45664,-68.4770529119989,68.4770529119989,mixed_batch
192,"[5220, 5220, 5220, 5220, 5220, 5220, 5220]",7,36540,5220,13.462699999999998,5.09066,-62.18693129907076,62.18693129907076,mixed_batch
193,"[4586, 4586, 4586, 4586, 4586, 4586, 4586]",7,32102,4586,10.9347,4.361960000000001,-60.10901076389841,60.10901076389841,mixed_batch
194,"[6624, 6624, 6624, 6624, 6624, 6624]",6,39744,6624,17.813166666666667,6.806780000000001,-61.78792840501877,61.78792840501877,mixed_batch
195,"[7926, 7926, 7926, 7926, 7926]",5,39630,7926,20.8731,8.51832,-59.18996220015236,59.18996220015236,mixed_batch
196,"[4531, 4531, 4531, 4531]",4,18124,4531,7.655500000000001,4.31348,-43.65514989223435,43.65514989223435,mixed_batch
197,"[7834, 7834]",2,15668,7834,11.625499999999999,8.45456,-27.275730076125743,27.275730076125743,mixed_batch
198,"[6081, 6081, 6081, 6081, 6081, 6081, 6081, 6081, 6081, 6081, 6081, 6081, 6081, 6081, 6081, 6081, 6081, 6081, 6081, 6081, 6081, 6081, 6081, 6081, 6081, 6081, 6081, 6081, 6081, 6081, 6081, 6081]",32,194592,6081,64.96560000000001,6.14804,-90.53646853103797,90.53646853103797,mixed_batch
199,"[2626, 2626, 2626, 2626, 2626, 2626, 2626, 2626, 2626, 2626, 2626, 2626, 2626, 2626, 2626, 2626, 2626, 2626, 2626, 2626]",20,52520,2626,9.9675,2.3202000000000003,-76.72234762979684,76.72234762979684,mixed_batch
200,"[10035, 10035, 10035, 10035, 10035, 10035, 10035, 10035]",8,80280,10035,46.12933333333333,11.67968,-74.68057924097465,74.68057924097465,mixed_batch
201,"[2554, 2554, 2554, 2554, 2554, 2554, 2554, 2554, 2554, 2554, 2554, 2554, 2554, 2554, 2554, 2554]",16,40864,2554,7.803433333333333,2.2321400000000002,-71.39541142146832,71.39541142146832,mixed_batch
202,[641],1,641,641,0.5626,0.5626,0.0,0.0,single_prefill
203,"[10566, 10566, 10566, 10566, 10566, 10566, 10566, 10566, 10566, 10566, 10566, 10566]",12,126792,10566,72.60776666666666,12.45318,-82.84869433159813,82.84869433159813,mixed_batch
204,"[442, 442, 442, 442, 442, 442, 442, 442]",8,3536,442,0.5505333333333333,0.33852,-38.51053523855656,38.51053523855656,mixed_batch
205,[9080],1,9080,9080,10.158199999999999,10.158199999999999,0.0,0.0,single_prefill
206,"[5571, 5571]",2,11142,5571,7.171166666666667,5.52352,-22.97599181909034,22.97599181909034,mixed_batch
207,"[6767, 6767, 6767, 6767, 6767, 6767, 6767]",7,47369,6767,20.642433333333333,6.99432,-66.1167853273112,66.1167853273112,mixed_batch
208,"[2934, 2934]",2,5868,2934,3.1216666666666666,2.61474,-16.23897490656701,16.23897490656701,mixed_batch
209,"[9701, 9701, 9701, 9701, 9701, 9701, 9701, 9701, 9701, 9701]",10,97010,9701,52.34896666666666,11.49224,-78.04686370759308,78.04686370759308,mixed_batch
210,"[8593, 8593, 8593, 8593]",4,34372,8593,21.161366666666666,10.079600000000003,-52.367915745832406,52.367915745832406,mixed_batch
211,[5972],1,5972,5972,5.994380000000001,5.994380000000001,0.0,0.0,single_prefill
212,[10179],1,10179,10179,11.8626,11.8626,0.0,0.0,single_prefill
213,"[7051, 7051, 7051, 7051, 7051, 7051, 7051, 7051, 7051, 7051, 7051, 7051]",12,84612,7051,35.06673333333333,7.424260000000001,-78.82819614411379,78.82819614411379,mixed_batch
214,"[534, 534, 534, 534, 534, 534, 534, 534, 534, 534, 534, 534, 534, 534, 534, 534]",16,8544,534,0.9712666666666667,0.42368000000000006,-56.378612121628116,56.378612121628116,mixed_batch
215,"[7054, 7054, 7054, 7054, 7054, 7054, 7054, 7054, 7054, 7054, 7054, 7054, 7054, 7054, 7054, 7054]",16,112864,7054,45.165266666666675,7.407760000000001,-83.59854696603142,83.59854696603142,mixed_batch
216,"[4483, 4483, 4483, 4483]",4,17932,4483,7.5982,4.28492,-43.60611723829329,43.60611723829329,mixed_batch
217,"[5514, 5514, 5514, 5514, 5514, 5514, 5514, 5514, 5514, 5514, 5514, 5514, 5514, 5514, 5514, 5514]",16,88224,5514,29.261900000000004,5.47378,-81.29383259460255,81.29383259460255,mixed_batch
218,"[1367, 1367, 1367, 1367, 1367, 1367]",6,8202,1367,1.8194333333333337,1.1539800000000002,-36.574757708444025,36.574757708444025,mixed_batch
219,"[7732, 7732]",2,15464,7732,11.3667,8.31264,-26.868484256644408,26.868484256644408,mixed_batch
220,"[4701, 4701, 4701, 4701, 4701, 4701]",6,28206,4701,10.272366666666667,4.49754,-56.21710024629183,56.21710024629183,mixed_batch
221,"[5834, 5834, 5834, 5834, 5834, 5834, 5834, 5834, 5834, 5834, 5834, 5834, 5834, 5834, 5834, 5834, 5834, 5834, 5834, 5834, 5834, 5834, 5834, 5834]",24,140016,5834,45.67510000000001,5.84274,-87.20804114276707,87.20804114276707,mixed_batch
222,"[8580, 8580, 8580, 8580, 8580, 8580, 8580, 8580, 8580, 8580, 8580, 8580, 8580, 8580, 8580, 8580, 8580, 8580, 8580, 8580]",20,171600,8580,79.63143333333335,9.516300000000001,-88.04956836559099,88.04956836559099,mixed_batch
223,"[6537, 6537]",2,13074,6537,8.998633333333334,6.749980000000001,-24.98883163739679,24.98883163739679,mixed_batch
224,"[10710, 10710]",2,21420,10710,18.318800000000003,12.68844,-30.735419350612496,30.735419350612496,mixed_batch
225,"[6685, 6685, 6685, 6685, 6685]",5,33425,6685,16.04486666666667,6.93352,-56.786677358906076,56.786677358906076,mixed_batch
226,"[7486, 7486, 7486, 7486, 7486, 7486, 7486, 7486, 7486, 7486, 7486, 7486, 7486, 7486, 7486, 7486, 7486, 7486, 7486, 7486, 7486, 7486, 7486, 7486]",24,179664,7486,72.51140000000001,7.972299999999999,-89.00545293567632,89.00545293567632,mixed_batch
227,"[2632, 2632, 2632, 2632, 2632, 2632, 2632, 2632, 2632, 2632, 2632, 2632]",12,31584,2632,6.764033333333333,2.3186999999999998,-65.72015710547454,65.72015710547454,mixed_batch
228,"[3849, 3849, 3849, 3849]",4,15396,3849,6.112433333333334,3.5852200000000005,-41.34545434715034,41.34545434715034,mixed_batch
229,"[2362, 2362, 2362, 2362, 2362]",5,11810,2362,3.4653,2.32748,-32.83467520849565,32.83467520849565,mixed_batch
230,"[2559, 2559, 2559, 2559, 2559, 2559, 2559]",7,17913,2559,4.798866666666667,2.3075200000000002,-51.91531333787144,51.91531333787144,mixed_batch
231,[10866],1,10866,10866,12.91544,12.91544,0.0,0.0,single_prefill
232,"[5451, 5451, 5451, 5451, 5451, 5451, 5451, 5451, 5451, 5451]",10,54510,5451,19.128533333333333,5.37,-71.92675514414766,71.92675514414766,mixed_batch
233,"[10932, 10932, 10932, 10932, 10932, 10932, 10932, 10932, 10932, 10932, 10932, 10932, 10932, 10932, 10932, 10932, 10932, 10932, 10932, 10932, 10932, 10932, 10932, 10932, 10932, 10932, 10932, 10932, 10932, 10932, 10932, 10932]",32,349824,10932,193.85376666666667,13.05828,-93.2638502596373,93.2638502596373,mixed_batch
234,"[4818, 4818, 4818, 4818, 4818, 4818, 4818, 4818, 4818, 4818]",10,48180,4818,15.570533333333335,4.63432,-70.23660075869806,70.23660075869806,mixed_batch
235,"[6668, 6668]",2,13336,6668,9.242233333333333,7.305580000000001,-20.95438692668077,20.95438692668077,mixed_batch
236,"[9282, 9282, 9282, 9282, 9282, 9282, 9282, 9282, 9282, 9282, 9282, 9282, 9282, 9282, 9282, 9282, 9282, 9282, 9282, 9282, 9282, 9282, 9282, 9282]",24,222768,9282,107.85113333333334,10.86852,-89.92266500676548,89.92266500676548,mixed_batch
237,"[7633, 7633, 7633, 7633, 7633, 7633, 7633, 7633]",8,61064,7633,28.9829,8.46594,-70.78987954966549,70.78987954966549,mixed_batch
238,"[1657, 1657, 1657, 1657, 1657, 1657, 1657, 1657, 1657, 1657, 1657, 1657, 1657, 1657, 1657, 1657, 1657, 1657, 1657, 1657]",20,33140,1657,5.197733333333334,1.40298,-73.00784957545598,73.00784957545598,mixed_batch
239,"[6721, 6721, 6721, 6721, 6721, 6721, 6721, 6721, 6721, 6721, 6721, 6721, 6721, 6721, 6721, 6721]",16,107536,6721,40.94493333333334,6.960939999999999,-82.9992640522067,82.9992640522067,mixed_batch
240,"[473, 473, 473, 473, 473, 473, 473, 473, 473, 473]",10,4730,473,0.6391333333333333,0.37260000000000004,-41.70230520496505,41.70230520496505,mixed_batch
241,"[1859, 1859, 1859, 1859, 1859, 1859]",6,11154,1859,2.9777333333333336,1.8702399999999997,-37.19249541037927,37.19249541037927,mixed_batch
242,"[10746, 10746, 10746, 10746, 10746, 10746, 10746, 10746, 10746, 10746, 10746, 10746]",12,128952,10746,73.81326666666668,12.70332,-82.78992304003165,82.78992304003165,mixed_batch
243,"[5179, 5179, 5179, 5179, 5179, 5179, 5179, 5179, 5179, 5179, 5179, 5179, 5179, 5179, 5179, 5179, 5179, 5179, 5179, 5179]",20,103580,5179,31.4095,5.06282,-83.88124611980452,83.88124611980452,mixed_batch
244,"[8484, 8484, 8484, 8484, 8484, 8484, 8484, 8484, 8484, 8484, 8484, 8484, 8484, 8484, 8484, 8484, 8484, 8484, 8484, 8484]",20,169680,8484,77.48636666666667,9.376759999999999,-87.89882607305974,87.89882607305974,mixed_batch
245,"[6496, 6496, 6496, 6496, 6496, 6496, 6496, 6496, 6496, 6496, 6496, 6496, 6496, 6496, 6496, 6496, 6496, 6496, 6496, 6496, 6496, 6496, 6496, 6496]",24,155904,6496,55.52316666666667,6.65736,-88.0097616910659,88.0097616910659,mixed_batch
246,"[6777, 6777, 6777, 6777, 6777, 6777]",6,40662,6777,18.414866666666672,6.99276,-62.02655101132058,62.02655101132058,mixed_batch
247,"[7088, 7088, 7088, 7088, 7088, 7088]",6,42528,7088,20.089333333333336,7.44032,-62.96382823388864,62.96382823388864,mixed_batch
248,"[1423, 1423, 1423, 1423, 1423, 1423, 1423, 1423, 1423, 1423, 1423, 1423]",12,17076,1423,2.8542666666666663,1.20262,-57.86588499089083,57.86588499089083,mixed_batch
249,"[2971, 2971, 2971, 2971, 2971, 2971]",6,17826,2971,5.2668,2.67248,-49.25799346851978,49.25799346851978,mixed_batch
250,"[10758, 10758]",2,21516,10758,18.5839,12.824000000000002,-30.99403246896506,30.99403246896506,mixed_batch
251,"[9639, 9639, 9639, 9639]",4,38556,9639,24.759433333333334,11.05752,-55.34017337499647,55.34017337499647,mixed_batch
252,"[2503, 2503, 2503]",3,7509,2503,2.9681999999999995,2.2067200000000002,-25.654605484805586,25.654605484805586,mixed_batch
253,"[8734, 8734, 8734, 8734, 8734, 8734, 8734, 8734, 8734, 8734, 8734, 8734, 8734, 8734, 8734, 8734]",16,139744,8734,66.83976666666666,9.737559999999998,-85.43148714363156,85.43148714363156,mixed_batch
254,"[7065, 7065, 7065, 7065, 7065, 7065, 7065, 7065, 7065, 7065, 7065, 7065]",12,84780,7065,35.09846666666666,7.420340000000001,-78.85850663941633,78.85850663941633,mixed_batch
255,"[138, 138, 138, 138, 138]",5,690,138,0.15710000000000002,0.11074000000000002,-29.509866327180134,29.509866327180134,mixed_batch
256,"[6723, 6723, 6723, 6723, 6723, 6723, 6723, 6723, 6723, 6723, 6723, 6723, 6723, 6723, 6723, 6723]",16,107568,6723,41.13976666666667,7.423900000000001,-81.95444310573791,81.95444310573791,mixed_batch
257,"[2379, 2379, 2379, 2379, 2379, 2379, 2379, 2379, 2379, 2379, 2379, 2379, 2379, 2379, 2379, 2379, 2379, 2379, 2379, 2379, 2379, 2379, 2379, 2379, 2379, 2379, 2379, 2379, 2379, 2379, 2379, 2379]",32,76128,2379,12.431066666666668,2.08746,-83.20771615200626,83.20771615200626,mixed_batch
258,"[10445, 10445, 10445, 10445, 10445, 10445]",6,62670,10445,38.6877,12.30072,-68.20508843896123,68.20508843896123,mixed_batch
259,[6763],1,6763,6763,6.99028,6.99028,0.0,0.0,single_prefill
260,"[4377, 4377, 4377, 4377, 4377, 4377, 4377]",7,30639,4377,10.407799999999998,4.158980000000001,-60.03977785891349,60.03977785891349,mixed_batch
261,"[9944, 9944, 9944, 9944, 9944, 9944]",6,59664,9944,35.4653,11.496400000000001,-67.58408923652132,67.58408923652132,mixed_batch
262,"[4775, 4775, 4775, 4775, 4775, 4775, 4775]",7,33425,4775,11.896899999999999,4.602939999999999,-61.30975296085535,61.30975296085535,mixed_batch
263,"[4120, 4120, 4120, 4120, 4120, 4120, 4120, 4120, 4120, 4120, 4120, 4120, 4120, 4120, 4120, 4120]",16,65920,4120,17.797333333333334,3.8788799999999997,-78.20527419838179,78.20527419838179,mixed_batch
264,"[7296, 7296, 7296, 7296]",4,29184,7296,15.583566666666666,7.671459999999999,-50.77211678113911,50.77211678113911,mixed_batch
265,"[4988, 4988, 4988, 4988, 4988, 4988, 4988, 4988, 4988, 4988, 4988, 4988, 4988, 4988, 4988, 4988, 4988, 4988, 4988, 4988]",20,99760,4988,28.854300000000002,4.81912,-83.29843385561252,83.29843385561252,mixed_batch
266,"[10832, 10832, 10832, 10832, 10832, 10832, 10832, 10832, 10832, 10832, 10832, 10832, 10832, 10832, 10832, 10832, 10832, 10832, 10832, 10832, 10832, 10832, 10832, 10832]",24,259968,10832,143.87606666666667,12.88124,-91.04698905215184,91.04698905215184,mixed_batch
267,"[1711, 1711, 1711, 1711, 1711, 1711, 1711, 1711, 1711, 1711, 1711, 1711, 1711, 1711, 1711, 1711, 1711, 1711, 1711, 1711]",20,34220,1711,5.1604,1.4659200000000001,-71.59289977521122,71.59289977521122,mixed_batch
268,"[9658, 9658, 9658, 9658, 9658, 9658]",6,57948,9658,33.82653333333334,11.07264,-67.26640625307944,67.26640625307944,mixed_batch
269,"[10880, 10880, 10880, 10880, 10880, 10880, 10880, 10880, 10880, 10880, 10880, 10880, 10880, 10880, 10880, 10880, 10880, 10880, 10880, 10880]",20,217600,10880,121.56463333333333,12.918959999999998,-89.37276439227527,89.37276439227527,mixed_batch
270,"[5804, 5804, 5804, 5804, 5804, 5804, 5804, 5804, 5804, 5804, 5804, 5804]",12,69648,5804,24.788133333333334,5.81016,-76.56071991436762,76.56071991436762,mixed_batch
271,"[2605, 2605]",2,5210,2605,2.731266666666667,2.31404,-15.275940345139022,15.275940345139022,mixed_batch
272,"[5070, 5070, 5070, 5070, 5070, 5070]",6,30420,5070,11.661066666666667,4.937080000000001,-57.66184911614717,57.66184911614717,mixed_batch
273,[3004],1,3004,3004,2.6956200000000003,2.6956200000000003,0.0,0.0,single_prefill
274,"[9163, 9163, 9163, 9163, 9163, 9163, 9163]",7,64141,9163,34.87596666666667,10.32722,-70.38872040822764,70.38872040822764,mixed_batch
275,"[5687, 5687]",2,11374,5687,7.399800000000001,5.675379999999999,-23.303602800075705,23.303602800075705,mixed_batch
276,"[10852, 10852, 10852, 10852, 10852]",5,54260,10852,35.5989,13.143780000000001,-63.078128818587096,63.078128818587096,mixed_batch
277,"[2879, 2879, 2879, 2879]",4,11516,2879,4.411266666666667,3.0112,-31.738427360244227,31.738427360244227,mixed_batch
278,"[1264, 1264]",2,2528,1264,1.3882999999999999,1.2280000000000002,-11.54649571418279,11.54649571418279,mixed_batch
279,"[4357, 4357, 4357, 4357, 4357, 4357, 4357, 4357, 4357, 4357, 4357, 4357, 4357, 4357, 4357, 4357]",16,69712,4357,20.5228,4.843359999999999,-76.40010135069289,76.40010135069289,mixed_batch
280,"[7953, 7953, 7953, 7953, 7953, 7953, 7953, 7953, 7953, 7953, 7953, 7953, 7953, 7953, 7953, 7953, 7953, 7953, 7953, 7953, 7953, 7953, 7953, 7953]",24,190872,7953,82.31736666666667,8.92666,-89.15579984944449,89.15579984944449,mixed_batch
281,"[10929, 10929, 10929, 10929, 10929, 10929]",6,65574,10929,41.959666666666664,13.064540000000003,-68.8640519864314,68.8640519864314,mixed_batch
282,"[6602, 6602, 6602, 6602]",4,26408,6602,13.430733333333333,6.8015,-49.358684807481346,49.358684807481346,mixed_batch
283,"[10164, 10164, 10164, 10164, 10164, 10164, 10164, 10164, 10164, 10164, 10164, 10164, 10164, 10164, 10164, 10164, 10164, 10164, 10164, 10164, 10164, 10164, 10164, 10164]",24,243936,10164,128.02326666666667,11.83128,-90.75849233654924,90.75849233654924,mixed_batch
284,"[3614, 3614]",2,7228,3614,4.095166666666667,3.3245599999999995,-18.817467746530472,18.817467746530472,mixed_batch
285,"[10493, 10493, 10493, 10493, 10493, 10493, 10493]",7,73451,10493,43.941199999999995,12.299180000000002,-72.00991324770375,72.00991324770375,mixed_batch
286,"[10027, 10027, 10027, 10027, 10027, 10027]",6,60162,10027,36.105333333333334,11.66608,-67.68876250969386,67.68876250969386,mixed_batch
287,"[2932, 2932, 2932, 2932, 2932, 2932, 2932, 2932, 2932, 2932, 2932, 2932, 2932, 2932, 2932, 2932, 2932, 2932, 2932, 2932, 2932, 2932, 2932, 2932]",24,70368,2932,13.519833333333333,2.61558,-80.65375559363405,80.65375559363405,mixed_batch
288,"[3944, 3944, 3944, 3944, 3944, 3944, 3944, 3944, 3944, 3944, 3944, 3944, 3944, 3944, 3944, 3944, 3944, 3944, 3944, 3944]",20,78880,3944,19.28026666666667,3.66166,-81.00825023167039,81.00825023167039,mixed_batch
289,"[4713, 4713, 4713, 4713, 4713, 4713, 4713, 4713, 4713, 4713, 4713, 4713, 4713, 4713, 4713, 4713, 4713, 4713, 4713, 4713]",20,94260,4713,26.254966666666668,4.5084800000000005,-82.82808713018109,82.82808713018109,mixed_batch
290,"[3515, 3515, 3515, 3515, 3515, 3515]",6,21090,3515,6.6685,3.2199599999999995,-51.71387868336208,51.71387868336208,mixed_batch
291,"[4230, 4230, 4230, 4230, 4230, 4230, 4230, 4230, 4230, 4230, 4230, 4230, 4230, 4230, 4230, 4230, 4230, 4230, 4230, 4230]",20,84600,4230,22.555933333333336,4.0099,-82.22241597923976,82.22241597923976,mixed_batch
292,"[7168, 7168, 7168, 7168, 7168, 7168, 7168, 7168]",8,57344,7168,25.180366666666664,7.497720000000001,-70.22394431640524,70.22394431640524,mixed_batch
293,"[2640, 2640, 2640, 2640, 2640]",5,13200,2640,3.977666666666667,2.3221000000000003,-41.621553674683646,41.621553674683646,mixed_batch
294,"[658, 658, 658, 658, 658]",5,3290,658,0.8746333333333334,0.6278,-28.2213498990053,28.2213498990053,mixed_batch
295,"[8651, 8651, 8651, 8651, 8651, 8651, 8651]",7,60557,8651,31.561699999999995,9.593500000000002,-69.603982041525,69.603982041525,mixed_batch
296,"[10542, 10542, 10542, 10542, 10542, 10542]",6,63252,10542,39.3938,12.45342,-68.38736044758312,68.38736044758312,mixed_batch
297,"[9758, 9758, 9758, 9758, 9758, 9758, 9758, 9758, 9758, 9758]",10,97580,9758,53.50763333333333,11.23672,-78.99978133960948,78.99978133960948,mixed_batch
298,[1407],1,1407,1407,1.18676,1.18676,0.0,0.0,single_prefill
299,"[2564, 2564, 2564, 2564, 2564, 2564, 2564, 2564, 2564, 2564, 2564, 2564]",12,30768,2564,6.721633333333334,2.26052,-66.36948360765487,66.36948360765487,mixed_batch
300,"[860, 860]",2,1720,860,0.7864666666666665,0.81918,4.159532084428264,4.159532084428264,mixed_batch
301,"[1996, 1996, 1996, 1996, 1996, 1996, 1996]",7,13972,1996,3.830533333333333,2.01392,-47.42455358696786,47.42455358696786,mixed_batch
302,"[8673, 8673, 8673, 8673, 8673, 8673, 8673, 8673, 8673, 8673]",10,86730,8673,42.7689,9.57984,-77.60092029488716,77.60092029488716,mixed_batch
303,"[6299, 6299, 6299, 6299, 6299, 6299, 6299, 6299, 6299, 6299, 6299, 6299, 6299, 6299, 6299, 6299, 6299, 6299, 6299, 6299, 6299, 6299, 6299, 6299, 6299, 6299, 6299, 6299, 6299, 6299, 6299, 6299]",32,201568,6299,69.93986666666667,6.43592,-90.79792354956354,90.79792354956354,mixed_batch
304,"[365, 365, 365, 365, 365, 365, 365, 365, 365, 365, 365, 365, 365, 365, 365, 365, 365, 365, 365, 365, 365, 365, 365, 365, 365, 365, 365, 365, 365, 365, 365, 365]",32,11680,365,0.8445,0.33062,-60.850207223209,60.850207223209,mixed_batch
305,"[1456, 1456, 1456, 1456, 1456, 1456, 1456, 1456, 1456, 1456]",10,14560,1456,2.6692666666666667,1.4385999999999999,-46.10504757861086,46.10504757861086,mixed_batch
306,"[7643, 7643, 7643, 7643, 7643, 7643, 7643, 7643, 7643, 7643]",10,76430,7643,34.045133333333325,8.17592,-75.9850551326964,75.9850551326964,mixed_batch
307,[2517],1,2517,2517,2.5169799999999998,2.5169799999999998,0.0,0.0,single_prefill
308,"[4938, 4938, 4938, 4938, 4938, 4938, 4938, 4938, 4938, 4938, 4938, 4938, 4938, 4938, 4938, 4938, 4938, 4938, 4938, 4938]",20,98760,4938,28.802266666666675,5.3642,-81.37577135132884,81.37577135132884,mixed_batch
309,"[3661, 3661, 3661, 3661, 3661, 3661, 3661, 3661, 3661, 3661]",10,36610,3661,10.740300000000001,3.90854,-63.60865152742474,63.60865152742474,mixed_batch
310,"[2744, 2744, 2744, 2744, 2744, 2744, 2744, 2744, 2744, 2744, 2744, 2744, 2744, 2744, 2744, 2744, 2744, 2744, 2744, 2744, 2744, 2744, 2744, 2744]",24,65856,2744,12.439833333333336,2.85452,-77.05339031873417,77.05339031873417,mixed_batch
311,"[4584, 4584, 4584, 4584, 4584, 4584]",6,27504,4584,10.3823,4.94092,-52.41015959854754,52.41015959854754,mixed_batch
312,"[8721, 8721, 8721, 8721, 8721, 8721, 8721, 8721, 8721, 8721]",10,87210,8721,44.32666666666667,10.11008,-77.19187847796663,77.19187847796663,mixed_batch
313,"[8074, 8074, 8074, 8074, 8074, 8074, 8074, 8074, 8074, 8074, 8074, 8074, 8074, 8074, 8074, 8074]",16,129184,8074,57.76023333333334,9.17106,-84.12219018044132,84.12219018044132,mixed_batch
314,"[8426, 8426, 8426, 8426]",4,33704,8426,20.616333333333333,9.52604,-53.7937234231758,53.7937234231758,mixed_batch
315,"[6203, 6203, 6203, 6203, 6203, 6203, 6203, 6203, 6203, 6203]",10,62030,6203,23.89016666666667,6.68558,-72.01534801626892,72.01534801626892,mixed_batch
316,"[7937, 7937, 7937, 7937, 7937, 7937, 7937]",7,55559,7937,28.668066666666665,9.045359999999999,-68.44795951825608,68.44795951825608,mixed_batch
317,[1195],1,1195,1195,1.1530399999999998,1.1530399999999998,0.0,0.0,single_prefill
318,"[5387, 5387, 5387, 5387, 5387, 5387, 5387, 5387]",8,43096,5387,16.305833333333332,5.793760000000001,-64.46817601063015,64.46817601063015,mixed_batch
319,"[10520, 10520, 10520, 10520, 10520, 10520, 10520, 10520, 10520, 10520, 10520, 10520, 10520, 10520, 10520, 10520, 10520, 10520, 10520, 10520]",20,210400,10520,116.37899999999999,12.69538,-89.09134809544678,89.09134809544678,mixed_batch
320,"[10331, 10331, 10331, 10331, 10331, 10331, 10331, 10331, 10331, 10331, 10331, 10331, 10331, 10331, 10331, 10331, 10331, 10331, 10331, 10331, 10331, 10331, 10331, 10331, 10331, 10331, 10331, 10331, 10331, 10331, 10331, 10331]",32,330592,10331,172.16613333333333,12.2885,-92.8624173859977,92.8624173859977,mixed_batch
321,"[742, 742, 742, 742, 742, 742, 742, 742, 742, 742, 742, 742]",12,8904,742,1.3157666666666668,0.71166,-45.91290249030984,45.91290249030984,mixed_batch
322,"[7843, 7843, 7843, 7843, 7843, 7843, 7843, 7843, 7843, 7843, 7843, 7843]",12,94116,7843,42.97816666666667,8.71394,-79.72472844738995,79.72472844738995,mixed_batch
323,"[9112, 9112, 9112, 9112, 9112, 9112, 9112, 9112, 9112, 9112, 9112, 9112, 9112, 9112, 9112, 9112, 9112, 9112, 9112, 9112, 9112, 9112, 9112, 9112, 9112, 9112, 9112, 9112, 9112, 9112, 9112, 9112]",32,291584,9112,137.30823333333333,10.591,-92.28669705895277,92.28669705895277,mixed_batch
324,"[10841, 10841, 10841]",3,32523,10841,25.173233333333336,12.88718,-48.806020151033444,48.806020151033444,mixed_batch
325,"[9222, 9222, 9222, 9222, 9222, 9222, 9222, 9222, 9222, 9222, 9222, 9222, 9222, 9222, 9222, 9222, 9222, 9222, 9222, 9222, 9222, 9222, 9222, 9222, 9222, 9222, 9222, 9222, 9222, 9222, 9222, 9222]",32,295104,9222,141.2697666666667,10.4633,-92.59339047066688,92.59339047066688,mixed_batch
326,"[1102, 1102]",2,2204,1102,1.0288666666666668,0.9238000000000002,-10.211883625996238,10.211883625996238,mixed_batch
327,"[1475, 1475, 1475, 1475, 1475, 1475]",6,8850,1475,2.381333333333333,1.45696,-38.8174692049272,38.8174692049272,mixed_batch
328,"[10017, 10017]",2,20034,10017,16.643566666666665,11.644559999999998,-30.035669437840852,30.035669437840852,mixed_batch
329,"[4032, 4032, 4032]",3,12096,4032,5.564266666666667,3.7626800000000005,-32.37779162273554,32.37779162273554,mixed_batch
330,"[2318, 2318, 2318, 2318]",4,9272,2318,3.1154,2.3669200000000004,-24.02516530782563,24.02516530782563,mixed_batch
331,"[7062, 7062, 7062, 7062, 7062, 7062, 7062, 7062, 7062, 7062, 7062, 7062, 7062, 7062, 7062, 7062, 7062, 7062, 7062, 7062, 7062, 7062, 7062, 7062]",24,169488,7062,65.80606666666667,7.426939999999999,-88.71389770548004,88.71389770548004,mixed_batch
332,"[4503, 4503, 4503, 4503]",4,18012,4503,7.626266666666668,4.29872,-43.63270800916133,43.63270800916133,mixed_batch
333,"[2034, 2034, 2034, 2034, 2034, 2034, 2034, 2034, 2034, 2034, 2034, 2034, 2034, 2034, 2034, 2034]",16,32544,2034,5.4938666666666665,1.7531400000000001,-68.0891418308902,68.0891418308902,mixed_batch
334,"[3122, 3122, 3122, 3122, 3122, 3122]",6,18732,3122,5.618433333333334,2.8220200000000006,-49.77211915539919,49.77211915539919,mixed_batch
335,"[7645, 7645, 7645, 7645]",4,30580,7645,16.862500000000004,8.173240000000002,-51.53008154188288,51.53008154188288,mixed_batch
336,"[9044, 9044, 9044, 9044, 9044, 9044, 9044]",7,63308,9044,34.767266666666664,10.14936,-70.80771376908163,70.80771376908163,mixed_batch
337,"[4470, 4470, 4470, 4470, 4470, 4470, 4470, 4470]",8,35760,4470,11.5271,4.2339,-63.27003322604992,63.27003322604992,mixed_batch
338,"[10371, 10371, 10371, 10371, 10371, 10371, 10371, 10371, 10371, 10371, 10371, 10371, 10371, 10371, 10371, 10371, 10371, 10371, 10371, 10371]",20,207420,10371,113.31146666666666,12.22992,-89.20681166719227,89.20681166719227,mixed_batch
339,"[9852, 9852, 9852, 9852]",4,39408,9852,25.435966666666666,11.318620000000001,-55.501514259991424,55.501514259991424,mixed_batch
340,"[2528, 2528, 2528, 2528, 2528, 2528, 2528, 2528, 2528, 2528, 2528, 2528]",12,30336,2528,6.316933333333333,2.23384,-64.63727124976253,64.63727124976253,mixed_batch
341,"[5432, 5432, 5432, 5432, 5432, 5432, 5432, 5432, 5432, 5432]",10,54320,5432,19.137066666666673,5.361820000000001,-71.98201744607324,71.98201744607324,mixed_batch
342,"[743, 743, 743, 743, 743, 743, 743, 743, 743, 743, 743, 743, 743, 743, 743, 743, 743, 743, 743, 743, 743, 743, 743, 743]",24,17832,743,1.7223333333333333,0.6185,-64.08941358622025,64.08941358622025,mixed_batch
343,"[1434, 1434, 1434, 1434]",4,5736,1434,1.9807333333333332,1.4196400000000002,-28.327555450843107,28.327555450843107,mixed_batch
344,"[5445, 5445, 5445, 5445, 5445, 5445, 5445, 5445, 5445, 5445, 5445, 5445, 5445, 5445, 5445, 5445, 5445, 5445, 5445, 5445, 5445, 5445, 5445, 5445, 5445, 5445, 5445, 5445, 5445, 5445, 5445, 5445]",32,174240,5445,52.856700000000004,5.3677600000000005,-89.84469329337624,89.84469329337624,mixed_batch
345,"[10977, 10977, 10977, 10977, 10977, 10977, 10977, 10977, 10977, 10977]",10,109770,10977,65.77756666666666,13.111239999999999,-80.0673076484536,80.0673076484536,mixed_batch
346,"[5035, 5035, 5035, 5035, 5035, 5035, 5035]",7,35245,5035,12.9114,4.87678,-62.22888300261784,62.22888300261784,mixed_batch
347,"[4418, 4418, 4418, 4418, 4418, 4418, 4418]",7,30926,4418,10.4315,4.189400000000001,-59.83894933614532,59.83894933614532,mixed_batch
348,"[8147, 8147, 8147]",3,24441,8147,15.467066666666664,8.87428,-42.62467349982327,42.62467349982327,mixed_batch
349,"[8818, 8818, 8818, 8818]",4,35272,8818,21.17523333333333,9.78762,-53.77798276917846,53.77798276917846,mixed_batch
350,"[10621, 10621, 10621, 10621, 10621, 10621, 10621, 10621, 10621, 10621, 10621, 10621, 10621, 10621, 10621, 10621]",16,169936,10621,94.6009,12.51282,-86.77304338542233,86.77304338542233,mixed_batch
351,"[1624, 1624]",2,3248,1624,1.5688999999999997,1.38036,-12.017336987698371,12.017336987698371,mixed_batch
352,"[5099, 5099, 5099, 5099, 5099, 5099, 5099, 5099, 5099, 5099]",10,50990,5099,16.975,4.947660000000001,-70.85325478645066,70.85325478645066,mixed_batch
353,"[9039, 9039, 9039, 9039, 9039, 9039, 9039, 9039]",8,72312,9039,38.059733333333334,10.15634,-73.31473683472997,73.31473683472997,mixed_batch
354,"[11036, 11036, 11036, 11036, 11036, 11036, 11036]",7,77252,11036,49.03703333333333,13.52476,-72.41929398937266,72.41929398937266,mixed_batch
355,"[5783, 5783, 5783, 5783, 5783, 5783]",6,34698,5783,15.086166666666667,6.2957399999999994,-58.26812642928954,58.26812642928954,mixed_batch
356,"[8122, 8122, 8122, 8122, 8122, 8122, 8122, 8122, 8122, 8122]",10,81220,8122,38.95216666666666,9.16548,-76.46990967554221,76.46990967554221,mixed_batch
357,"[6969, 6969, 6969, 6969, 6969, 6969, 6969, 6969, 6969, 6969, 6969, 6969, 6969, 6969, 6969, 6969]",16,111504,6969,43.736166666666676,7.50976,-82.82940510713864,82.82940510713864,mixed_batch
358,"[685, 685, 685, 685, 685, 685, 685, 685, 685, 685, 685, 685, 685, 685, 685, 685, 685, 685, 685, 685, 685, 685, 685, 685]",24,16440,685,1.8430999999999997,0.65544,-64.43817481417177,64.43817481417177,mixed_batch
359,"[8597, 8597, 8597, 8597, 8597, 8597, 8597, 8597, 8597, 8597, 8597, 8597]",12,103164,8597,50.49883333333333,9.857180000000001,-80.48038073486846,80.48038073486846,mixed_batch
360,"[6009, 6009, 6009, 6009, 6009, 6009, 6009, 6009, 6009, 6009, 6009, 6009, 6009, 6009, 6009, 6009, 6009, 6009, 6009, 6009, 6009, 6009, 6009, 6009, 6009, 6009, 6009, 6009, 6009, 6009, 6009, 6009]",32,192288,6009,62.920433333333335,6.577959999999999,-89.54559011831346,89.54559011831346,mixed_batch
361,"[8783, 8783, 8783, 8783, 8783, 8783, 8783, 8783, 8783, 8783, 8783, 8783, 8783, 8783, 8783, 8783, 8783, 8783, 8783, 8783]",20,175660,8783,82.14166666666668,10.071460000000002,-87.7389144770214,87.7389144770214,mixed_batch
362,"[1551, 1551]",2,3102,1551,1.7700333333333333,1.54938,-12.466055253196739,12.466055253196739,mixed_batch
363,"[3904, 3904]",2,7808,3904,5.2833000000000006,4.255599999999999,-19.451857740427407,19.451857740427407,mixed_batch
364,"[6278, 6278, 6278, 6278, 6278, 6278, 6278, 6278, 6278, 6278, 6278, 6278, 6278, 6278, 6278, 6278, 6278, 6278, 6278, 6278]",20,125560,6278,44.802366666666664,6.696079999999999,-85.05418240554256,85.05418240554256,mixed_batch
365,"[8882, 8882, 8882, 8882, 8882, 8882, 8882, 8882, 8882, 8882, 8882, 8882, 8882, 8882, 8882, 8882, 8882, 8882, 8882, 8882]",20,177640,8882,84.30756666666666,10.3314,-87.7455839274213,87.7455839274213,mixed_batch
366,"[1923, 1923, 1923, 1923, 1923]",5,9615,1923,2.781666666666667,1.9573800000000001,-29.63283403235471,29.63283403235471,mixed_batch
367,"[7374, 7374, 7374, 7374, 7374, 7374, 7374, 7374]",8,58992,7374,26.743966666666665,8.08104,-69.78368952997498,69.78368952997498,mixed_batch
368,"[4876, 4876, 4876, 4876, 4876, 4876, 4876, 4876, 4876, 4876, 4876, 4876, 4876, 4876, 4876, 4876, 4876, 4876, 4876, 4876]",20,97520,4876,29.296666666666663,5.306759999999999,-81.88613039026055,81.88613039026055,mixed_batch
369,"[10771, 10771, 10771, 10771, 10771, 10771, 10771, 10771, 10771, 10771, 10771, 10771, 10771, 10771, 10771, 10771, 10771, 10771, 10771, 10771, 10771, 10771, 10771, 10771]",24,258504,10771,143.2912,13.300300000000002,-90.71799245173466,90.71799245173466,mixed_batch
370,"[6811, 6811, 6811, 6811]",4,27244,6811,14.974166666666667,7.48566,-50.00950525905726,50.00950525905726,mixed_batch
371,"[8862, 8862, 8862, 8862, 8862, 8862, 8862, 8862, 8862, 8862]",10,88620,8862,45.41293333333333,10.343560000000002,-77.2233167056668,77.2233167056668,mixed_batch
372,"[8781, 8781, 8781, 8781]",4,35124,8781,21.872500000000002,10.158619999999999,-53.5552863184364,53.5552863184364,mixed_batch
373,"[5908, 5908, 5908, 5908, 5908, 5908, 5908, 5908, 5908, 5908, 5908, 5908, 5908, 5908, 5908, 5908]",16,94528,5908,34.023900000000005,6.2689200000000005,-81.57495172511088,81.57495172511088,mixed_batch
374,"[6110, 6110, 6110, 6110, 6110, 6110, 6110, 6110]",8,48880,6110,19.398433333333333,6.684740000000001,-65.53979445075461,65.53979445075461,mixed_batch
375,"[685, 685, 685, 685, 685, 685, 685, 685, 685, 685, 685, 685]",12,8220,685,1.2462666666666669,0.6573400000000001,-47.25526907028993,47.25526907028993,mixed_batch
376,"[6070, 6070, 6070, 6070, 6070, 6070, 6070, 6070]",8,48560,6070,19.346066666666665,6.505660000000001,-66.37218245913897,66.37218245913897,mixed_batch
377,"[6762, 6762, 6762, 6762]",4,27048,6762,14.424233333333333,7.516480000000001,-47.889916737342475,47.889916737342475,mixed_batch
378,"[5170, 5170, 5170, 5170, 5170, 5170, 5170, 5170, 5170, 5170, 5170, 5170, 5170, 5170, 5170, 5170, 5170, 5170, 5170, 5170]",20,103400,5170,32.19956666666666,5.53266,-82.81759485376097,82.81759485376097,mixed_batch
379,"[2570, 2570, 2570]",3,7710,2570,3.679433333333333,2.5098,-31.788409447106886,31.788409447106886,mixed_batch
380,"[5014, 5014, 5014, 5014, 5014, 5014, 5014, 5014, 5014, 5014, 5014, 5014, 5014, 5014, 5014, 5014, 5014, 5014, 5014, 5014]",20,100280,5014,32.004866666666665,4.89426,-84.70776319434754,84.70776319434754,mixed_batch
381,"[10759, 10759, 10759, 10759, 10759, 10759, 10759]",7,75313,10759,46.71863333333334,12.825040000000001,-72.54834081191017,72.54834081191017,mixed_batch
382,"[7134, 7134]",2,14268,7134,10.095133333333333,7.47902,-25.914599113764385,25.914599113764385,mixed_batch
383,"[6658, 6658, 6658, 6658, 6658, 6658, 6658, 6658, 6658, 6658, 6658, 6658]",12,79896,6658,31.871766666666666,6.90784,-78.32614654767595,78.32614654767595,mixed_batch
384,"[9357, 9357, 9357, 9357, 9357, 9357, 9357, 9357, 9357, 9357, 9357, 9357]",12,112284,9357,58.40623333333333,10.66474,-81.74040784459649,81.74040784459649,mixed_batch
385,"[2100, 2100, 2100, 2100]",4,8400,2100,2.6715333333333335,1.82152,-31.817433184438404,31.817433184438404,mixed_batch
386,[9670],1,9670,9670,11.08476,11.08476,0.0,0.0,single_prefill
387,[2729],1,2729,2729,2.4238399999999998,2.4238399999999998,0.0,0.0,single_prefill
388,"[7462, 7462, 7462, 7462, 7462, 7462]",6,44772,7462,21.979833333333335,7.9606200000000005,-63.78216395332085,63.78216395332085,mixed_batch
389,"[3728, 3728, 3728]",3,11184,3728,5.054599999999999,3.4680799999999996,-31.387646895896797,31.387646895896797,mixed_batch
390,"[8866, 8866, 8866, 8866]",4,35464,8866,21.683666666666667,9.90944,-54.299980015680006,54.299980015680006,mixed_batch
391,"[7994, 7994, 7994, 7994, 7994, 7994, 7994, 7994, 7994, 7994, 7994, 7994, 7994, 7994, 7994, 7994, 7994, 7994, 7994, 7994]",20,159880,7994,69.36390000000002,8.650540000000001,-87.52875775439387,87.52875775439387,mixed_batch
392,"[6316, 6316, 6316]",3,18948,6316,10.5914,6.453619999999999,-39.0673565345469,39.0673565345469,mixed_batch
393,"[6997, 6997, 6997, 6997, 6997, 6997, 6997, 6997, 6997, 6997, 6997, 6997, 6997, 6997, 6997, 6997, 6997, 6997, 6997, 6997, 6997, 6997, 6997, 6997]",24,167928,6997,63.766366666666684,7.30362,-88.54628171277335,88.54628171277335,mixed_batch
394,"[8463, 8463, 8463, 8463, 8463, 8463, 8463, 8463, 8463, 8463, 8463, 8463, 8463, 8463, 8463, 8463, 8463, 8463, 8463, 8463, 8463, 8463, 8463, 8463, 8463, 8463, 8463, 8463, 8463, 8463, 8463, 8463]",32,270816,8463,120.7868,9.3492,-92.25975023760876,92.25975023760876,mixed_batch
395,"[6592, 6592, 6592, 6592, 6592, 6592, 6592, 6592, 6592, 6592, 6592, 6592]",12,79104,6592,30.87633333333333,6.77622,-78.0536764944024,78.0536764944024,mixed_batch
396,"[8572, 8572, 8572, 8572, 8572]",5,42860,8572,23.7872,9.424699999999998,-60.379111454900126,60.379111454900126,mixed_batch
397,"[1511, 1511, 1511, 1511, 1511, 1511, 1511, 1511, 1511, 1511, 1511, 1511, 1511, 1511, 1511, 1511, 1511, 1511, 1511, 1511, 1511, 1511, 1511, 1511, 1511, 1511, 1511, 1511, 1511, 1511, 1511, 1511]",32,48352,1511,5.9033999999999995,1.27288,-78.43818816275368,78.43818816275368,mixed_batch
398,"[263, 263, 263, 263, 263]",5,1315,263,0.29323333333333335,0.27018,-7.861771058315346,7.861771058315346,mixed_batch
399,"[2280, 2280, 2280, 2280]",4,9120,2280,3.4603333333333337,2.11048,-39.0093439938349,39.0093439938349,mixed_batch
400,"[5161, 5161]",2,10322,5161,7.024000000000001,5.131900000000001,-26.937642369020498,26.937642369020498,mixed_batch
401,"[4383, 4383, 4383, 4383]",4,17532,4383,8.174466666666667,4.1732,-48.948351370527746,48.948351370527746,mixed_batch
402,"[4509, 4509, 4509]",3,13527,4509,6.547433333333333,4.30636,-34.22827265646081,34.22827265646081,mixed_batch
403,"[3878, 3878]",2,7756,3878,4.487433333333334,3.7256,-16.97703958461779,16.97703958461779,mixed_batch
404,"[1712, 1712, 1712, 1712, 1712, 1712, 1712, 1712, 1712, 1712]",10,17120,1712,3.581733333333333,1.7133800000000001,-52.16338458102222,52.16338458102222,mixed_batch
405,"[438, 438, 438, 438, 438, 438, 438]",7,3066,438,0.6100000000000001,0.39546000000000003,-35.17049180327869,35.17049180327869,mixed_batch
406,"[5384, 5384, 5384, 5384, 5384]",5,26920,5384,11.500233333333332,5.330820000000001,-53.64598399452763,53.64598399452763,mixed_batch
407,[5353],1,5353,5353,5.2402,5.2402,0.0,0.0,single_prefill
408,"[4034, 4034]",2,8068,4034,4.685833333333333,3.83778,-18.098239373999643,18.098239373999643,mixed_batch
409,"[7098, 7098, 7098, 7098, 7098, 7098]",6,42588,7098,20.153233333333333,7.4602,-62.982614865770095,62.982614865770095,mixed_batch
410,"[5575, 5575, 5575, 5575, 5575, 5575, 5575]",7,39025,5575,15.1541,5.531580000000001,-63.4977992754436,63.4977992754436,mixed_batch
411,"[5094, 5094, 5094, 5094, 5094, 5094, 5094, 5094, 5094, 5094, 5094, 5094, 5094, 5094, 5094, 5094, 5094, 5094, 5094, 5094]",20,101880,5094,30.182666666666666,4.95128,-83.59561779387728,83.59561779387728,mixed_batch
412,"[963, 963, 963]",3,2889,963,0.9949,0.9372800000000001,-5.791536837873142,5.791536837873142,mixed_batch
413,"[7075, 7075, 7075, 7075]",4,28300,7075,15.081333333333333,7.42478,-50.76841128105384,50.76841128105384,mixed_batch
414,"[7170, 7170, 7170, 7170]",4,28680,7170,15.501233333333335,7.820719999999999,-49.54775641508096,49.54775641508096,mixed_batch
415,"[8149, 8149, 8149, 8149, 8149, 8149, 8149, 8149, 8149, 8149, 8149, 8149, 8149, 8149, 8149, 8149, 8149, 8149, 8149, 8149]",20,162980,8149,72.01180000000001,9.226360000000003,-87.18771090293535,87.18771090293535,mixed_batch
416,"[10312, 10312, 10312]",3,30936,10312,22.477333333333334,12.353000000000002,-45.0424130976391,45.0424130976391,mixed_batch
417,"[5185, 5185]",2,10370,5185,7.2007666666666665,5.736400000000001,-20.336260490781065,20.336260490781065,mixed_batch
418,"[2393, 2393, 2393, 2393, 2393, 2393, 2393, 2393, 2393, 2393, 2393, 2393, 2393, 2393, 2393, 2393, 2393, 2393, 2393, 2393]",20,47860,2393,8.500133333333334,2.4493800000000006,-71.18421671816913,71.18421671816913,mixed_batch
419,"[6612, 6612, 6612, 6612, 6612, 6612, 6612, 6612]",8,52896,6612,22.641366666666666,7.2107800000000015,-68.15218751518238,68.15218751518238,mixed_batch
420,"[8345, 8345, 8345, 8345, 8345, 8345, 8345, 8345, 8345, 8345, 8345, 8345]",12,100140,8345,47.7829,9.482899999999999,-80.15419742209032,80.15419742209032,mixed_batch
421,"[890, 890, 890, 890, 890]",5,4450,890,1.1725333333333334,0.8556600000000001,-27.024675915396863,27.024675915396863,mixed_batch
422,"[3436, 3436, 3436, 3436, 3436, 3436, 3436, 3436, 3436, 3436, 3436, 3436, 3436, 3436, 3436, 3436, 3436, 3436, 3436, 3436, 3436, 3436, 3436, 3436]",24,82464,3436,18.617600000000003,3.6021799999999997,-80.65174888277758,80.65174888277758,mixed_batch
423,"[4852, 4852]",2,9704,4852,6.245733333333333,5.319240000000001,-14.834020024336597,14.834020024336597,mixed_batch
424,"[2900, 2900, 2900]",3,8700,2900,4.170166666666667,3.0339200000000006,-27.247032492706115,27.247032492706115,mixed_batch
425,"[10424, 10424]",2,20848,10424,17.870333333333335,12.63998,-29.268359105407484,29.268359105407484,mixed_batch
426,"[4374, 4374, 4374]",3,13122,4374,7.077800000000001,4.8975800000000005,-30.803639549012406,30.803639549012406,mixed_batch
427,"[6847, 6847, 6847, 6847, 6847, 6847, 6847]",7,47929,6847,21.7986,7.367920000000001,-66.20003119466386,66.20003119466386,mixed_batch
428,"[4565, 4565, 4565, 4565, 4565, 4565, 4565]",7,31955,4565,10.937333333333333,5.121020000000001,-53.17853224430086,53.17853224430086,mixed_batch
429,"[4403, 4403, 4403, 4403, 4403, 4403, 4403, 4403, 4403, 4403]",10,44030,4403,14.2125,4.89006,-65.59324538258575,65.59324538258575,mixed_batch
430,"[4323, 4323, 4323, 4323, 4323, 4323, 4323, 4323, 4323, 4323, 4323, 4323, 4323, 4323, 4323, 4323]",16,69168,4323,18.8195,4.07972,-78.3218470203778,78.3218470203778,mixed_batch
431,"[990, 990, 990, 990]",4,3960,990,1.211666666666667,0.95746,-20.97991746905091,20.97991746905091,mixed_batch
432,"[6006, 6006, 6006, 6006, 6006]",5,30030,6006,13.324633333333333,6.0353200000000005,-54.70554536835285,54.70554536835285,mixed_batch
433,"[466, 466, 466, 466, 466, 466, 466, 466, 466, 466, 466, 466]",12,5592,466,0.6834666666666667,0.36619999999999997,-46.42021069059696,46.42021069059696,mixed_batch
434,"[1435, 1435]",2,2870,1435,1.5739333333333332,1.42154,-9.682324537252732,9.682324537252732,mixed_batch
435,"[232, 232]",2,464,232,0.22870000000000004,0.22024,-3.6991692173152817,3.6991692173152817,mixed_batch
436,[6403],1,6403,6403,6.59246,6.59246,0.0,0.0,single_prefill
437,"[8875, 8875, 8875, 8875, 8875, 8875, 8875, 8875, 8875, 8875]",10,88750,8875,44.7561,9.93014,-77.81276742164755,77.81276742164755,mixed_batch
438,"[8387, 8387, 8387, 8387, 8387, 8387, 8387, 8387, 8387, 8387]",10,83870,8387,40.33473333333334,9.212019999999999,-77.16107374785338,77.16107374785338,mixed_batch
439,"[1511, 1511, 1511, 1511, 1511, 1511]",6,9066,1511,2.050733333333333,1.3605800000000003,-33.6539774389649,33.6539774389649,mixed_batch
440,"[1644, 1644, 1644, 1644, 1644, 1644, 1644]",7,11508,1644,2.8947000000000003,1.6335000000000002,-43.56928179085916,43.56928179085916,mixed_batch
441,"[1320, 1320, 1320, 1320, 1320, 1320, 1320, 1320, 1320, 1320]",10,13200,1320,2.7059333333333333,1.31024,-51.57899923624627,51.57899923624627,mixed_batch
442,"[4225, 4225, 4225]",3,12675,4225,6.2075000000000005,3.997,-35.61014901329038,35.61014901329038,mixed_batch
443,"[7973, 7973, 7973, 7973, 7973, 7973, 7973, 7973, 7973, 7973, 7973, 7973, 7973, 7973, 7973, 7973, 7973, 7973, 7973, 7973]",20,159460,7973,69.14090000000002,8.64752,-87.49290217512356,87.49290217512356,mixed_batch
444,"[502, 502, 502, 502, 502, 502]",6,3012,502,0.5599,0.39910000000000007,-28.71941418110375,28.71941418110375,mixed_batch
445,"[5974, 5974, 5974, 5974, 5974, 5974, 5974, 5974, 5974, 5974, 5974, 5974, 5974, 5974, 5974, 5974, 5974, 5974, 5974, 5974, 5974, 5974, 5974, 5974, 5974, 5974, 5974, 5974, 5974, 5974, 5974, 5974]",32,191168,5974,62.22306666666667,6.00008,-90.35714515303007,90.35714515303007,mixed_batch
446,"[10877, 10877, 10877, 10877, 10877, 10877, 10877, 10877]",8,87016,10877,52.80853333333333,12.90806,-75.55686707198836,75.55686707198836,mixed_batch
447,"[4150, 4150, 4150, 4150, 4150]",5,20750,4150,7.6555333333333335,3.89784,-49.08467078278892,49.08467078278892,mixed_batch
448,"[10905, 10905, 10905, 10905, 10905, 10905, 10905]",7,76335,10905,47.942166666666665,13.0608,-72.75717618102367,72.75717618102367,mixed_batch
449,"[6102, 6102, 6102, 6102, 6102, 6102, 6102, 6102, 6102, 6102, 6102, 6102, 6102, 6102, 6102, 6102, 6102, 6102, 6102, 6102]",20,122040,6102,41.94973333333333,6.1691199999999995,-85.29401855554107,85.29401855554107,mixed_batch
450,"[7277, 7277, 7277, 7277, 7277, 7277, 7277, 7277]",8,58216,7277,25.985033333333337,7.653240000000001,-70.54750747545702,70.54750747545702,mixed_batch
451,"[5032, 5032, 5032, 5032, 5032, 5032]",6,30192,5032,11.569533333333334,4.879160000000001,-57.82751248969996,57.82751248969996,mixed_batch
452,"[2100, 2100, 2100, 2100, 2100, 2100, 2100, 2100, 2100, 2100, 2100, 2100, 2100, 2100, 2100, 2100, 2100, 2100, 2100, 2100]",20,42000,2100,7.025866666666667,1.82282,-74.05558507609975,74.05558507609975,mixed_batch
453,"[6910, 6910, 6910, 6910, 6910, 6910, 6910]",7,48370,6910,21.314866666666667,7.157039999999999,-66.42230931149777,66.42230931149777,mixed_batch
454,"[4867, 4867, 4867, 4867, 4867, 4867, 4867, 4867, 4867, 4867, 4867, 4867, 4867, 4867, 4867, 4867, 4867, 4867, 4867, 4867, 4867, 4867, 4867, 4867]",24,116808,4867,33.75713333333334,4.712740000000001,-86.03927663683923,86.03927663683923,mixed_batch
455,"[7482, 7482]",2,14964,7482,10.839066666666668,7.971080000000002,-26.45971977907075,26.45971977907075,mixed_batch
456,"[8185, 8185, 8185, 8185]",4,32740,8185,18.78756666666667,8.88958,-52.68370748739859,52.68370748739859,mixed_batch
457,"[7245, 7245, 7245, 7245, 7245, 7245, 7245, 7245, 7245, 7245, 7245, 7245, 7245, 7245, 7245, 7245, 7245, 7245, 7245, 7245, 7245, 7245, 7245, 7245, 7245, 7245, 7245, 7245, 7245, 7245, 7245, 7245]",32,231840,7245,89.28993333333332,7.63712,-91.44682976580414,91.44682976580414,mixed_batch
458,"[9465, 9465, 9465, 9465, 9465]",5,47325,9465,28.1209,10.74278,-61.79787986870975,61.79787986870975,mixed_batch
459,"[10308, 10308, 10308, 10308, 10308, 10308, 10308, 10308, 10308, 10308, 10308, 10308, 10308, 10308, 10308, 10308, 10308, 10308, 10308, 10308, 10308, 10308, 10308, 10308, 10308, 10308, 10308, 10308, 10308, 10308, 10308, 10308]",32,329856,10308,173.49416666666667,12.049880000000002,-93.05459069229033,93.05459069229033,mixed_batch
460,"[10007, 10007, 10007, 10007, 10007, 10007, 10007, 10007, 10007, 10007, 10007, 10007, 10007, 10007, 10007, 10007]",16,160112,10007,86.42813333333334,11.605879999999999,-86.5716410242961,86.5716410242961,mixed_batch
461,"[10619, 10619, 10619, 10619, 10619, 10619, 10619, 10619, 10619, 10619, 10619, 10619, 10619, 10619, 10619, 10619]",16,169904,10619,94.79383333333332,12.830700000000002,-86.46462586349674,86.46462586349674,mixed_batch
462,"[7470, 7470, 7470, 7470, 7470, 7470, 7470, 7470, 7470, 7470, 7470, 7470, 7470, 7470, 7470, 7470, 7470, 7470, 7470, 7470, 7470, 7470, 7470, 7470, 7470, 7470, 7470, 7470, 7470, 7470, 7470, 7470]",32,239040,7470,94.49659999999999,8.325460000000001,-91.18967243265894,91.18967243265894,mixed_batch
463,"[1225, 1225, 1225, 1225, 1225, 1225, 1225, 1225, 1225, 1225, 1225, 1225, 1225, 1225, 1225, 1225, 1225, 1225, 1225, 1225, 1225, 1225, 1225, 1225, 1225, 1225, 1225, 1225, 1225, 1225, 1225, 1225]",32,39200,1225,4.927233333333334,1.20216,-75.60172375301893,75.60172375301893,mixed_batch
464,"[3643, 3643, 3643, 3643, 3643, 3643, 3643]",7,25501,3643,7.763233333333335,3.939540000000001,-49.25387617702246,49.25387617702246,mixed_batch
465,"[7023, 7023, 7023, 7023, 7023, 7023, 7023, 7023, 7023, 7023]",10,70230,7023,30.15396666666667,7.71026,-74.4303623956605,74.4303623956605,mixed_batch
466,"[4529, 4529, 4529, 4529, 4529, 4529, 4529]",7,31703,4529,11.418866666666666,4.910919999999999,-56.9929298295803,56.9929298295803,mixed_batch
467,"[4018, 4018, 4018, 4018, 4018, 4018, 4018, 4018, 4018, 4018, 4018, 4018, 4018, 4018, 4018, 4018, 4018, 4018, 4018, 4018]",20,80360,4018,20.337533333333337,4.4156,-78.28841911342903,78.28841911342903,mixed_batch
468,"[11046, 11046, 11046, 11046, 11046, 11046, 11046, 11046, 11046, 11046, 11046, 11046, 11046, 11046, 11046, 11046, 11046, 11046, 11046, 11046, 11046, 11046, 11046, 11046]",24,265104,11046,150.1926,13.682399999999998,-90.89009711530394,90.89009711530394,mixed_batch
469,"[4511, 4511, 4511, 4511, 4511, 4511, 4511, 4511, 4511, 4511, 4511, 4511, 4511, 4511, 4511, 4511, 4511, 4511, 4511, 4511]",20,90220,4511,24.925466666666665,5.064839999999999,-79.68005948400832,79.68005948400832,mixed_batch
470,"[7254, 7254, 7254, 7254, 7254, 7254, 7254, 7254, 7254, 7254, 7254, 7254, 7254, 7254, 7254, 7254, 7254, 7254, 7254, 7254, 7254, 7254, 7254, 7254]",24,174096,7254,68.59906666666666,8.16824,-88.09278260345621,88.09278260345621,mixed_batch
471,"[6839, 6839, 6839, 6839, 6839, 6839, 6839, 6839, 6839, 6839, 6839, 6839, 6839, 6839, 6839, 6839, 6839, 6839, 6839, 6839]",20,136780,6839,52.44103333333334,7.4502,-85.79318612460598,85.79318612460598,mixed_batch
472,"[9765, 9765, 9765, 9765, 9765, 9765, 9765, 9765, 9765, 9765, 9765, 9765]",12,117180,9765,62.61973333333334,11.7093,-81.30094240793106,81.30094240793106,mixed_batch
473,"[2175, 2175, 2175, 2175, 2175, 2175]",6,13050,2175,3.5329,2.20056,-37.71236094992783,37.71236094992783,mixed_batch
474,"[7299, 7299, 7299, 7299, 7299, 7299, 7299, 7299, 7299, 7299, 7299, 7299, 7299, 7299, 7299, 7299, 7299, 7299, 7299, 7299]",20,145980,7299,59.022066666666674,7.983320000000001,-86.47400802637658,86.47400802637658,mixed_batch
475,"[1052, 1052, 1052, 1052, 1052, 1052, 1052]",7,7364,1052,1.6231333333333335,1.02858,-36.62997494557851,36.62997494557851,mixed_batch
476,"[9781, 9781]",2,19562,9781,16.042566666666666,11.269559999999998,-29.75213858131596,29.75213858131596,mixed_batch
477,"[1232, 1232]",2,2464,1232,1.1546666666666667,1.035,-10.363741339491929,10.363741339491929,mixed_batch
478,"[1745, 1745, 1745, 1745, 1745, 1745, 1745, 1745, 1745, 1745, 1745, 1745, 1745, 1745, 1745, 1745]",16,27920,1745,4.779166666666667,1.73392,-63.71919790758501,63.71919790758501,mixed_batch
479,"[2917, 2917, 2917, 2917, 2917, 2917, 2917]",7,20419,2917,5.8727,2.6839399999999998,-54.29802305583463,54.29802305583463,mixed_batch
480,"[5433, 5433]",2,10866,5433,6.971299999999999,5.355079999999999,-23.183911178689776,23.183911178689776,mixed_batch
481,[5093],1,5093,5093,4.94346,4.94346,0.0,0.0,single_prefill
482,"[1045, 1045, 1045]",3,3135,1045,1.131,1.02564,-9.315649867373995,9.315649867373995,mixed_batch
483,"[7689, 7689, 7689, 7689, 7689, 7689, 7689, 7689, 7689, 7689, 7689, 7689, 7689, 7689, 7689, 7689, 7689, 7689, 7689, 7689, 7689, 7689, 7689, 7689, 7689, 7689, 7689, 7689, 7689, 7689, 7689, 7689]",32,246048,7689,101.79433333333333,8.26782,-91.87791723835315,91.87791723835315,mixed_batch
484,"[10415, 10415, 10415, 10415, 10415, 10415, 10415, 10415, 10415, 10415, 10415, 10415, 10415, 10415, 10415, 10415, 10415, 10415, 10415, 10415, 10415, 10415, 10415, 10415]",24,249960,10415,136.18683333333337,12.24636,-91.00767695359684,91.00767695359684,mixed_batch
485,"[10900, 10900, 10900, 10900, 10900, 10900]",6,65400,10900,42.5402,13.051599999999999,-69.31937320463938,69.31937320463938,mixed_batch
486,"[5695, 5695, 5695, 5695, 5695, 5695, 5695]",7,39865,5695,15.647833333333335,5.67622,-63.72520157210263,63.72520157210263,mixed_batch
487,"[2687, 2687, 2687, 2687, 2687, 2687, 2687]",7,18809,2687,4.813866666666667,2.4772800000000004,-48.538666075781066,48.538666075781066,mixed_batch
488,[7564],1,7564,7564,8.112480000000001,8.112480000000001,0.0,0.0,single_prefill
489,"[951, 951, 951, 951, 951, 951]",6,5706,951,1.1819333333333333,0.7909800000000001,-33.077443736251325,33.077443736251325,mixed_batch
490,[4043],1,4043,4043,4.29898,4.29898,0.0,0.0,single_prefill
491,"[10780, 10780, 10780, 10780, 10780]",5,53900,10780,35.5827,12.832460000000001,-63.93623867778443,63.93623867778443,mixed_batch
492,"[5357, 5357, 5357, 5357, 5357, 5357, 5357, 5357]",8,42856,5357,15.513766666666664,5.23426,-66.26054708398776,66.26054708398776,mixed_batch
493,"[8869, 8869, 8869, 8869, 8869, 8869, 8869, 8869, 8869, 8869, 8869, 8869, 8869, 8869, 8869, 8869, 8869, 8869, 8869, 8869]",20,177380,8869,85.68243333333335,9.928560000000001,-88.41237390939332,88.41237390939332,mixed_batch
494,"[8199, 8199, 8199, 8199, 8199, 8199, 8199, 8199, 8199, 8199, 8199, 8199]",12,98388,8199,46.721266666666665,8.975399999999999,-80.78947631271413,80.78947631271413,mixed_batch
495,"[2982, 2982, 2982, 2982, 2982, 2982, 2982, 2982, 2982, 2982, 2982, 2982, 2982, 2982, 2982, 2982, 2982, 2982, 2982, 2982, 2982, 2982, 2982, 2982]",24,71568,2982,14.387466666666665,2.68214,-81.35780216114024,81.35780216114024,mixed_batch
496,[10148],1,10148,10148,11.82912,11.82912,0.0,0.0,single_prefill
497,"[7210, 7210, 7210, 7210, 7210]",5,36050,7210,18.11993333333333,7.608639999999999,-58.009558534063764,58.009558534063764,mixed_batch
498,"[1766, 1766, 1766, 1766, 1766, 1766, 1766]",7,12362,1766,2.7072000000000003,1.5047599999999999,-44.416371158392444,44.416371158392444,mixed_batch
499,"[5614, 5614, 5614, 5614, 5614, 5614, 5614, 5614]",8,44912,5614,16.80663333333333,5.54872,-66.98494046993349,66.98494046993349,mixed_batch
500,"[1344, 1344, 1344, 1344, 1344, 1344, 1344, 1344, 1344, 1344]",10,13440,1344,2.3032000000000004,1.1738399999999998,-49.03438693990971,49.03438693990971,mixed_batch
501,"[9803, 9803, 9803, 9803, 9803, 9803, 9803]",7,68621,9803,39.592333333333336,11.30218,-71.45361475706576,71.45361475706576,mixed_batch
502,"[1926, 1926, 1926, 1926, 1926, 1926, 1926, 1926, 1926, 1926]",10,19260,1926,3.9018333333333333,1.6664199999999998,-57.291358762974674,57.291358762974674,mixed_batch
503,"[7080, 7080, 7080, 7080, 7080, 7080, 7080, 7080, 7080, 7080, 7080, 7080]",12,84960,7080,35.48283333333333,7.43852,-79.0362851519749,79.0362851519749,mixed_batch
504,"[5905, 5905, 5905, 5905, 5905]",5,29525,5905,13.2497,5.9570799999999995,-55.03988769557048,55.03988769557048,mixed_batch
505,"[9998, 9998, 9998, 9998, 9998, 9998]",6,59988,9998,36.35723333333333,11.613159999999999,-68.058185578844,68.058185578844,mixed_batch
506,"[2694, 2694, 2694, 2694]",4,10776,2694,3.7458666666666667,2.52722,-32.533103153698306,32.533103153698306,mixed_batch
507,"[4205, 4205, 4205, 4205]",4,16820,4205,6.9525999999999994,3.9885599999999997,-42.63210885136496,42.63210885136496,mixed_batch
508,"[1265, 1265, 1265, 1265, 1265, 1265, 1265, 1265]",8,10120,1265,2.174133333333333,1.2331800000000002,-43.27946768060834,43.27946768060834,mixed_batch
509,"[455, 455, 455, 455, 455]",5,2275,455,0.5781000000000001,0.41922,-27.483134405812155,27.483134405812155,mixed_batch
510,"[7430, 7430, 7430, 7430, 7430, 7430, 7430]",7,52010,7430,24.630566666666663,7.9333,-67.79083442389334,67.79083442389334,mixed_batch
511,"[10801, 10801, 10801, 10801, 10801, 10801, 10801, 10801, 10801, 10801, 10801, 10801]",12,129612,10801,76.74176666666666,12.871780000000001,-83.22715183778672,83.22715183778672,mixed_batch
512,"[1156, 1156, 1156, 1156]",4,4624,1156,1.3145666666666667,0.9775599999999999,-25.636331363947573,25.636331363947573,mixed_batch
513,"[650, 650, 650, 650, 650, 650, 650, 650, 650, 650]",10,6500,650,1.0791333333333335,0.62384,-42.19064681534566,42.19064681534566,mixed_batch
514,"[1150, 1150, 1150, 1150, 1150, 1150, 1150, 1150]",8,9200,1150,1.9199666666666666,1.11896,-41.71982152467925,41.71982152467925,mixed_batch
515,"[6097, 6097, 6097]",3,18291,6097,9.982966666666666,6.156580000000001,-38.329153992300206,38.329153992300206,mixed_batch
516,"[1912, 1912, 1912, 1912, 1912, 1912, 1912]",7,13384,1912,2.9890333333333334,1.6725400000000004,-44.044116827067825,44.044116827067825,mixed_batch
517,"[6914, 6914, 6914, 6914, 6914, 6914, 6914, 6914, 6914, 6914, 6914, 6914, 6914, 6914, 6914, 6914, 6914, 6914, 6914, 6914, 6914, 6914, 6914, 6914, 6914, 6914, 6914, 6914, 6914, 6914, 6914, 6914]",32,221248,6914,84.37476666666666,7.23562,-91.42442665520458,91.42442665520458,mixed_batch
518,"[2578, 2578, 2578, 2578, 2578, 2578, 2578, 2578, 2578, 2578]",10,25780,2578,5.9162,2.2798000000000003,-61.46512964402826,61.46512964402826,mixed_batch
519,"[9074, 9074, 9074, 9074, 9074, 9074]",6,54444,9074,30.176466666666663,10.15796,-66.33813987500193,66.33813987500193,mixed_batch
520,"[7277, 7277, 7277, 7277, 7277, 7277, 7277, 7277, 7277, 7277, 7277, 7277, 7277, 7277, 7277, 7277]",16,116432,7277,47.72016666666667,7.955680000000001,-83.3284739854918,83.3284739854918,mixed_batch
521,"[1914, 1914, 1914, 1914, 1914, 1914]",6,11484,1914,3.1378333333333335,1.9102600000000003,-39.121686938970626,39.121686938970626,mixed_batch
522,"[2451, 2451, 2451, 2451, 2451, 2451, 2451, 2451, 2451, 2451, 2451, 2451, 2451, 2451, 2451, 2451, 2451, 2451, 2451, 2451, 2451, 2451, 2451, 2451, 2451, 2451, 2451, 2451, 2451, 2451, 2451, 2451]",32,78432,2451,13.924833333333334,2.4347000000000003,-82.51541011861302,82.51541011861302,mixed_batch
523,"[2015, 2015, 2015, 2015, 2015, 2015, 2015, 2015, 2015, 2015, 2015, 2015]",12,24180,2015,5.342133333333334,2.03132,-61.97549044077273,61.97549044077273,mixed_batch
524,"[1257, 1257, 1257]",3,3771,1257,1.5116333333333334,1.2258,-18.908906480848533,18.908906480848533,mixed_batch
525,[2886],1,2886,2886,3.0194799999999997,3.0194799999999997,0.0,0.0,single_prefill
526,"[546, 546]",2,1092,546,0.5787333333333333,0.5065000000000001,-12.481280958414917,12.481280958414917,mixed_batch
527,"[4732, 4732, 4732, 4732, 4732]",5,23660,4732,9.589200000000002,5.14694,-46.32565803195263,46.32565803195263,mixed_batch
528,"[6113, 6113, 6113, 6113, 6113, 6113, 6113, 6113]",8,48904,6113,19.634533333333337,6.62222,-66.27258775354987,66.27258775354987,mixed_batch
529,"[1009, 1009]",2,2018,1009,1.0308666666666668,0.9719,-5.72010605962622,5.72010605962622,mixed_batch
530,"[4596, 4596, 4596, 4596, 4596, 4596, 4596, 4596, 4596, 4596, 4596, 4596, 4596, 4596, 4596, 4596, 4596, 4596, 4596, 4596, 4596, 4596, 4596, 4596]",24,110304,4596,29.317733333333337,5.05996,-82.74095769113575,82.74095769113575,mixed_batch
531,"[9540, 9540, 9540, 9540, 9540, 9540, 9540, 9540]",8,76320,9540,41.88866666666667,10.89082,-74.0005570321328,74.0005570321328,mixed_batch
532,"[9173, 9173]",2,18346,9173,14.5078,10.320939999999998,-28.859372199782197,28.859372199782197,mixed_batch
533,"[6243, 6243, 6243, 6243, 6243]",5,31215,6243,14.230766666666668,6.3192,-55.59480280987438,55.59480280987438,mixed_batch
534,"[9118, 9118, 9118, 9118, 9118, 9118, 9118, 9118, 9118, 9118, 9118, 9118, 9118, 9118, 9118, 9118]",16,145888,9118,72.03293333333333,10.29366,-85.7097864495314,85.7097864495314,mixed_batch
535,"[948, 948, 948, 948, 948, 948, 948, 948, 948, 948, 948, 948, 948, 948, 948, 948, 948, 948, 948, 948, 948, 948, 948, 948, 948, 948, 948, 948, 948, 948, 948, 948]",32,30336,948,3.0797000000000003,0.7869600000000001,-74.44686170730915,74.44686170730915,mixed_batch
536,"[239, 239, 239, 239, 239, 239]",6,1434,239,0.2937666666666667,0.22872000000000003,-22.142289799160324,22.142289799160324,mixed_batch
537,"[1347, 1347, 1347, 1347, 1347, 1347, 1347, 1347, 1347, 1347, 1347, 1347, 1347, 1347, 1347, 1347]",16,21552,1347,3.6739000000000006,1.3291400000000002,-63.82209640980974,63.82209640980974,mixed_batch
538,"[7173, 7173, 7173, 7173, 7173, 7173, 7173, 7173, 7173, 7173, 7173, 7173]",12,86076,7173,36.1931,7.582679999999999,-79.04937681491776,79.04937681491776,mixed_batch
539,"[8063, 8063, 8063, 8063, 8063, 8063, 8063, 8063, 8063, 8063, 8063, 8063, 8063, 8063, 8063, 8063, 8063, 8063, 8063, 8063, 8063, 8063, 8063, 8063, 8063, 8063, 8063, 8063, 8063, 8063, 8063, 8063]",32,258016,8063,107.32666666666667,8.730360000000001,-91.8656189825455,91.8656189825455,mixed_batch
540,"[6243, 6243, 6243, 6243, 6243, 6243]",6,37458,6243,16.1261,6.32832,-60.75728167380831,60.75728167380831,mixed_batch
541,"[10914, 10914]",2,21828,10914,18.931599999999996,13.04564,-31.09066322973228,31.09066322973228,mixed_batch
542,"[1822, 1822, 1822, 1822, 1822, 1822]",6,10932,1822,2.6888,1.56988,-41.61410294555192,41.61410294555192,mixed_batch
543,"[7832, 7832, 7832, 7832, 7832, 7832, 7832, 7832, 7832, 7832, 7832, 7832, 7832, 7832, 7832, 7832, 7832, 7832, 7832, 7832]",20,156640,7832,67.23236666666666,8.45058,-87.43078606484674,87.43078606484674,mixed_batch
544,"[6150, 6150, 6150, 6150, 6150, 6150, 6150, 6150, 6150, 6150, 6150, 6150, 6150, 6150, 6150, 6150]",16,98400,6150,35.52023333333333,6.25962,-82.37731171060251,82.37731171060251,mixed_batch
545,"[8311, 8311, 8311, 8311]",4,33244,8311,19.217166666666664,9.068319999999998,-52.811357900488275,52.811357900488275,mixed_batch
546,"[9654, 9654, 9654, 9654, 9654, 9654, 9654]",7,67578,9654,38.34146666666667,11.06562,-71.13928870743948,71.13928870743948,mixed_batch
547,"[2536, 2536, 2536, 2536, 2536, 2536, 2536, 2536, 2536, 2536, 2536, 2536]",12,30432,2536,6.2983,2.2289800000000004,-64.60981534699839,64.60981534699839,mixed_batch
548,[3824],1,3824,3824,3.9985,3.9985,0.0,0.0,single_prefill
549,"[9534, 9534, 9534, 9534, 9534, 9534, 9534, 9534, 9534, 9534, 9534, 9534, 9534, 9534, 9534, 9534, 9534, 9534, 9534, 9534, 9534, 9534, 9534, 9534]",24,228816,9534,113.93133333333333,10.894660000000002,-90.43752084588962,90.43752084588962,mixed_batch
550,"[1890, 1890, 1890, 1890]",4,7560,1890,2.3126,1.6184999999999998,-30.013837239470742,30.013837239470742,mixed_batch
551,"[4454, 4454, 4454, 4454, 4454, 4454, 4454]",7,31178,4454,10.444933333333335,4.2158,-59.637846739088815,59.637846739088815,mixed_batch
552,"[9819, 9819, 9819, 9819, 9819, 9819, 9819]",7,68733,9819,39.31933333333333,11.29458,-71.27474185727122,71.27474185727122,mixed_batch
553,"[2144, 2144, 2144, 2144, 2144, 2144, 2144]",7,15008,2144,3.5326999999999997,1.8526,-47.558524641209274,47.558524641209274,mixed_batch
554,"[5594, 5594, 5594, 5594, 5594, 5594, 5594, 5594, 5594, 5594, 5594, 5594, 5594, 5594, 5594, 5594, 5594, 5594, 5594, 5594]",20,111880,5594,35.788133333333334,5.54136,-84.51620835211672,84.51620835211672,mixed_batch
555,"[5085, 5085, 5085, 5085, 5085, 5085, 5085, 5085, 5085, 5085, 5085, 5085, 5085, 5085, 5085, 5085]",16,81360,5085,24.81736666666667,4.95182,-80.04695636523348,80.04695636523348,mixed_batch
556,"[5071, 5071, 5071]",3,15213,5071,7.648933333333334,4.94962,-35.2900622308993,35.2900622308993,mixed_batch
557,"[4973, 4973, 4973, 4973, 4973, 4973, 4973, 4973, 4973, 4973, 4973, 4973, 4973, 4973, 4973, 4973, 4973, 4973, 4973, 4973]",20,99460,4973,28.7432,4.787520000000001,-83.34381697236216,83.34381697236216,mixed_batch
558,"[8037, 8037, 8037, 8037, 8037, 8037]",6,48222,8037,24.575166666666668,8.70416,-64.58148130565408,64.58148130565408,mixed_batch
559,"[5667, 5667, 5667, 5667, 5667, 5667]",6,34002,5667,14.0044,5.6552,-59.61840564394048,59.61840564394048,mixed_batch
560,"[1727, 1727, 1727, 1727, 1727, 1727, 1727, 1727]",8,13816,1727,3.0821666666666667,1.73018,-43.864813713296925,43.864813713296925,mixed_batch
561,[9164],1,9164,9164,10.313300000000002,10.313300000000002,0.0,0.0,single_prefill
562,"[8596, 8596, 8596, 8596, 8596, 8596, 8596, 8596, 8596, 8596]",10,85960,8596,42.612133333333325,9.537420000000001,-77.61806496428247,77.61806496428247,mixed_batch
563,"[8729, 8729, 8729, 8729, 8729, 8729]",6,52374,8729,28.54803333333333,9.73264,-65.90784420643104,65.90784420643104,mixed_batch
564,"[4993, 4993, 4993, 4993, 4993, 4993, 4993, 4993, 4993, 4993, 4993, 4993, 4993, 4993, 4993, 4993]",16,79888,4993,24.733133333333335,4.898999999999999,-80.19256220400703,80.19256220400703,mixed_batch
565,"[10864, 10864, 10864, 10864, 10864, 10864, 10864, 10864, 10864, 10864, 10864, 10864]",12,130368,10864,75.52866666666668,12.91752,-82.89719576672876,82.89719576672876,mixed_batch
566,"[3952, 3952, 3952, 3952, 3952, 3952, 3952, 3952, 3952, 3952, 3952, 3952, 3952, 3952, 3952, 3952, 3952, 3952, 3952, 3952, 3952, 3952, 3952, 3952]",24,94848,3952,22.510466666666666,3.6754800000000003,-83.67212881711322,83.67212881711322,mixed_batch
567,"[7211, 7211, 7211]",3,21633,7211,12.900433333333334,7.61212,-40.99329996666779,40.99329996666779,mixed_batch
568,"[5686, 5686, 5686, 5686, 5686, 5686, 5686, 5686]",8,45488,5686,17.335333333333335,5.66976,-67.2936199669269,67.2936199669269,mixed_batch
569,"[1131, 1131, 1131, 1131, 1131, 1131, 1131, 1131]",8,9048,1131,1.7239999999999998,1.1010000000000002,-36.13689095127608,36.13689095127608,mixed_batch
570,"[5756, 5756, 5756, 5756]",4,23024,5756,10.773233333333332,5.72834,-46.828033676055156,46.828033676055156,mixed_batch
571,"[8817, 8817, 8817, 8817, 8817, 8817, 8817, 8817, 8817, 8817, 8817, 8817, 8817, 8817, 8817, 8817]",16,141072,8817,66.89106666666666,9.78074,-85.37810729085896,85.37810729085896,mixed_batch
572,"[10031, 10031, 10031, 10031, 10031, 10031, 10031, 10031, 10031, 10031, 10031, 10031]",12,120372,10031,66.12906666666666,11.67034,-82.35217796309439,82.35217796309439,mixed_batch
573,"[1908, 1908, 1908, 1908, 1908, 1908, 1908, 1908, 1908, 1908, 1908, 1908, 1908, 1908, 1908, 1908, 1908, 1908, 1908, 1908]",20,38160,1908,5.8426,1.6327000000000003,-72.05524937527812,72.05524937527812,mixed_batch
574,"[1807, 1807, 1807, 1807, 1807, 1807]",6,10842,1807,2.6766,1.82464,-31.82993349772099,31.82993349772099,mixed_batch
575,"[5345, 5345, 5345, 5345, 5345, 5345, 5345, 5345, 5345, 5345, 5345, 5345, 5345, 5345, 5345, 5345]",16,85520,5345,27.160100000000007,5.234400000000001,-80.72761145945707,80.72761145945707,mixed_batch
576,"[1165, 1165, 1165, 1165, 1165, 1165, 1165, 1165, 1165, 1165, 1165, 1165, 1165, 1165, 1165, 1165, 1165, 1165, 1165, 1165, 1165, 1165, 1165, 1165, 1165, 1165, 1165, 1165, 1165, 1165, 1165, 1165]",32,37280,1165,4.4922666666666675,1.13784,-74.6711385492105,74.6711385492105,mixed_batch
577,"[9048, 9048, 9048, 9048, 9048, 9048, 9048, 9048]",8,72384,9048,38.00856666666666,10.14922,-73.29754607952418,73.29754607952418,mixed_batch
578,"[6580, 6580, 6580, 6580, 6580, 6580, 6580, 6580, 6580, 6580]",10,65800,6580,26.514100000000003,6.78232,-74.41995013973697,74.41995013973697,mixed_batch
579,"[8170, 8170, 8170, 8170, 8170, 8170, 8170, 8170, 8170, 8170, 8170, 8170, 8170, 8170, 8170, 8170, 8170, 8170, 8170, 8170]",20,163400,8170,71.47809999999998,8.870680000000002,-87.58965333437794,87.58965333437794,mixed_batch
580,"[5151, 5151, 5151, 5151, 5151, 5151, 5151, 5151, 5151, 5151, 5151, 5151]",12,61812,5151,20.360599999999998,5.04758,-75.2090802825064,75.2090802825064,mixed_batch
581,"[8839, 8839, 8839, 8839]",4,35356,8839,21.635266666666666,9.900400000000001,-54.23952867078135,54.23952867078135,mixed_batch
582,[9967],1,9967,9967,11.507700000000002,11.507700000000002,0.0,0.0,single_prefill
583,[7400],1,7400,7400,7.828200000000001,7.828200000000001,0.0,0.0,single_prefill
584,"[8856, 8856, 8856, 8856, 8856, 8856, 8856, 8856]",8,70848,8856,37.03203333333333,9.91564,-73.22415458328419,73.22415458328419,mixed_batch
585,"[5139, 5139, 5139, 5139, 5139, 5139, 5139, 5139, 5139, 5139, 5139, 5139, 5139, 5139, 5139, 5139, 5139, 5139, 5139, 5139]",20,102780,5139,31.386366666666667,5.033400000000001,-83.96310075181262,83.96310075181262,mixed_batch
586,"[3900, 3900, 3900, 3900, 3900, 3900, 3900, 3900]",8,31200,3900,9.423300000000001,3.62684,-61.51199685884988,61.51199685884988,mixed_batch
587,"[4490, 4490]",2,8980,4490,5.482833333333334,4.510800000000001,-17.72866826762318,17.72866826762318,mixed_batch
588,"[9796, 9796, 9796, 9796, 9796, 9796, 9796, 9796, 9796, 9796, 9796, 9796, 9796, 9796, 9796, 9796, 9796, 9796, 9796, 9796, 9796, 9796, 9796, 9796]",24,235104,9796,119.72776666666667,11.281600000000001,-90.57729020252334,90.57729020252334,mixed_batch
589,"[5836, 5836, 5836, 5836, 5836, 5836, 5836]",7,40852,5836,16.238933333333332,5.834940000000001,-64.06820645034156,64.06820645034156,mixed_batch
590,"[1161, 1161, 1161, 1161, 1161, 1161]",6,6966,1161,1.5387333333333333,1.13234,-26.41090074086912,26.41090074086912,mixed_batch
591,"[5488, 5488, 5488, 5488]",4,21952,5488,10.0426,5.407760000000001,-46.15179336028518,46.15179336028518,mixed_batch
592,"[3923, 3923, 3923, 3923, 3923, 3923, 3923, 3923, 3923, 3923, 3923, 3923, 3923, 3923, 3923, 3923, 3923, 3923, 3923, 3923]",20,78460,3923,19.30776666666667,3.6403400000000006,-81.14572201514761,81.14572201514761,mixed_batch
593,"[9787, 9787, 9787, 9787, 9787, 9787, 9787, 9787, 9787, 9787]",10,97870,9787,53.677266666666675,11.275,-78.99483207664574,78.99483207664574,mixed_batch
594,"[6331, 6331, 6331, 6331, 6331, 6331, 6331, 6331, 6331, 6331]",10,63310,6331,24.774933333333333,6.46786,-73.8935321723032,73.8935321723032,mixed_batch
595,"[9464, 9464, 9464, 9464, 9464, 9464, 9464, 9464, 9464, 9464, 9464, 9464, 9464, 9464, 9464, 9464, 9464, 9464, 9464, 9464, 9464, 9464, 9464, 9464, 9464, 9464, 9464, 9464, 9464, 9464, 9464, 9464]",32,302848,9464,146.25376666666668,11.10708,-92.40561097799646,92.40561097799646,mixed_batch
596,"[8036, 8036, 8036, 8036, 8036, 8036, 8036, 8036, 8036, 8036]",10,80360,8036,37.10693333333333,8.929120000000001,-75.93678809350992,75.93678809350992,mixed_batch
597,"[6261, 6261, 6261]",3,18783,6261,11.002933333333333,6.3438,-42.34446571823271,42.34446571823271,mixed_batch
598,[10020],1,10020,10020,11.63628,11.63628,0.0,0.0,single_prefill
599,"[1451, 1451, 1451, 1451, 1451, 1451, 1451, 1451, 1451, 1451, 1451, 1451, 1451, 1451, 1451, 1451, 1451, 1451, 1451, 1451, 1451, 1451, 1451, 1451, 1451, 1451, 1451, 1451, 1451, 1451, 1451, 1451]",32,46432,1451,5.7869,1.2733599999999998,-77.9958181409736,77.9958181409736,mixed_batch
600,"[3737, 3737, 3737, 3737, 3737, 3737, 3737, 3737, 3737, 3737, 3737, 3737]",12,44844,3737,11.9846,3.46374,-71.0984096256863,71.0984096256863,mixed_batch
601,"[7638, 7638, 7638, 7638, 7638, 7638, 7638, 7638, 7638, 7638, 7638, 7638, 7638, 7638, 7638, 7638, 7638, 7638, 7638, 7638, 7638, 7638, 7638, 7638, 7638, 7638, 7638, 7638, 7638, 7638, 7638, 7638]",32,244416,7638,97.66396666666665,8.1727,-91.63181644270712,91.63181644270712,mixed_batch
602,"[2319, 2319, 2319, 2319, 2319]",5,11595,2319,3.411866666666667,2.03112,-40.46895150259878,40.46895150259878,mixed_batch
603,"[8701, 8701, 8701, 8701, 8701, 8701, 8701, 8701]",8,69608,8701,35.370400000000004,9.606,-72.8416981430801,72.8416981430801,mixed_batch
604,"[3759, 3759, 3759, 3759, 3759]",5,18795,3759,6.6233,3.47366,-47.553938369090936,47.553938369090936,mixed_batch
605,"[10047, 10047, 10047, 10047, 10047, 10047, 10047, 10047]",8,80376,10047,45.974000000000004,11.67992,-74.59450994040111,74.59450994040111,mixed_batch
606,"[8064, 8064]",2,16128,8064,11.968833333333333,8.69548,-27.34897581217885,27.34897581217885,mixed_batch
607,"[1169, 1169, 1169, 1169, 1169]",5,5845,1169,1.4383333333333337,0.9939800000000002,-30.8936268829664,30.8936268829664,mixed_batch
608,"[10206, 10206, 10206, 10206, 10206, 10206, 10206, 10206, 10206, 10206, 10206, 10206]",12,122472,10206,67.68266666666668,11.905579999999999,-82.4097060793507,82.4097060793507,mixed_batch
609,"[6579, 6579, 6579, 6579, 6579, 6579, 6579, 6579]",8,52632,6579,22.1762,6.78002,-69.42659247301161,69.42659247301161,mixed_batch
610,"[10908, 10908, 10908, 10908, 10908, 10908, 10908, 10908, 10908, 10908]",10,109080,10908,65.66953333333332,13.058780000000002,-80.11440109721099,80.11440109721099,mixed_batch
611,"[1014, 1014, 1014, 1014, 1014, 1014, 1014, 1014, 1014, 1014]",10,10140,1014,1.5511333333333333,0.8385999999999999,-45.936304637469384,45.936304637469384,mixed_batch
612,"[2567, 2567, 2567, 2567]",4,10268,2567,4.0271333333333335,2.65356,-34.10796761964673,34.10796761964673,mixed_batch
613,"[10827, 10827, 10827, 10827, 10827, 10827, 10827, 10827, 10827, 10827, 10827, 10827, 10827, 10827, 10827, 10827, 10827, 10827, 10827, 10827]",20,216540,10827,121.45450000000001,12.87808,-89.39678645089315,89.39678645089315,mixed_batch
614,"[8344, 8344, 8344, 8344, 8344, 8344]",6,50064,8344,26.493433333333336,9.18106,-65.34590332447159,65.34590332447159,mixed_batch
615,"[6830, 6830, 6830, 6830, 6830]",5,34150,6830,16.569566666666667,7.10304,-57.13201109664908,57.13201109664908,mixed_batch
616,"[9070, 9070, 9070, 9070, 9070, 9070, 9070, 9070]",8,72560,9070,38.125933333333336,10.154599999999999,-73.36563563908382,73.36563563908382,mixed_batch
617,"[10241, 10241, 10241, 10241, 10241, 10241]",6,61446,10241,37.72496666666667,11.9984,-68.19506798768985,68.19506798768985,mixed_batch
618,"[2466, 2466, 2466, 2466, 2466, 2466, 2466, 2466]",8,19728,2466,4.774900000000001,2.1666200000000004,-54.624808896521394,54.624808896521394,mixed_batch
619,"[8783, 8783, 8783]",3,26349,8783,17.375700000000002,9.754439999999999,-43.861599820438904,43.861599820438904,mixed_batch
620,"[5102, 5102, 5102, 5102]",4,20408,5102,8.997800000000002,4.939020000000001,-45.10858209784614,45.10858209784614,mixed_batch
621,"[4835, 4835, 4835, 4835, 4835, 4835, 4835, 4835, 4835, 4835]",10,48350,4835,15.560866666666666,4.65272,-70.09986590292743,70.09986590292743,mixed_batch
622,"[7274, 7274, 7274, 7274, 7274, 7274, 7274, 7274, 7274, 7274, 7274, 7274]",12,87288,7274,36.3339,7.660120000000001,-78.9174297281602,78.9174297281602,mixed_batch
623,"[8369, 8369, 8369, 8369, 8369]",5,41845,8369,23.0513,9.181280000000001,-60.17022901094515,60.17022901094515,mixed_batch
624,"[6915, 6915, 6915, 6915]",4,27660,6915,14.5906,7.23804,-50.392444450536644,50.392444450536644,mixed_batch
625,"[2890, 2890, 2890, 2890, 2890]",5,14450,2890,4.511999999999999,2.83314,-37.20877659574466,37.20877659574466,mixed_batch
626,"[6900, 6900]",2,13800,6900,9.586166666666667,7.16268,-25.281082114853003,25.281082114853003,mixed_batch
627,"[8882, 8882, 8882]",3,26646,8882,17.763266666666667,9.94324,-44.023584250644596,44.023584250644596,mixed_batch
628,"[8935, 8935, 8935, 8935, 8935, 8935, 8935, 8935, 8935, 8935, 8935, 8935, 8935, 8935, 8935, 8935, 8935, 8935, 8935, 8935, 8935, 8935, 8935, 8935]",24,214440,8935,100.1073,9.960159999999998,-90.0505157965503,90.0505157965503,mixed_batch
629,[2100],1,2100,2100,2.1260399999999997,2.1260399999999997,0.0,0.0,single_prefill
630,"[4065, 4065, 4065, 4065, 4065, 4065, 4065, 4065, 4065, 4065, 4065, 4065]",12,48780,4065,13.4089,4.44912,-66.81964963568973,66.81964963568973,mixed_batch
631,"[11047, 11047, 11047, 11047, 11047, 11047, 11047, 11047, 11047, 11047, 11047, 11047, 11047, 11047, 11047, 11047]",16,176752,11047,103.15586666666668,13.68544,-86.73324121814368,86.73324121814368,mixed_batch
632,"[981, 981, 981, 981]",4,3924,981,1.1033333333333335,0.9506600000000003,-13.837462235649534,13.837462235649534,mixed_batch
633,"[6776, 6776, 6776, 6776, 6776, 6776]",6,40656,6776,18.415166666666668,7.467820000000001,-59.44744820845137,59.44744820845137,mixed_batch
634,"[2985, 2985, 2985, 2985, 2985]",5,14925,2985,5.28,3.14864,-40.366666666666674,40.366666666666674,mixed_batch
635,"[2449, 2449, 2449, 2449]",4,9796,2449,3.8963333333333336,2.5373599999999996,-34.87826161348278,34.87826161348278,mixed_batch
636,"[10462, 10462, 10462, 10462]",4,41848,10462,28.16893333333333,12.271960000000002,-56.434417111995714,56.434417111995714,mixed_batch
637,"[10404, 10404, 10404, 10404, 10404, 10404, 10404, 10404, 10404, 10404, 10404, 10404]",12,124848,10404,70.51783333333333,12.21386,-82.67975712999312,82.67975712999312,mixed_batch
638,"[391, 391, 391, 391, 391]",5,1955,391,0.43476666666666663,0.29452,-32.25791612359119,32.25791612359119,mixed_batch
639,"[2232, 2232]",2,4464,2232,2.6420333333333335,2.2735200000000004,-13.948095532481283,13.948095532481283,mixed_batch
640,"[4311, 4311]",2,8622,4311,6.029566666666667,4.787440000000001,-20.60059595216902,20.60059595216902,mixed_batch
641,"[5825, 5825, 5825, 5825, 5825, 5825, 5825]",7,40775,5825,16.261333333333337,5.832660000000001,-64.13172351590686,64.13172351590686,mixed_batch
642,"[7650, 7650, 7650, 7650, 7650, 7650]",6,45900,7650,22.589933333333335,8.18162,-63.78200909549682,63.78200909549682,mixed_batch
643,"[8395, 8395]",2,16790,8395,12.750466666666666,9.21554,-27.723900301688296,27.723900301688296,mixed_batch
644,"[9915, 9915, 9915, 9915, 9915, 9915, 9915, 9915, 9915, 9915, 9915, 9915, 9915, 9915, 9915, 9915, 9915, 9915, 9915, 9915, 9915, 9915, 9915, 9915]",24,237960,9915,122.19026666666669,11.46508,-90.61702677900149,90.61702677900149,mixed_batch
645,"[9205, 9205, 9205, 9205, 9205, 9205]",6,55230,9205,30.818900000000003,10.366859999999999,-66.36200513321371,66.36200513321371,mixed_batch
646,"[10300, 10300, 10300, 10300, 10300, 10300, 10300, 10300]",8,82400,10300,48.460166666666666,12.054199999999998,-75.12554985022064,75.12554985022064,mixed_batch
647,"[8733, 8733, 8733, 8733, 8733, 8733, 8733, 8733, 8733, 8733]",10,87330,8733,43.78086666666667,9.723559999999999,-77.79038940907216,77.79038940907216,mixed_batch
648,"[3076, 3076, 3076, 3076, 3076, 3076, 3076, 3076, 3076, 3076, 3076, 3076, 3076, 3076, 3076, 3076, 3076, 3076, 3076, 3076, 3076, 3076, 3076, 3076, 3076, 3076, 3076, 3076, 3076, 3076, 3076, 3076]",32,98432,3076,19.767833333333332,2.7857600000000002,-85.90761084927534,85.90761084927534,mixed_batch
649,[1778],1,1778,1778,1.7427199999999998,1.7427199999999998,0.0,0.0,single_prefill
650,"[6962, 6962, 6962, 6962, 6962]",5,34810,6962,17.084133333333334,7.28342,-57.36734279760558,57.36734279760558,mixed_batch
651,"[8952, 8952, 8952, 8952, 8952, 8952]",6,53712,8952,29.3627,10.00702,-65.91927854046119,65.91927854046119,mixed_batch
652,"[506, 506, 506, 506, 506]",5,2530,506,0.5361666666666667,0.3995,-25.489586571339757,25.489586571339757,mixed_batch
653,"[3488, 3488]",2,6976,3488,4.579466666666667,3.7601600000000004,-17.890875211087163,17.890875211087163,mixed_batch
654,"[4648, 4648, 4648, 4648, 4648, 4648, 4648, 4648]",8,37184,4648,12.526299999999999,4.462000000000001,-64.3789466961513,64.3789466961513,mixed_batch
655,"[314, 314, 314, 314, 314, 314, 314, 314, 314, 314, 314, 314, 314, 314, 314, 314, 314, 314, 314, 314, 314, 314, 314, 314]",24,7536,314,0.6598,0.32698000000000005,-50.44255835101546,50.44255835101546,mixed_batch
656,[10537],1,10537,10537,12.457299999999998,12.457299999999998,0.0,0.0,single_prefill
657,"[4218, 4218, 4218, 4218, 4218, 4218, 4218, 4218, 4218, 4218, 4218, 4218, 4218, 4218, 4218, 4218, 4218, 4218, 4218, 4218, 4218, 4218, 4218, 4218]",24,101232,4218,25.056266666666666,3.9531400000000003,-84.22294888304722,84.22294888304722,mixed_batch
658,"[7781, 7781, 7781, 7781, 7781, 7781, 7781, 7781, 7781, 7781, 7781, 7781, 7781, 7781, 7781, 7781, 7781, 7781, 7781, 7781]",20,155620,7781,65.20330000000001,8.3444,-87.20248821762088,87.20248821762088,mixed_batch
659,"[7948, 7948, 7948, 7948, 7948, 7948, 7948, 7948, 7948, 7948, 7948, 7948, 7948, 7948, 7948, 7948, 7948, 7948, 7948, 7948, 7948, 7948, 7948, 7948, 7948, 7948, 7948, 7948, 7948, 7948, 7948, 7948]",32,254336,7948,107.6038,8.624279999999999,-91.9851529406954,91.9851529406954,mixed_batch
660,"[8869, 8869, 8869]",3,26607,8869,17.732966666666663,9.92266,-44.043993390840775,44.043993390840775,mixed_batch
661,"[1577, 1577, 1577, 1577]",4,6308,1577,1.8819333333333337,1.3438400000000001,-28.592582096425666,28.592582096425666,mixed_batch
662,"[6897, 6897, 6897, 6897, 6897, 6897, 6897, 6897, 6897, 6897, 6897, 6897, 6897, 6897, 6897, 6897, 6897, 6897, 6897, 6897, 6897, 6897, 6897, 6897, 6897, 6897, 6897, 6897, 6897, 6897, 6897, 6897]",32,220704,6897,80.85396666666668,7.165559999999999,-91.13765187360421,91.13765187360421,mixed_batch
663,"[3782, 3782]",2,7564,3782,4.318266666666667,3.6565399999999997,-15.323895390125685,15.323895390125685,mixed_batch
664,"[873, 873, 873]",3,2619,873,1.0082333333333335,0.83888,-16.797037722749383,16.797037722749383,mixed_batch
665,[4574],1,4574,4574,5.12174,5.12174,0.0,0.0,single_prefill
666,"[10204, 10204, 10204, 10204]",4,40816,10204,26.992933333333333,11.903020000000001,-55.903199355880794,55.903199355880794,mixed_batch
667,"[9402, 9402, 9402, 9402, 9402, 9402, 9402]",7,65814,9402,36.548899999999996,10.674959999999999,-70.79266407470539,70.79266407470539,mixed_batch
668,"[2639, 2639, 2639, 2639, 2639, 2639, 2639, 2639]",8,21112,2639,5.182766666666667,2.4355,-53.007724317127916,53.007724317127916,mixed_batch
669,"[4013, 4013, 4013, 4013, 4013, 4013, 4013, 4013]",8,32104,4013,9.893233333333333,3.74768,-62.11875456962166,62.11875456962166,mixed_batch
670,"[2910, 2910, 2910, 2910, 2910, 2910, 2910]",7,20370,2910,5.467366666666668,2.59424,-52.5504660988532,52.5504660988532,mixed_batch
671,"[9398, 9398, 9398, 9398, 9398, 9398, 9398, 9398, 9398, 9398, 9398, 9398, 9398, 9398, 9398, 9398, 9398, 9398, 9398, 9398, 9398, 9398, 9398, 9398]",24,225552,9398,111.03566666666669,10.675099999999999,-90.38588201388743,90.38588201388743,mixed_batch
672,"[4457, 4457, 4457, 4457, 4457, 4457, 4457, 4457, 4457, 4457, 4457, 4457, 4457, 4457, 4457, 4457]",16,71312,4457,19.7373,4.219679999999999,-78.62078399781124,78.62078399781124,mixed_batch
673,"[8849, 8849, 8849, 8849, 8849, 8849, 8849, 8849, 8849, 8849, 8849, 8849]",12,106188,8849,52.936099999999996,9.897079999999999,-81.30372279030755,81.30372279030755,mixed_batch
674,"[10264, 10264, 10264, 10264, 10264, 10264, 10264, 10264, 10264, 10264, 10264, 10264, 10264, 10264, 10264, 10264]",16,164224,10264,90.25189999999999,12.041799999999999,-86.65756621190248,86.65756621190248,mixed_batch
675,"[1413, 1413, 1413, 1413, 1413, 1413, 1413, 1413, 1413, 1413, 1413, 1413, 1413, 1413, 1413, 1413, 1413, 1413, 1413, 1413]",20,28260,1413,3.9992333333333336,1.20118,-69.9647432424548,69.9647432424548,mixed_batch
676,"[5496, 5496, 5496, 5496, 5496, 5496, 5496, 5496, 5496, 5496, 5496, 5496, 5496, 5496, 5496, 5496, 5496, 5496, 5496, 5496, 5496, 5496, 5496, 5496]",24,131904,5496,40.726733333333335,5.409940000000001,-86.71648925112252,86.71648925112252,mixed_batch
677,"[2020, 2020, 2020, 2020]",4,8080,2020,2.7723333333333335,2.03968,-26.427317542383072,26.427317542383072,mixed_batch
678,"[1521, 1521, 1521, 1521, 1521, 1521, 1521, 1521]",8,12168,1521,2.7977333333333334,1.4962,-46.52099318495925,46.52099318495925,mixed_batch
679,"[2536, 2536, 2536, 2536]",4,10144,2536,3.9824333333333337,2.61066,-34.44560695722046,34.44560695722046,mixed_batch
680,"[6829, 6829, 6829]",3,20487,6829,11.914233333333335,7.1097199999999985,-40.32582877063011,40.32582877063011,mixed_batch
681,"[10828, 10828]",2,21656,10828,18.637733333333333,12.881300000000001,-30.885908873038918,30.885908873038918,mixed_batch
682,"[2178, 2178, 2178, 2178, 2178, 2178, 2178, 2178, 2178, 2178]",10,21780,2178,4.654000000000001,1.9355199999999997,-58.411688869789444,58.411688869789444,mixed_batch
683,"[7859, 7859, 7859, 7859, 7859]",5,39295,7859,20.780066666666666,8.478559999999998,-59.198590957359784,59.198590957359784,mixed_batch
684,"[349, 349, 349, 349, 349, 349, 349, 349]",8,2792,349,0.4240000000000001,0.31432000000000004,-25.867924528301895,25.867924528301895,mixed_batch
685,"[8350, 8350, 8350, 8350, 8350, 8350]",6,50100,8350,26.482533333333333,9.16414,-65.39553114253923,65.39553114253923,mixed_batch
686,"[10320, 10320, 10320, 10320, 10320, 10320, 10320, 10320, 10320, 10320, 10320, 10320, 10320, 10320, 10320, 10320, 10320, 10320, 10320, 10320, 10320, 10320, 10320, 10320]",24,247680,10320,131.75226666666669,12.03268,-90.86719317668918,90.86719317668918,mixed_batch
687,"[2505, 2505, 2505, 2505, 2505, 2505]",6,15030,2505,4.076833333333333,2.24392,-44.95924124115939,44.95924124115939,mixed_batch
688,"[10267, 10267, 10267, 10267, 10267, 10267, 10267, 10267, 10267, 10267, 10267, 10267, 10267, 10267, 10267, 10267, 10267, 10267, 10267, 10267, 10267, 10267, 10267, 10267]",24,246408,10267,131.84453333333332,12.063,-90.85058766183202,90.85058766183202,mixed_batch
689,"[4803, 4803, 4803, 4803, 4803, 4803, 4803, 4803]",8,38424,4803,13.101733333333334,4.6261,-64.6909314798042,64.6909314798042,mixed_batch
690,"[7743, 7743, 7743, 7743, 7743, 7743, 7743, 7743, 7743, 7743, 7743, 7743, 7743, 7743, 7743, 7743, 7743, 7743, 7743, 7743, 7743, 7743, 7743, 7743, 7743, 7743, 7743, 7743, 7743, 7743, 7743, 7743]",32,247776,7743,101.58346666666668,8.30838,-91.82112968514562,91.82112968514562,mixed_batch
691,"[5630, 5630, 5630, 5630]",4,22520,5630,10.392066666666668,5.5602800000000006,-46.49495448451063,46.49495448451063,mixed_batch
692,"[3482, 3482, 3482, 3482, 3482, 3482, 3482, 3482, 3482, 3482, 3482, 3482]",12,41784,3482,10.727566666666666,3.2013400000000005,-70.15781770951473,70.15781770951473,mixed_batch
693,[10368],1,10368,10368,12.14792,12.14792,0.0,0.0,single_prefill
694,"[7387, 7387, 7387, 7387, 7387]",5,36935,7387,18.659866666666666,7.828360000000001,-58.04707429134899,58.04707429134899,mixed_batch
695,"[7711, 7711]",2,15422,7711,11.3517,8.296019999999999,-26.918258939189734,26.918258939189734,mixed_batch
696,"[3930, 3930, 3930, 3930, 3930, 3930]",6,23580,3930,7.813366666666667,3.6465400000000003,-53.32946531798073,53.32946531798073,mixed_batch
697,"[4304, 4304, 4304, 4304, 4304, 4304]",6,25824,4304,9.005533333333332,4.0597,-54.919938112123646,54.919938112123646,mixed_batch
698,"[4981, 4981, 4981, 4981, 4981, 4981, 4981, 4981, 4981, 4981, 4981, 4981, 4981, 4981, 4981, 4981, 4981, 4981, 4981, 4981, 4981, 4981, 4981, 4981, 4981, 4981, 4981, 4981, 4981, 4981, 4981, 4981]",32,159392,4981,44.21946666666667,4.817279999999999,-89.1059744426286,89.1059744426286,mixed_batch
699,"[1030, 1030, 1030, 1030, 1030, 1030, 1030, 1030, 1030, 1030]",10,10300,1030,1.8540666666666668,1.01422,-45.2975441372119,45.2975441372119,mixed_batch
700,"[9463, 9463, 9463, 9463, 9463, 9463, 9463, 9463, 9463, 9463, 9463, 9463, 9463, 9463, 9463, 9463]",16,151408,9463,76.41390000000001,10.725600000000002,-85.96381024918242,85.96381024918242,mixed_batch
701,"[10177, 10177, 10177, 10177, 10177, 10177, 10177, 10177, 10177, 10177, 10177, 10177, 10177, 10177, 10177, 10177]",16,162832,10177,88.3252,11.8511,-86.58242494780652,86.58242494780652,mixed_batch
702,"[50, 50, 50, 50, 50, 50, 50, 50, 50, 50, 50, 50, 50, 50, 50, 50, 50, 50, 50, 50, 50, 50, 50, 50, 50, 50, 50, 50, 50, 50, 50, 50]",32,1600,50,0.12460000000000002,0.036340000000000004,-70.83467094703049,70.83467094703049,mixed_batch
703,"[4407, 4407, 4407, 4407]",4,17628,4407,7.330766666666666,4.25098,-42.01179503735398,42.01179503735398,mixed_batch
704,"[8380, 8380, 8380]",3,25140,8380,16.208433333333332,9.20344,-43.218201224465446,43.218201224465446,mixed_batch
705,"[8031, 8031, 8031, 8031]",4,32124,8031,18.24753333333333,8.70138,-52.31476035117074,52.31476035117074,mixed_batch
706,"[4497, 4497, 4497, 4497, 4497, 4497, 4497, 4497, 4497, 4497]",10,44970,4497,14.112866666666667,4.3012,-69.5228467639459,69.5228467639459,mixed_batch
707,"[4082, 4082, 4082, 4082, 4082, 4082, 4082, 4082, 4082, 4082, 4082, 4082, 4082, 4082, 4082, 4082, 4082, 4082, 4082, 4082, 4082, 4082, 4082, 4082]",24,97968,4082,23.830333333333332,3.7992,-84.05729392510946,84.05729392510946,mixed_batch
708,"[9609, 9609, 9609, 9609, 9609]",5,48045,9609,29.315733333333338,11.03964,-62.3422689977623,62.3422689977623,mixed_batch
709,"[2678, 2678, 2678, 2678, 2678, 2678]",6,16068,2678,4.413766666666667,2.5376800000000004,-42.50534313096146,42.50534313096146,mixed_batch
710,"[3187, 3187, 3187, 3187, 3187, 3187, 3187, 3187, 3187, 3187, 3187, 3187, 3187, 3187, 3187, 3187, 3187, 3187, 3187, 3187]",20,63740,3187,13.399366666666669,2.86918,-78.58719690731651,78.58719690731651,mixed_batch
711,"[9594, 9594, 9594, 9594, 9594, 9594, 9594, 9594, 9594, 9594, 9594, 9594, 9594, 9594, 9594, 9594]",16,153504,9594,78.25720000000001,10.93458,-86.02738150611063,86.02738150611063,mixed_batch
712,"[4668, 4668, 4668, 4668, 4668, 4668, 4668, 4668, 4668, 4668, 4668, 4668]",12,56016,4668,17.103966666666665,4.475820000000001,-73.8316842681717,73.8316842681717,mixed_batch
713,"[9096, 9096, 9096, 9096, 9096]",5,45480,9096,26.6887,10.27976,-61.482724898552576,61.482724898552576,mixed_batch
714,"[4970, 4970, 4970, 4970]",4,19880,4970,8.667466666666666,4.7944,-44.68510599021628,44.68510599021628,mixed_batch
715,"[7985, 7985, 7985, 7985, 7985, 7985, 7985, 7985, 7985, 7985, 7985, 7985, 7985, 7985, 7985, 7985]",16,127760,7985,56.61596666666666,8.654979999999998,-84.71282835996206,84.71282835996206,mixed_batch
716,"[4507, 4507, 4507, 4507, 4507, 4507, 4507]",7,31549,4507,10.867833333333333,4.29942,-60.43903261919733,60.43903261919733,mixed_batch
717,"[1261, 1261, 1261, 1261, 1261, 1261, 1261, 1261, 1261, 1261]",10,12610,1261,2.205166666666667,1.23028,-44.20920565338977,44.20920565338977,mixed_batch
718,"[2322, 2322]",2,4644,2322,2.8194,2.38248,-15.49691423707171,15.49691423707171,mixed_batch
719,"[1172, 1172, 1172, 1172, 1172, 1172, 1172]",7,8204,1172,1.9488666666666667,1.15336,-40.818937502138006,40.818937502138006,mixed_batch
720,"[1512, 1512, 1512, 1512, 1512, 1512, 1512, 1512, 1512, 1512, 1512, 1512, 1512, 1512, 1512, 1512, 1512, 1512, 1512, 1512]",20,30240,1512,4.929033333333333,1.4876400000000003,-69.81882857355397,69.81882857355397,mixed_batch
721,"[2474, 2474, 2474, 2474, 2474, 2474, 2474, 2474, 2474, 2474, 2474, 2474, 2474, 2474, 2474, 2474, 2474, 2474, 2474, 2474]",20,49480,2474,9.144166666666667,2.1654400000000003,-76.31889182538958,76.31889182538958,mixed_batch
722,"[1589, 1589, 1589, 1589, 1589, 1589, 1589, 1589, 1589, 1589, 1589, 1589, 1589, 1589, 1589, 1589, 1589, 1589, 1589, 1589]",20,31780,1589,4.910466666666666,1.57894,-67.84541862959392,67.84541862959392,mixed_batch
723,"[1654, 1654, 1654, 1654, 1654, 1654, 1654, 1654, 1654, 1654, 1654, 1654, 1654, 1654, 1654, 1654]",16,26464,1654,4.781733333333333,1.6377,-65.75091319744584,65.75091319744584,mixed_batch
724,"[59, 59, 59, 59, 59, 59, 59]",7,413,59,0.07753333333333334,0.0505,-34.866723989681866,34.866723989681866,mixed_batch
725,"[3260, 3260, 3260, 3260, 3260, 3260, 3260, 3260, 3260, 3260, 3260, 3260, 3260, 3260, 3260, 3260]",16,52160,3260,11.871433333333332,2.9592799999999997,-75.0722602999357,75.0722602999357,mixed_batch
726,[3782],1,3782,3782,4.1084000000000005,4.1084000000000005,0.0,0.0,single_prefill
727,"[1956, 1956, 1956, 1956, 1956, 1956, 1956, 1956]",8,15648,1956,4.085933333333334,1.9811600000000003,-51.51266948392045,51.51266948392045,mixed_batch
728,"[1716, 1716, 1716, 1716]",4,6864,1716,2.4438666666666666,1.71678,-29.751486715041736,29.751486715041736,mixed_batch
729,"[9456, 9456, 9456, 9456, 9456, 9456, 9456, 9456, 9456, 9456, 9456, 9456, 9456, 9456, 9456, 9456]",16,151296,9456,76.09036666666667,10.74318,-85.88102479902187,85.88102479902187,mixed_batch
730,"[5658, 5658, 5658, 5658, 5658, 5658, 5658, 5658, 5658, 5658, 5658, 5658, 5658, 5658, 5658, 5658, 5658, 5658, 5658, 5658, 5658, 5658, 5658, 5658]",24,135792,5658,43.936600000000006,5.65358,-87.13241352312195,87.13241352312195,mixed_batch
731,"[4377, 4377, 4377, 4377, 4377, 4377, 4377, 4377, 4377, 4377]",10,43770,4377,13.527000000000001,4.157719999999999,-69.26354698011386,69.26354698011386,mixed_batch
732,"[7559, 7559, 7559, 7559, 7559, 7559, 7559, 7559, 7559, 7559, 7559, 7559, 7559, 7559, 7559, 7559, 7559, 7559, 7559, 7559]",20,151180,7559,63.33480000000001,8.10784,-87.1984438255114,87.1984438255114,mixed_batch
733,"[3802, 3802, 3802, 3802, 3802, 3802, 3802, 3802, 3802, 3802]",10,38020,3802,10.562166666666668,3.52362,-66.6392312183422,66.6392312183422,mixed_batch
734,"[484, 484, 484, 484, 484, 484]",6,2904,484,0.5902666666666667,0.44964000000000004,-23.824260221368874,23.824260221368874,mixed_batch
735,"[38, 38, 38, 38, 38, 38, 38, 38, 38, 38]",10,380,38,0.06340000000000001,0.037680000000000005,-40.56782334384859,40.56782334384859,mixed_batch
736,"[2994, 2994, 2994]",3,8982,2994,4.4366,3.151560000000001,-28.964522382004226,28.964522382004226,mixed_batch
737,"[7283, 7283, 7283, 7283, 7283, 7283]",6,43698,7283,20.780033333333332,7.66436,-63.116709790327576,63.116709790327576,mixed_batch
738,"[10154, 10154, 10154]",3,30462,10154,22.004966666666668,11.82464,-46.26376772516508,46.26376772516508,mixed_batch
739,"[5336, 5336, 5336, 5336, 5336, 5336, 5336, 5336, 5336, 5336, 5336, 5336]",12,64032,5336,21.341700000000003,5.2418000000000005,-75.43869513675105,75.43869513675105,mixed_batch
740,"[6722, 6722, 6722, 6722, 6722, 6722]",6,40332,6722,18.386100000000003,6.9594,-62.14857963352751,62.14857963352751,mixed_batch
741,"[5549, 5549, 5549, 5549, 5549, 5549, 5549, 5549, 5549, 5549, 5549, 5549, 5549, 5549, 5549, 5549]",16,88784,5549,29.350166666666667,5.50514,-81.24324109459911,81.24324109459911,mixed_batch
742,"[74, 74, 74, 74, 74]",5,370,74,0.08023333333333335,0.06536,-18.537598670544263,18.537598670544263,mixed_batch
743,"[10533, 10533, 10533, 10533, 10533, 10533, 10533, 10533, 10533, 10533, 10533, 10533, 10533, 10533, 10533, 10533, 10533, 10533, 10533, 10533, 10533, 10533, 10533, 10533]",24,252792,10533,137.80733333333333,12.455000000000002,-90.96201943776578,90.96201943776578,mixed_batch
744,"[9065, 9065, 9065, 9065, 9065, 9065, 9065, 9065, 9065, 9065, 9065, 9065, 9065, 9065, 9065, 9065]",16,145040,9065,70.7924,10.156,-85.65382724699262,85.65382724699262,mixed_batch
745,"[10683, 10683, 10683, 10683]",4,42732,10683,29.325300000000006,12.65988,-56.8294953504312,56.8294953504312,mixed_batch
746,[5765],1,5765,5765,5.7851799999999995,5.7851799999999995,0.0,0.0,single_prefill
747,"[9691, 9691, 9691, 9691, 9691, 9691, 9691, 9691, 9691, 9691, 9691, 9691, 9691, 9691, 9691, 9691, 9691, 9691, 9691, 9691]",20,193820,9691,98.63526666666668,11.092400000000001,-88.75412377858089,88.75412377858089,mixed_batch
748,"[10572, 10572, 10572, 10572, 10572, 10572, 10572, 10572]",8,84576,10572,50.64193333333333,12.47208,-75.37203029373549,75.37203029373549,mixed_batch
749,"[9137, 9137, 9137, 9137, 9137, 9137, 9137, 9137, 9137, 9137, 9137, 9137, 9137, 9137, 9137, 9137, 9137, 9137, 9137, 9137, 9137, 9137, 9137, 9137]",24,219288,9137,105.71996666666666,10.303180000000001,-90.25427237175948,90.25427237175948,mixed_batch
750,"[5415, 5415, 5415, 5415, 5415, 5415, 5415, 5415, 5415, 5415, 5415, 5415, 5415, 5415, 5415, 5415, 5415, 5415, 5415, 5415, 5415, 5415, 5415, 5415, 5415, 5415, 5415, 5415, 5415, 5415, 5415, 5415]",32,173280,5415,53.108733333333326,5.35224,-89.92210948356265,89.92210948356265,mixed_batch
751,"[1171, 1171, 1171, 1171, 1171, 1171, 1171, 1171, 1171, 1171, 1171, 1171, 1171, 1171, 1171, 1171, 1171, 1171, 1171, 1171]",20,23420,1171,3.3486333333333334,1.1549600000000002,-65.50951134293591,65.50951134293591,mixed_batch
752,"[4025, 4025, 4025, 4025, 4025, 4025, 4025, 4025]",8,32200,4025,9.934566666666665,3.76336,-62.118528907484624,62.118528907484624,mixed_batch
753,"[9958, 9958, 9958]",3,29874,9958,21.217433333333332,11.52674,-45.67325925378973,45.67325925378973,mixed_batch
754,"[855, 855, 855]",3,2565,855,0.8491000000000002,0.70324,-17.17818867035687,17.17818867035687,mixed_batch
755,"[6938, 6938, 6938, 6938, 6938]",5,34690,6938,17.061799999999998,7.2659600000000015,-57.413871924415936,57.413871924415936,mixed_batch
756,"[10816, 10816, 10816, 10816, 10816, 10816, 10816, 10816, 10816, 10816, 10816, 10816, 10816, 10816, 10816, 10816, 10816, 10816, 10816, 10816, 10816, 10816, 10816, 10816, 10816, 10816, 10816, 10816, 10816, 10816, 10816, 10816]",32,346112,10816,190.36786666666669,12.865219999999999,-93.24191617773027,93.24191617773027,mixed_batch
757,"[3210, 3210, 3210, 3210, 3210, 3210, 3210, 3210, 3210, 3210, 3210, 3210, 3210, 3210, 3210, 3210, 3210, 3210, 3210, 3210, 3210, 3210, 3210, 3210, 3210, 3210, 3210, 3210, 3210, 3210, 3210, 3210]",32,102720,3210,21.2134,2.92058,-86.23238141929157,86.23238141929157,mixed_batch
758,"[803, 803, 803, 803, 803, 803, 803, 803, 803, 803, 803, 803, 803, 803, 803, 803, 803, 803, 803, 803, 803, 803, 803, 803]",24,19272,803,2.0683999999999996,0.7731600000000001,-62.6203829046606,62.6203829046606,mixed_batch
759,"[7781, 7781, 7781, 7781, 7781, 7781, 7781, 7781, 7781, 7781, 7781, 7781, 7781, 7781, 7781, 7781, 7781, 7781, 7781, 7781, 7781, 7781, 7781, 7781]",24,186744,7781,77.5878,8.34578,-89.24343775696694,89.24343775696694,mixed_batch
760,"[4773, 4773, 4773, 4773]",4,19092,4773,8.270300000000002,4.60168,-44.358971258600064,44.358971258600064,mixed_batch
761,"[6078, 6078, 6078, 6078, 6078, 6078, 6078, 6078, 6078, 6078, 6078, 6078]",12,72936,6078,26.7271,6.13724,-77.03738901713992,77.03738901713992,mixed_batch
762,[4364],1,4364,4364,4.14578,4.14578,0.0,0.0,single_prefill
763,"[8026, 8026, 8026, 8026, 8026, 8026, 8026, 8026, 8026, 8026, 8026, 8026, 8026, 8026, 8026, 8026, 8026, 8026, 8026, 8026, 8026, 8026, 8026, 8026]",24,192624,8026,82.38296666666666,8.682580000000002,-89.4607097179069,89.4607097179069,mixed_batch
764,"[8888, 8888, 8888, 8888, 8888, 8888, 8888, 8888, 8888, 8888, 8888, 8888, 8888, 8888, 8888, 8888]",16,142208,8888,68.95563333333334,9.94774,-85.5737094721292,85.5737094721292,mixed_batch
765,"[5957, 5957, 5957, 5957, 5957, 5957, 5957, 5957, 5957, 5957, 5957, 5957]",12,71484,5957,25.77403333333333,5.98124,-76.79354285514749,76.79354285514749,mixed_batch
766,[853],1,853,853,0.70196,0.70196,0.0,0.0,single_prefill
767,"[2056, 2056, 2056, 2056, 2056, 2056, 2056, 2056, 2056, 2056]",10,20560,2056,4.5543000000000005,2.0915,-54.0763673890609,54.0763673890609,mixed_batch
768,"[1349, 1349, 1349, 1349, 1349, 1349, 1349, 1349]",8,10792,1349,2.4424,1.32958,-45.56256141500164,45.56256141500164,mixed_batch
769,"[3499, 3499, 3499, 3499, 3499, 3499]",6,20994,3499,6.936233333333334,3.2079,-53.75155583962478,53.75155583962478,mixed_batch
770,"[7564, 7564, 7564, 7564, 7564, 7564, 7564, 7564, 7564, 7564, 7564, 7564, 7564, 7564, 7564, 7564, 7564, 7564, 7564, 7564, 7564, 7564, 7564, 7564, 7564, 7564, 7564, 7564, 7564, 7564, 7564, 7564]",32,242048,7564,98.2915,8.11288,-91.74610215532371,91.74610215532371,mixed_batch
771,"[7516, 7516, 7516, 7516, 7516]",5,37580,7516,19.171866666666666,7.978999999999999,-58.381726001293565,58.381726001293565,mixed_batch
772,"[5581, 5581, 5581, 5581, 5581, 5581, 5581, 5581, 5581, 5581, 5581, 5581, 5581, 5581, 5581, 5581, 5581, 5581, 5581, 5581]",20,111620,5581,35.77766666666666,5.52544,-84.55617564029701,84.55617564029701,mixed_batch
773,"[220, 220, 220, 220, 220, 220, 220, 220, 220, 220, 220, 220, 220, 220, 220, 220, 220, 220, 220, 220, 220, 220, 220, 220, 220, 220, 220, 220, 220, 220, 220, 220]",32,7040,220,0.5287000000000001,0.20824000000000004,-60.61282390769812,60.61282390769812,mixed_batch
774,"[8211, 8211, 8211, 8211, 8211, 8211, 8211, 8211, 8211, 8211, 8211, 8211, 8211, 8211, 8211, 8211]",16,131376,8211,60.01956666666668,9.01136,-84.98596291098404,84.98596291098404,mixed_batch
775,"[6140, 6140, 6140, 6140, 6140, 6140]",6,36840,6140,15.636933333333335,6.18228,-60.463603264067125,60.463603264067125,mixed_batch
776,"[6243, 6243, 6243, 6243, 6243, 6243, 6243, 6243, 6243, 6243, 6243, 6243, 6243, 6243, 6243, 6243]",16,99888,6243,35.6309,6.329440000000001,-82.23609282953839,82.23609282953839,mixed_batch
777,"[6657, 6657, 6657, 6657]",4,26628,6657,13.76,6.9195400000000005,-49.712645348837206,49.712645348837206,mixed_batch
778,"[4735, 4735, 4735, 4735, 4735, 4735]",6,28410,4735,10.300366666666667,4.51938,-56.12408619757873,56.12408619757873,mixed_batch
779,[964],1,964,964,0.9384,0.9384,0.0,0.0,single_prefill
780,"[6961, 6961, 6961, 6961, 6961, 6961, 6961, 6961, 6961, 6961, 6961, 6961, 6961, 6961, 6961, 6961, 6961, 6961, 6961, 6961, 6961, 6961, 6961, 6961]",24,167064,6961,63.7972,7.280460000000001,-88.58811985478987,88.58811985478987,mixed_batch
781,"[4406, 4406, 4406, 4406, 4406, 4406, 4406, 4406, 4406, 4406, 4406, 4406, 4406, 4406, 4406, 4406]",16,70496,4406,19.67326666666667,4.19032,-78.70043612482591,78.70043612482591,mixed_batch
782,"[8811, 8811, 8811, 8811, 8811, 8811, 8811, 8811, 8811, 8811, 8811, 8811, 8811, 8811, 8811, 8811, 8811, 8811, 8811, 8811]",20,176220,8811,82.36976666666668,9.782700000000002,-88.12343363847496,88.12343363847496,mixed_batch
783,"[10990, 10990, 10990, 10990, 10990, 10990]",6,65940,10990,42.128499999999995,13.10582,-68.89084586443856,68.89084586443856,mixed_batch
784,"[2008, 2008, 2008, 2008]",4,8032,2008,2.4970333333333334,1.79614,-28.069041929756644,28.069041929756644,mixed_batch
785,"[10442, 10442]",2,20884,10442,17.647733333333335,12.29344,-30.33983589960562,30.33983589960562,mixed_batch
786,"[3885, 3885, 3885, 3885, 3885, 3885, 3885, 3885, 3885, 3885, 3885, 3885, 3885, 3885, 3885, 3885, 3885, 3885, 3885, 3885, 3885, 3885, 3885, 3885, 3885, 3885, 3885, 3885, 3885, 3885, 3885, 3885]",32,124320,3885,28.906266666666664,3.617400000000001,-87.48575856676983,87.48575856676983,mixed_batch
787,"[9138, 9138, 9138, 9138, 9138]",5,45690,9138,26.707,10.30122,-61.42876399445838,61.42876399445838,mixed_batch
788,"[10545, 10545, 10545, 10545]",4,42180,10545,28.67653333333334,12.4479,-56.592033439653335,56.592033439653335,mixed_batch
789,"[6544, 6544, 6544, 6544, 6544, 6544, 6544, 6544, 6544, 6544, 6544, 6544, 6544, 6544, 6544, 6544, 6544, 6544, 6544, 6544]",20,130880,6544,48.47449999999999,6.750540000000001,-86.07403892768363,86.07403892768363,mixed_batch
790,"[1990, 1990, 1990, 1990, 1990, 1990]",6,11940,1990,2.9806999999999997,1.79422,-39.80541483544133,39.80541483544133,mixed_batch
791,"[2913, 2913, 2913, 2913]",4,11652,2913,4.814566666666667,3.04222,-36.81217416589932,36.81217416589932,mixed_batch
792,"[432, 432, 432]",3,1296,432,0.48310000000000003,0.38904000000000005,-19.47008900848685,19.47008900848685,mixed_batch
793,[9527],1,9527,9527,10.884960000000001,10.884960000000001,0.0,0.0,single_prefill
794,"[5270, 5270, 5270, 5270, 5270, 5270]",6,31620,5270,12.4901,5.17542,-58.56382254745759,58.56382254745759,mixed_batch
795,"[5413, 5413, 5413, 5413, 5413, 5413, 5413, 5413, 5413, 5413, 5413, 5413, 5413, 5413, 5413, 5413]",16,86608,5413,28.121566666666666,5.34214,-81.00340545275454,81.00340545275454,mixed_batch
796,"[9970, 9970, 9970, 9970, 9970, 9970, 9970, 9970, 9970, 9970]",10,99700,9970,55.039699999999996,11.53004,-79.05141198080659,79.05141198080659,mixed_batch
797,"[10479, 10479, 10479, 10479, 10479, 10479, 10479, 10479, 10479, 10479, 10479, 10479, 10479, 10479, 10479, 10479, 10479, 10479, 10479, 10479, 10479, 10479, 10479, 10479, 10479, 10479, 10479, 10479, 10479, 10479, 10479, 10479]",32,335328,10479,177.57676666666666,12.25938,-93.09629281458179,93.09629281458179,mixed_batch
798,"[9749, 9749, 9749, 9749, 9749, 9749, 9749, 9749, 9749, 9749, 9749, 9749, 9749, 9749, 9749, 9749]",16,155984,9749,82.29749999999999,11.23358,-86.3500349342325,86.3500349342325,mixed_batch
799,[3105],1,3105,3105,2.80808,2.80808,0.0,0.0,single_prefill
800,"[7523, 7523, 7523, 7523, 7523]",5,37615,7523,19.1886,7.98442,-58.38977309444149,58.38977309444149,mixed_batch
801,"[10243, 10243, 10243, 10243, 10243, 10243]",6,61458,10243,37.7119,11.99504,-68.1929576605793,68.1929576605793,mixed_batch
802,"[3969, 3969, 3969, 3969, 3969, 3969, 3969, 3969, 3969, 3969]",10,39690,3969,11.576566666666668,3.7230199999999996,-67.84003317045642,67.84003317045642,mixed_batch
803,"[7155, 7155, 7155, 7155, 7155]",5,35775,7155,17.63216666666667,7.49388,-57.49881372113467,57.49881372113467,mixed_batch
804,"[4264, 4264, 4264, 4264, 4264, 4264, 4264, 4264, 4264, 4264, 4264, 4264, 4264, 4264, 4264, 4264, 4264, 4264, 4264, 4264, 4264, 4264, 4264, 4264]",24,102336,4264,26.349133333333338,4.02894,-84.7094022067772,84.7094022067772,mixed_batch
805,"[10904, 10904, 10904, 10904, 10904, 10904, 10904, 10904, 10904, 10904, 10904, 10904]",12,130848,10904,77.49156666666667,13.04716,-83.16312269679239,83.16312269679239,mixed_batch
806,"[1775, 1775, 1775, 1775, 1775, 1775, 1775, 1775, 1775, 1775]",10,17750,1775,3.3030999999999997,1.5131,-54.191517059731765,54.191517059731765,mixed_batch
807,"[2073, 2073, 2073, 2073, 2073, 2073, 2073, 2073, 2073, 2073, 2073, 2073, 2073, 2073, 2073, 2073, 2073, 2073, 2073, 2073, 2073, 2073, 2073, 2073, 2073, 2073, 2073, 2073, 2073, 2073, 2073, 2073]",32,66336,2073,10.246799999999999,1.80022,-82.43139321544287,82.43139321544287,mixed_batch
808,"[371, 371, 371, 371, 371, 371, 371, 371, 371, 371, 371, 371]",12,4452,371,0.5303,0.39794,-24.959456911182347,24.959456911182347,mixed_batch
809,"[9153, 9153, 9153, 9153, 9153, 9153, 9153, 9153, 9153, 9153, 9153, 9153, 9153, 9153, 9153, 9153]",16,146448,9153,72.56606666666667,10.30488,-85.79931299386031,85.79931299386031,mixed_batch
810,"[10272, 10272, 10272, 10272, 10272, 10272, 10272, 10272, 10272, 10272, 10272, 10272, 10272, 10272, 10272, 10272, 10272, 10272, 10272, 10272, 10272, 10272, 10272, 10272]",24,246528,10272,131.90596666666667,12.055299999999999,-90.86068636268412,90.86068636268412,mixed_batch
811,"[4983, 4983, 4983, 4983, 4983, 4983, 4983, 4983, 4983, 4983, 4983, 4983, 4983, 4983, 4983, 4983, 4983, 4983, 4983, 4983]",20,99660,4983,28.807333333333332,4.8194,-83.2702321168221,83.2702321168221,mixed_batch
812,"[4366, 4366, 4366, 4366]",4,17464,4366,7.2996,4.1489400000000005,-43.162091073483474,43.162091073483474,mixed_batch
813,"[952, 952, 952, 952, 952, 952, 952, 952, 952, 952, 952, 952]",12,11424,952,1.9292333333333331,0.9240800000000002,-52.10118008880901,52.10118008880901,mixed_batch
814,"[352, 352, 352, 352, 352, 352, 352, 352, 352, 352, 352, 352, 352, 352, 352, 352, 352, 352, 352, 352]",20,7040,352,0.7373333333333333,0.37458,-49.19801084990958,49.19801084990958,mixed_batch
815,"[7716, 7716, 7716, 7716, 7716, 7716, 7716, 7716, 7716, 7716, 7716, 7716, 7716, 7716, 7716, 7716, 7716, 7716, 7716, 7716, 7716, 7716, 7716, 7716]",24,185184,7716,77.42983333333333,8.308180000000002,-89.27005310184059,89.27005310184059,mixed_batch
816,"[5664, 5664, 5664, 5664, 5664, 5664, 5664, 5664, 5664, 5664]",10,56640,5664,20.636600000000005,5.65188,-72.61234893344835,72.61234893344835,mixed_batch
817,"[7437, 7437]",2,14874,7437,10.797299999999998,7.91794,-26.66740759263889,26.66740759263889,mixed_batch
818,"[10641, 10641, 10641, 10641, 10641, 10641, 10641, 10641, 10641, 10641]",10,106410,10641,62.99146666666667,12.621580000000002,-79.96303202973523,79.96303202973523,mixed_batch
819,"[7393, 7393, 7393, 7393, 7393]",5,36965,7393,18.64966666666667,7.828280000000001,-58.0245580796797,58.0245580796797,mixed_batch
820,"[1373, 1373, 1373, 1373, 1373]",5,6865,1373,1.694666666666667,1.1995,-29.21911880409128,29.21911880409128,mixed_batch
821,"[10218, 10218, 10218, 10218, 10218, 10218, 10218, 10218, 10218, 10218, 10218, 10218, 10218, 10218, 10218, 10218, 10218, 10218, 10218, 10218, 10218, 10218, 10218, 10218]",24,245232,10218,128.9136,11.903,-90.76668404264562,90.76668404264562,mixed_batch
822,"[9472, 9472, 9472, 9472, 9472, 9472, 9472, 9472, 9472, 9472, 9472, 9472]",12,113664,9472,58.96626666666666,10.720920000000001,-81.81855388504614,81.81855388504614,mixed_batch
823,"[2117, 2117, 2117, 2117, 2117, 2117, 2117, 2117, 2117, 2117]",10,21170,2117,4.340233333333333,1.8701599999999998,-56.91107236938107,56.91107236938107,mixed_batch
824,"[2535, 2535, 2535, 2535, 2535, 2535, 2535, 2535, 2535, 2535, 2535, 2535, 2535, 2535, 2535, 2535, 2535, 2535, 2535, 2535]",20,50700,2535,9.223133333333333,2.2277799999999996,-75.8457357224949,75.8457357224949,mixed_batch
825,"[2272, 2272, 2272, 2272, 2272, 2272, 2272, 2272, 2272, 2272, 2272, 2272, 2272, 2272, 2272, 2272]",16,36352,2272,6.572066666666667,1.9756999999999998,-69.93791907162638,69.93791907162638,mixed_batch
826,"[9827, 9827, 9827, 9827, 9827, 9827, 9827, 9827, 9827, 9827, 9827, 9827, 9827, 9827, 9827, 9827]",16,157232,9827,82.28406666666666,11.287960000000002,-86.2817183723702,86.2817183723702,mixed_batch
827,"[9233, 9233, 9233, 9233, 9233, 9233, 9233, 9233, 9233, 9233, 9233, 9233]",12,110796,9233,57.298,10.459600000000002,-81.74526161471604,81.74526161471604,mixed_batch
828,"[1900, 1900, 1900, 1900, 1900, 1900, 1900, 1900, 1900, 1900, 1900, 1900, 1900, 1900, 1900, 1900]",16,30400,1900,4.954666666666666,1.7221600000000001,-65.24165769644779,65.24165769644779,mixed_batch
829,"[3533, 3533, 3533, 3533, 3533, 3533, 3533, 3533, 3533, 3533, 3533, 3533, 3533, 3533, 3533, 3533]",16,56528,3533,13.5024,3.2271799999999997,-76.09921199194218,76.09921199194218,mixed_batch
830,"[8932, 8932, 8932, 8932, 8932, 8932, 8932, 8932, 8932, 8932, 8932, 8932, 8932, 8932, 8932, 8932, 8932, 8932, 8932, 8932, 8932, 8932, 8932, 8932, 8932, 8932, 8932, 8932, 8932, 8932, 8932, 8932]",32,285824,8932,131.72806666666665,9.958319999999999,-92.4402443215088,92.4402443215088,mixed_batch
831,[9304],1,9304,9304,10.53086,10.53086,0.0,0.0,single_prefill
832,"[1355, 1355]",2,2710,1355,1.2868333333333333,1.14894,-10.715710400207218,10.715710400207218,mixed_batch
833,"[8665, 8665, 8665, 8665, 8665, 8665, 8665, 8665]",8,69320,8665,35.263733333333334,9.58462,-72.82017785978418,72.82017785978418,mixed_batch
834,"[10606, 10606, 10606, 10606, 10606, 10606, 10606, 10606, 10606, 10606, 10606, 10606, 10606, 10606, 10606, 10606, 10606, 10606, 10606, 10606, 10606, 10606, 10606, 10606, 10606, 10606, 10606, 10606, 10606, 10606, 10606, 10606]",32,339392,10606,182.1972666666667,12.504740000000002,-93.13670274599802,93.13670274599802,mixed_batch
835,"[1427, 1427, 1427, 1427, 1427]",5,7135,1427,1.8290000000000002,1.27952,-30.042646254784046,30.042646254784046,mixed_batch
836,"[8921, 8921, 8921, 8921, 8921, 8921, 8921, 8921, 8921, 8921, 8921, 8921, 8921, 8921, 8921, 8921]",16,142736,8921,68.9904,9.93972,-85.59260418840881,85.59260418840881,mixed_batch
837,"[9331, 9331, 9331, 9331, 9331, 9331]",6,55986,9331,31.599766666666664,10.53522,-66.66045002442002,66.66045002442002,mixed_batch
838,"[10870, 10870, 10870, 10870, 10870, 10870, 10870]",7,76090,10870,47.1391,12.91918,-72.59349457244623,72.59349457244623,mixed_batch
839,"[3116, 3116, 3116, 3116, 3116, 3116, 3116, 3116, 3116, 3116, 3116, 3116, 3116, 3116, 3116, 3116]",16,49856,3116,11.135933333333332,2.81788,-74.6956100072438,74.6956100072438,mixed_batch
840,"[2216, 2216, 2216, 2216, 2216, 2216, 2216, 2216]",8,17728,2216,4.551966666666667,2.26396,-50.26413491604362,50.26413491604362,mixed_batch
841,"[9008, 9008, 9008, 9008, 9008, 9008, 9008, 9008, 9008, 9008, 9008, 9008, 9008, 9008, 9008, 9008, 9008, 9008, 9008, 9008, 9008, 9008, 9008, 9008, 9008, 9008, 9008, 9008, 9008, 9008, 9008, 9008]",32,288256,9008,135.29143333333334,10.0987,-92.53559538014603,92.53559538014603,mixed_batch
842,"[3464, 3464, 3464, 3464, 3464, 3464]",6,20784,3464,6.612966666666667,3.18522,-51.83372061959081,51.83372061959081,mixed_batch
843,"[4648, 4648, 4648, 4648, 4648]",5,23240,4648,9.079400000000001,4.4605,-50.87230433729102,50.87230433729102,mixed_batch
844,"[1406, 1406, 1406, 1406, 1406]",5,7030,1406,1.9791,1.37822,-30.36127532716892,30.36127532716892,mixed_batch
845,"[2874, 2874, 2874, 2874]",4,11496,2874,4.768066666666667,3.01086,-36.85365137512059,36.85365137512059,mixed_batch
846,"[5649, 5649, 5649, 5649, 5649, 5649, 5649, 5649, 5649, 5649, 5649, 5649, 5649, 5649, 5649, 5649, 5649, 5649, 5649, 5649]",20,112980,5649,37.20473333333333,5.64212,-84.83494035705135,84.83494035705135,mixed_batch
847,"[5117, 5117, 5117, 5117, 5117, 5117, 5117, 5117, 5117, 5117, 5117, 5117, 5117, 5117, 5117, 5117]",16,81872,5117,24.9201,4.93858,-80.1823427674849,80.1823427674849,mixed_batch
848,"[1686, 1686, 1686, 1686, 1686, 1686, 1686, 1686, 1686, 1686, 1686, 1686, 1686, 1686, 1686, 1686, 1686, 1686, 1686, 1686, 1686, 1686, 1686, 1686, 1686, 1686, 1686, 1686, 1686, 1686, 1686, 1686]",32,53952,1686,7.414866666666667,1.44384,-80.52776853708316,80.52776853708316,mixed_batch
849,"[7231, 7231, 7231, 7231, 7231, 7231, 7231, 7231]",8,57848,7231,25.937399999999997,7.630920000000001,-70.57947211362743,70.57947211362743,mixed_batch
850,"[1689, 1689, 1689, 1689, 1689, 1689, 1689, 1689, 1689, 1689, 1689, 1689, 1689, 1689, 1689, 1689, 1689, 1689, 1689, 1689, 1689, 1689, 1689, 1689, 1689, 1689, 1689, 1689, 1689, 1689, 1689, 1689]",32,54048,1689,7.4209000000000005,1.44594,-80.515301378539,80.515301378539,mixed_batch
851,"[10890, 10890]",2,21780,10890,18.904766666666667,13.04268,-31.008511080979574,31.008511080979574,mixed_batch
852,"[9938, 9938, 9938, 9938, 9938, 9938, 9938, 9938, 9938, 9938, 9938, 9938, 9938, 9938, 9938, 9938, 9938, 9938, 9938, 9938, 9938, 9938, 9938, 9938]",24,238512,9938,122.71123333333335,11.482780000000002,-90.64243778822748,90.64243778822748,mixed_batch
853,"[3171, 3171, 3171, 3171]",4,12684,3171,4.557833333333333,3.05256,-33.0260723296888,33.0260723296888,mixed_batch
854,"[3556, 3556, 3556, 3556, 3556, 3556, 3556, 3556, 3556, 3556]",10,35560,3556,9.43666666666667,3.26042,-65.44945249028613,65.44945249028613,mixed_batch
855,[7540],1,7540,7540,8.01998,8.01998,0.0,0.0,single_prefill
856,"[4215, 4215, 4215, 4215, 4215, 4215, 4215, 4215]",8,33720,4215,10.492166666666666,3.95114,-62.342001175480114,62.342001175480114,mixed_batch
857,"[7413, 7413, 7413, 7413, 7413, 7413, 7413]",7,51891,7413,24.1304,7.8350800000000005,-67.53025229585916,67.53025229585916,mixed_batch
858,"[3743, 3743, 3743, 3743]",4,14972,3743,5.833933333333333,3.73498,-35.97835651190163,35.97835651190163,mixed_batch
859,"[7875, 7875, 7875, 7875, 7875, 7875, 7875, 7875]",8,63000,7875,30.023933333333332,8.49464,-71.7071047764117,71.7071047764117,mixed_batch
860,"[3862, 3862, 3862, 3862, 3862, 3862, 3862, 3862, 3862, 3862, 3862, 3862, 3862, 3862, 3862, 3862]",16,61792,3862,15.981266666666665,3.6009199999999995,-77.46786862952038,77.46786862952038,mixed_batch
861,"[2163, 2163, 2163, 2163, 2163, 2163, 2163, 2163, 2163, 2163, 2163, 2163, 2163, 2163, 2163, 2163, 2163, 2163, 2163, 2163, 2163, 2163, 2163, 2163]",24,51912,2163,8.198766666666668,1.8634199999999996,-77.27194740672378,77.27194740672378,mixed_batch
862,"[2446, 2446, 2446, 2446, 2446, 2446, 2446, 2446, 2446, 2446]",10,24460,2446,5.7571666666666665,2.53338,-55.99606287815186,55.99606287815186,mixed_batch
863,"[11004, 11004, 11004, 11004]",4,44016,11004,30.62253333333333,13.100460000000002,-57.21954203658307,57.21954203658307,mixed_batch
864,"[9449, 9449, 9449, 9449, 9449, 9449]",6,56694,9449,32.437666666666665,10.726780000000002,-66.93109861991718,66.93109861991718,mixed_batch
865,"[6094, 6094, 6094]",3,18282,6094,10.0146,6.162380000000001,-38.466039582209966,38.466039582209966,mixed_batch
866,"[9601, 9601, 9601, 9601, 9601, 9601, 9601]",7,67207,9601,38.39433333333333,11.02736,-71.27867827717631,71.27867827717631,mixed_batch
867,"[5959, 5959, 5959, 5959, 5959, 5959, 5959, 5959, 5959, 5959]",10,59590,5959,22.3423,5.99138,-73.18369192070647,73.18369192070647,mixed_batch
868,"[6656, 6656, 6656, 6656, 6656, 6656, 6656, 6656, 6656, 6656, 6656, 6656, 6656, 6656, 6656, 6656]",16,106496,6656,39.82073333333334,6.8346800000000005,-82.83637836905733,82.83637836905733,mixed_batch
869,"[10435, 10435, 10435, 10435, 10435, 10435, 10435, 10435, 10435, 10435, 10435, 10435]",12,125220,10435,71.03023333333333,12.28198,-82.70879958627944,82.70879958627944,mixed_batch
870,"[1025, 1025]",2,2050,1025,0.9667000000000001,0.86252,-10.776869763111632,10.776869763111632,mixed_batch
871,"[3537, 3537, 3537, 3537, 3537, 3537, 3537, 3537, 3537, 3537, 3537, 3537, 3537, 3537, 3537, 3537, 3537, 3537, 3537, 3537]",20,70740,3537,16.203966666666666,3.2370000000000005,-80.02340990580495,80.02340990580495,mixed_batch
872,"[4537, 4537, 4537]",3,13611,4537,6.560566666666666,4.3233999999999995,-34.10020475873527,34.10020475873527,mixed_batch
873,"[275, 275, 275]",3,825,275,0.30063333333333336,0.28144,-6.384299811509038,6.384299811509038,mixed_batch
874,"[7492, 7492, 7492, 7492, 7492, 7492, 7492]",7,52444,7492,24.801133333333333,7.98368,-67.80921301983511,67.80921301983511,mixed_batch
875,"[7024, 7024, 7024, 7024, 7024, 7024]",6,42144,7024,19.6257,7.325279999999999,-62.675063819379695,62.675063819379695,mixed_batch
876,"[3502, 3502, 3502, 3502, 3502, 3502, 3502]",7,24514,3502,7.330333333333334,3.2098600000000004,-56.211268246100666,56.211268246100666,mixed_batch
877,"[2376, 2376, 2376, 2376, 2376, 2376, 2376, 2376, 2376, 2376, 2376, 2376]",12,28512,2376,5.845966666666667,2.37422,-59.38704177809202,59.38704177809202,mixed_batch
878,"[1623, 1623, 1623, 1623, 1623, 1623, 1623, 1623, 1623, 1623, 1623, 1623, 1623, 1623, 1623, 1623]",16,25968,1623,4.740566666666667,1.6118000000000001,-65.99984530681986,65.99984530681986,mixed_batch
879,"[10862, 10862]",2,21724,10862,18.719866666666668,12.91146,-31.02803438770932,31.02803438770932,mixed_batch
880,"[7436, 7436, 7436, 7436, 7436, 7436, 7436, 7436]",8,59488,7436,27.531166666666667,7.93056,-71.19424652060997,71.19424652060997,mixed_batch
881,"[8979, 8979, 8979, 8979, 8979, 8979, 8979, 8979, 8979, 8979, 8979, 8979, 8979, 8979, 8979, 8979, 8979, 8979, 8979, 8979]",20,179580,8979,86.67533333333333,10.08932,-88.35964095898102,88.35964095898102,mixed_batch
882,"[10308, 10308, 10308, 10308, 10308, 10308]",6,61848,10308,37.79896666666667,12.04896,-68.12357304300207,68.12357304300207,mixed_batch
883,"[1729, 1729, 1729, 1729, 1729, 1729]",6,10374,1729,2.4878000000000005,1.53016,-38.493448026368696,38.493448026368696,mixed_batch
884,"[9729, 9729, 9729, 9729, 9729, 9729, 9729]",7,68103,9729,39.23296666666667,11.22954,-71.37728559910076,71.37728559910076,mixed_batch
885,"[8246, 8246, 8246, 8246, 8246, 8246, 8246, 8246]",8,65968,8246,32.5369,9.026159999999999,-72.25869704858178,72.25869704858178,mixed_batch
886,"[4973, 4973, 4973, 4973, 4973, 4973, 4973, 4973, 4973, 4973]",10,49730,4973,16.270633333333333,4.78536,-70.58897522940102,70.58897522940102,mixed_batch
887,"[9806, 9806]",2,19612,9806,16.0568,11.2854,-29.715759055353498,29.715759055353498,mixed_batch
888,"[7250, 7250, 7250, 7250, 7250, 7250, 7250, 7250, 7250, 7250, 7250, 7250]",12,87000,7250,36.31993333333334,7.64032,-78.96383803935029,78.96383803935029,mixed_batch
889,"[452, 452, 452, 452, 452, 452, 452, 452, 452, 452, 452, 452]",12,5424,452,0.6706666666666667,0.3601,-46.30715705765409,46.30715705765409,mixed_batch
890,"[7269, 7269]",2,14538,7269,10.351333333333335,7.649800000000001,-26.098409222644424,26.098409222644424,mixed_batch
891,"[1201, 1201, 1201, 1201, 1201, 1201, 1201, 1201, 1201, 1201, 1201, 1201, 1201, 1201, 1201, 1201]",16,19216,1201,2.6541,1.0538,-60.29539203496477,60.29539203496477,mixed_batch
892,"[9485, 9485]",2,18970,9485,15.393666666666666,10.83906,-29.587535999653536,29.587535999653536,mixed_batch
893,"[1277, 1277, 1277, 1277]",4,5108,1277,1.4194333333333335,1.0843200000000004,-23.608951929173596,23.608951929173596,mixed_batch
894,"[5546, 5546, 5546, 5546, 5546, 5546, 5546, 5546, 5546, 5546, 5546, 5546, 5546, 5546, 5546, 5546, 5546, 5546, 5546, 5546, 5546, 5546, 5546, 5546]",24,133104,5546,42.14423333333333,5.509320000000001,-86.92746417659355,86.92746417659355,mixed_batch
895,"[504, 504]",2,1008,504,0.5071666666666668,0.46830000000000005,-7.663489976996393,7.663489976996393,mixed_batch
896,"[9526, 9526, 9526, 9526, 9526, 9526, 9526, 9526, 9526, 9526, 9526, 9526, 9526, 9526, 9526, 9526, 9526, 9526, 9526, 9526, 9526, 9526, 9526, 9526]",24,228624,9526,113.85263333333334,10.89574,-90.42996224066256,90.42996224066256,mixed_batch
897,[4744],1,4744,4744,4.581580000000001,4.581580000000001,0.0,0.0,single_prefill
898,"[7227, 7227, 7227, 7227, 7227]",5,36135,7227,18.12326666666667,7.636779999999999,-57.862011631457186,57.862011631457186,mixed_batch
899,"[6802, 6802, 6802, 6802, 6802, 6802, 6802, 6802]",8,54416,6802,23.615000000000002,7.08566,-69.99508786788059,69.99508786788059,mixed_batch
900,"[3005, 3005, 3005, 3005, 3005]",5,15025,3005,4.790366666666667,2.96826,-38.03689348762448,38.03689348762448,mixed_batch
901,"[1828, 1828, 1828, 1828, 1828, 1828, 1828, 1828, 1828, 1828, 1828, 1828, 1828, 1828, 1828, 1828, 1828, 1828, 1828, 1828, 1828, 1828, 1828, 1828, 1828, 1828, 1828, 1828, 1828, 1828, 1828, 1828]",32,58496,1828,8.322733333333336,1.5732200000000003,-81.09731578567938,81.09731578567938,mixed_batch
902,"[7596, 7596, 7596]",3,22788,7596,13.971099999999998,8.11104,-41.944156150911525,41.944156150911525,mixed_batch
903,"[8534, 8534, 8534, 8534, 8534, 8534, 8534, 8534]",8,68272,8534,34.36173333333333,9.408000000000001,-72.62070597913181,72.62070597913181,mixed_batch
904,"[10009, 10009, 10009, 10009, 10009, 10009, 10009, 10009, 10009, 10009]",10,100090,10009,56.27993333333334,11.61664,-79.35917952994495,79.35917952994495,mixed_batch
905,"[2727, 2727, 2727, 2727, 2727, 2727, 2727, 2727, 2727, 2727, 2727, 2727, 2727, 2727, 2727, 2727, 2727, 2727, 2727, 2727, 2727, 2727, 2727, 2727, 2727, 2727, 2727, 2727, 2727, 2727, 2727, 2727]",32,87264,2727,15.8971,2.42326,-84.75659082474162,84.75659082474162,mixed_batch
906,"[3321, 3321, 3321]",3,9963,3321,4.755233333333334,3.52378,-25.896801418787728,25.896801418787728,mixed_batch
907,"[5750, 5750, 5750]",3,17250,5750,9.114833333333333,5.71872,-37.25919289070928,37.25919289070928,mixed_batch
908,"[7417, 7417, 7417, 7417, 7417]",5,37085,7417,18.6971,7.832420000000001,-58.10890458948178,58.10890458948178,mixed_batch
909,"[1175, 1175, 1175]",3,3525,1175,1.2221333333333333,1.04748,-14.290857516910322,14.290857516910322,mixed_batch
910,"[3760, 3760, 3760, 3760, 3760, 3760, 3760, 3760, 3760, 3760, 3760, 3760, 3760, 3760, 3760, 3760, 3760, 3760, 3760, 3760, 3760, 3760, 3760, 3760, 3760, 3760, 3760, 3760, 3760, 3760, 3760, 3760]",32,120320,3760,27.328699999999998,3.4767400000000004,-87.27806298872613,87.27806298872613,mixed_batch
911,"[2736, 2736, 2736, 2736, 2736, 2736, 2736, 2736, 2736, 2736, 2736, 2736, 2736, 2736, 2736, 2736, 2736, 2736, 2736, 2736]",20,54720,2736,10.733766666666668,2.434,-77.32389686130684,77.32389686130684,mixed_batch
912,"[1678, 1678, 1678, 1678, 1678, 1678, 1678, 1678, 1678, 1678, 1678, 1678, 1678, 1678, 1678, 1678, 1678, 1678, 1678, 1678]",20,33560,1678,5.357433333333334,1.6798600000000001,-68.6443135083342,68.6443135083342,mixed_batch
913,"[4044, 4044, 4044, 4044, 4044]",5,20220,4044,7.3659333333333326,3.7791400000000004,-48.694349663767426,48.694349663767426,mixed_batch
914,"[8036, 8036, 8036, 8036, 8036, 8036, 8036]",7,56252,8036,27.767366666666668,8.70266,-68.65867727224163,68.65867727224163,mixed_batch
915,"[1562, 1562, 1562, 1562, 1562, 1562]",6,9372,1562,2.2085999999999997,1.4007,-36.579733767997816,36.579733767997816,mixed_batch
916,"[273, 273, 273, 273, 273, 273, 273, 273, 273, 273, 273, 273, 273, 273, 273, 273, 273, 273, 273, 273, 273, 273, 273, 273, 273, 273, 273, 273, 273, 273, 273, 273]",32,8736,273,0.8146666666666667,0.28222,-65.35761047463174,65.35761047463174,mixed_batch
917,"[9815, 9815, 9815, 9815, 9815, 9815, 9815, 9815, 9815, 9815, 9815, 9815, 9815, 9815, 9815, 9815]",16,157040,9815,82.04866666666666,11.28708,-86.2434327594192,86.2434327594192,mixed_batch
918,"[419, 419, 419, 419]",4,1676,419,0.4310333333333333,0.32114000000000004,-25.495321320856846,25.495321320856846,mixed_batch
919,"[9648, 9648, 9648, 9648, 9648]",5,48240,9648,29.3094,11.05922,-62.26732720560639,62.26732720560639,mixed_batch
920,"[9923, 9923, 9923, 9923, 9923, 9923]",6,59538,9923,35.353500000000004,11.4673,-67.56389042103328,67.56389042103328,mixed_batch
921,"[185, 185, 185, 185, 185, 185, 185, 185, 185, 185, 185, 185, 185, 185, 185, 185]",16,2960,185,0.292,0.14631999999999998,-49.89041095890411,49.89041095890411,mixed_batch
922,"[2647, 2647, 2647, 2647, 2647, 2647, 2647, 2647, 2647, 2647, 2647, 2647, 2647, 2647, 2647, 2647, 2647, 2647, 2647, 2647, 2647, 2647, 2647, 2647]",24,63528,2647,11.574533333333333,2.3292800000000002,-79.87581932748908,79.87581932748908,mixed_batch
923,"[10887, 10887, 10887, 10887, 10887]",5,54435,10887,36.19943333333334,13.03408,-63.99369050896746,63.99369050896746,mixed_batch
924,"[283, 283, 283, 283, 283, 283, 283, 283]",8,2264,283,0.3539333333333333,0.24538,-30.670559427387456,30.670559427387456,mixed_batch
925,"[3273, 3273, 3273, 3273, 3273, 3273, 3273, 3273, 3273, 3273, 3273, 3273, 3273, 3273, 3273, 3273, 3273, 3273, 3273, 3273, 3273, 3273, 3273, 3273]",24,78552,3273,16.596066666666665,2.9661,-82.12769290715471,82.12769290715471,mixed_batch
926,"[158, 158]",2,316,158,0.12963333333333335,0.15290000000000004,17.948058626896387,17.948058626896387,mixed_batch
927,"[4160, 4160, 4160, 4160, 4160]",5,20800,4160,7.667333333333334,3.920140000000001,-48.872185027388916,48.872185027388916,mixed_batch
928,"[6575, 6575, 6575, 6575, 6575, 6575, 6575, 6575, 6575, 6575, 6575, 6575]",12,78900,6575,30.84953333333333,6.780620000000001,-78.02034822785001,78.02034822785001,mixed_batch
929,"[4526, 4526, 4526]",3,13578,4526,6.551966666666667,4.610180000000001,-29.636699413407676,29.636699413407676,mixed_batch
930,"[6783, 6783, 6783, 6783, 6783, 6783, 6783, 6783, 6783, 6783]",10,67830,6783,27.50096666666667,6.9953,-74.56343958818418,74.56343958818418,mixed_batch
931,"[9145, 9145, 9145, 9145, 9145, 9145]",6,54870,9145,30.779966666666674,10.30638,-66.51594814376017,66.51594814376017,mixed_batch
932,"[6334, 6334, 6334, 6334]",4,25336,6334,12.618733333333335,6.470599999999999,-48.722270064084626,48.722270064084626,mixed_batch
933,"[6241, 6241, 6241, 6241, 6241, 6241, 6241, 6241, 6241, 6241, 6241, 6241, 6241, 6241, 6241, 6241]",16,99856,6241,35.5766,6.320460000000001,-82.23422137022649,82.23422137022649,mixed_batch
934,"[7573, 7573, 7573, 7573, 7573, 7573, 7573, 7573, 7573, 7573, 7573, 7573, 7573, 7573, 7573, 7573, 7573, 7573, 7573, 7573, 7573, 7573, 7573, 7573, 7573, 7573, 7573, 7573, 7573, 7573, 7573, 7573]",32,242336,7573,98.25816666666667,8.11952,-91.73654437544631,91.73654437544631,mixed_batch
935,"[7605, 7605, 7605]",3,22815,7605,13.978033333333334,8.10998,-41.98053612692296,41.98053612692296,mixed_batch
936,"[4594, 4594, 4594, 4594]",4,18376,4594,7.7040999999999995,4.36956,-43.28266767046118,43.28266767046118,mixed_batch
937,"[6323, 6323, 6323, 6323, 6323, 6323, 6323, 6323, 6323, 6323, 6323, 6323, 6323, 6323, 6323, 6323, 6323, 6323, 6323, 6323]",20,126460,6323,45.23826666666666,6.462860000000001,-85.71373203217335,85.71373203217335,mixed_batch
938,"[3301, 3301, 3301, 3301]",4,13204,3301,4.963133333333333,3.4333,-30.823941864682258,30.823941864682258,mixed_batch
939,"[4681, 4681]",2,9362,4681,6.607133333333333,5.15584,-21.965552382778196,21.965552382778196,mixed_batch
940,"[1430, 1430]",2,2860,1430,1.6131999999999997,1.4194200000000001,-12.01214976444332,12.01214976444332,mixed_batch
941,"[3713, 3713, 3713, 3713]",4,14852,3713,6.704433333333334,3.86458,-42.35784282042231,42.35784282042231,mixed_batch
942,"[5845, 5845, 5845, 5845]",4,23380,5845,11.131066666666667,5.8487800000000005,-47.45535019105686,47.45535019105686,mixed_batch
943,"[8088, 8088, 8088, 8088, 8088, 8088, 8088, 8088, 8088, 8088, 8088, 8088, 8088, 8088, 8088, 8088]",16,129408,8088,58.135933333333334,8.808699999999998,-84.84809739013967,84.84809739013967,mixed_batch
944,"[8896, 8896, 8896, 8896, 8896, 8896, 8896, 8896, 8896, 8896, 8896, 8896, 8896, 8896, 8896, 8896, 8896, 8896, 8896, 8896, 8896, 8896, 8896, 8896, 8896, 8896, 8896, 8896, 8896, 8896, 8896, 8896]",32,284672,8896,131.32546666666667,9.94328,-92.42852109923335,92.42852109923335,mixed_batch
945,"[2449, 2449, 2449, 2449, 2449, 2449]",6,14694,2449,4.019433333333334,2.3234600000000003,-42.19433916887123,42.19433916887123,mixed_batch
946,"[7274, 7274, 7274, 7274, 7274, 7274, 7274, 7274, 7274, 7274, 7274, 7274, 7274, 7274, 7274, 7274]",16,116384,7274,47.04493333333333,7.6596400000000004,-83.71845923188327,83.71845923188327,mixed_batch
947,"[67, 67, 67, 67, 67, 67, 67]",7,469,67,0.08293333333333335,0.04906,-40.84405144694534,40.84405144694534,mixed_batch
948,"[5407, 5407, 5407, 5407, 5407]",5,27035,5407,11.528733333333332,5.351999999999999,-53.57686013496712,53.57686013496712,mixed_batch
949,"[622, 622, 622, 622, 622, 622, 622, 622, 622, 622]",10,6220,622,0.9653,0.58152,-39.75758831451362,39.75758831451362,mixed_batch
950,"[9964, 9964, 9964, 9964, 9964, 9964, 9964]",7,69748,9964,40.18533333333333,11.530880000000002,-71.3057500248847,71.3057500248847,mixed_batch
951,"[3559, 3559, 3559]",3,10677,3559,4.668933333333333,3.4915599999999998,-25.217180226747015,25.217180226747015,mixed_batch
952,"[7465, 7465, 7465]",3,22395,7465,13.632033333333334,7.96534,-41.56895156261844,41.56895156261844,mixed_batch
953,"[673, 673, 673]",3,2019,673,0.6635,0.5607800000000001,-15.48153730218537,15.48153730218537,mixed_batch
954,"[6944, 6944, 6944, 6944, 6944, 6944, 6944, 6944, 6944, 6944, 6944, 6944]",12,83328,6944,34.129799999999996,7.265780000000001,-78.71133144641925,78.71133144641925,mixed_batch
955,"[2757, 2757, 2757, 2757, 2757, 2757, 2757, 2757]",8,22056,2757,5.5627,2.75034,-50.55746310245025,50.55746310245025,mixed_batch
956,"[4562, 4562, 4562, 4562, 4562, 4562, 4562, 4562]",8,36496,4562,12.065833333333334,4.364400000000001,-63.82844119068996,63.82844119068996,mixed_batch
957,"[8088, 8088, 8088, 8088, 8088, 8088, 8088]",7,56616,8088,28.425266666666666,8.817520000000002,-68.97999197896706,68.97999197896706,mixed_batch
958,"[6718, 6718, 6718, 6718, 6718, 6718, 6718, 6718, 6718, 6718, 6718, 6718]",12,80616,6718,31.948866666666664,6.957839999999999,-78.22195049172322,78.22195049172322,mixed_batch
959,"[5359, 5359, 5359, 5359, 5359, 5359, 5359, 5359, 5359, 5359, 5359, 5359, 5359, 5359, 5359, 5359, 5359, 5359, 5359, 5359]",20,107180,5359,32.94826666666667,6.17436,-81.26044060992587,81.26044060992587,mixed_batch
960,"[7611, 7611, 7611, 7611, 7611]",5,38055,7611,19.764500000000005,8.12912,-58.870095373017286,58.870095373017286,mixed_batch
961,[157],1,157,157,0.12344,0.12344,0.0,0.0,single_prefill
962,"[8103, 8103, 8103, 8103, 8103]",5,40515,8103,21.948900000000002,8.83054,-59.767733234922936,59.767733234922936,mixed_batch
963,"[9253, 9253, 9253]",3,27759,9253,18.993766666666666,10.48636,-44.790518994828126,44.790518994828126,mixed_batch
964,[3644],1,3644,3644,3.36104,3.36104,0.0,0.0,single_prefill
965,"[6365, 6365, 6365, 6365, 6365, 6365, 6365, 6365, 6365, 6365, 6365, 6365, 6365, 6365, 6365, 6365]",16,101840,6365,36.965333333333334,6.487080000000001,-82.45090895974607,82.45090895974607,mixed_batch
966,"[7784, 7784, 7784, 7784, 7784, 7784, 7784, 7784, 7784, 7784]",10,77840,7784,35.222,8.35334,-76.28374311509852,76.28374311509852,mixed_batch
967,"[10447, 10447, 10447, 10447, 10447, 10447, 10447, 10447]",8,83576,10447,49.37263333333333,12.291360000000001,-75.10491304562107,75.10491304562107,mixed_batch
968,"[2328, 2328, 2328, 2328, 2328, 2328, 2328, 2328]",8,18624,2328,4.4203,2.21596,-49.86856095740109,49.86856095740109,mixed_batch
969,"[6690, 6690, 6690]",3,20070,6690,11.574766666666667,6.9372799999999994,-40.0654872812411,40.0654872812411,mixed_batch
970,"[7932, 7932, 7932, 7932, 7932, 7932, 7932, 7932, 7932, 7932, 7932, 7932, 7932, 7932, 7932, 7932]",16,126912,7932,54.996399999999994,8.53536,-84.48014779149182,84.48014779149182,mixed_batch
971,"[7665, 7665, 7665, 7665, 7665, 7665, 7665, 7665, 7665, 7665]",10,76650,7665,34.18393333333333,8.17508,-76.08502239843669,76.08502239843669,mixed_batch
972,"[4721, 4721, 4721, 4721, 4721, 4721, 4721, 4721, 4721, 4721, 4721, 4721, 4721, 4721, 4721, 4721, 4721, 4721, 4721, 4721, 4721, 4721, 4721, 4721, 4721, 4721, 4721, 4721, 4721, 4721, 4721, 4721]",32,151072,4721,40.14456666666668,4.51356,-88.75673503346655,88.75673503346655,mixed_batch
973,"[3141, 3141, 3141, 3141, 3141]",5,15705,3141,5.677900000000001,3.3220200000000006,-41.49210095281706,41.49210095281706,mixed_batch
974,"[8228, 8228, 8228, 8228]",4,32912,8228,19.144199999999998,9.0124,-52.92360088172919,52.92360088172919,mixed_batch
975,"[2092, 2092, 2092, 2092, 2092, 2092, 2092, 2092, 2092, 2092, 2092, 2092, 2092, 2092, 2092, 2092, 2092, 2092, 2092, 2092, 2092, 2092, 2092, 2092]",24,50208,2092,8.0812,1.8147000000000002,-77.54417660743454,77.54417660743454,mixed_batch
976,"[8656, 8656, 8656, 8656, 8656, 8656, 8656, 8656, 8656, 8656, 8656, 8656, 8656, 8656, 8656, 8656]",16,138496,8656,65.2088,9.56878,-85.32593760351362,85.32593760351362,mixed_batch
977,"[4278, 4278, 4278, 4278, 4278, 4278, 4278, 4278]",8,34224,4278,10.936433333333335,4.04026,-63.05687716592552,63.05687716592552,mixed_batch
978,"[1323, 1323, 1323, 1323, 1323, 1323, 1323]",7,9261,1323,2.1624,1.3123200000000002,-39.311875693673684,39.311875693673684,mixed_batch
979,"[1716, 1716, 1716, 1716, 1716, 1716, 1716, 1716, 1716, 1716, 1716, 1716, 1716, 1716, 1716, 1716]",16,27456,1716,5.257466666666667,1.7199599999999997,-67.28538459587635,67.28538459587635,mixed_batch
980,"[3298, 3298, 3298, 3298]",4,13192,3298,5.712233333333334,3.5007600000000005,-38.71468835890223,38.71468835890223,mixed_batch
981,"[2959, 2959, 2959, 2959, 2959, 2959, 2959, 2959, 2959, 2959]",10,29590,2959,7.353133333333334,2.66548,-63.75041932237504,63.75041932237504,mixed_batch
982,"[1803, 1803, 1803, 1803, 1803]",5,9015,1803,2.7157333333333336,1.81406,-33.20183621366851,33.20183621366851,mixed_batch
983,"[666, 666, 666, 666, 666, 666, 666, 666, 666, 666, 666, 666, 666, 666, 666, 666, 666, 666, 666, 666, 666, 666, 666, 666, 666, 666, 666, 666, 666, 666, 666, 666]",32,21312,666,2.3289,0.63814,-72.59908111125424,72.59908111125424,mixed_batch
984,[540],1,540,540,0.50146,0.50146,0.0,0.0,single_prefill
985,"[2473, 2473, 2473, 2473, 2473, 2473, 2473, 2473, 2473, 2473, 2473, 2473, 2473, 2473, 2473, 2473]",16,39568,2473,7.748033333333334,2.16864,-72.0104456614797,72.0104456614797,mixed_batch
986,"[704, 704, 704, 704, 704, 704, 704, 704, 704, 704, 704, 704, 704, 704, 704, 704, 704, 704, 704, 704, 704, 704, 704, 704]",24,16896,704,1.9611333333333334,0.6727999999999998,-65.69330659142673,65.69330659142673,mixed_batch
987,"[5200, 5200, 5200, 5200, 5200, 5200, 5200, 5200, 5200, 5200, 5200, 5200, 5200, 5200, 5200, 5200, 5200, 5200, 5200, 5200, 5200, 5200, 5200, 5200]",24,124800,5200,36.88943333333333,5.057900000000001,-86.28902766194113,86.28902766194113,mixed_batch
988,"[4054, 4054, 4054, 4054, 4054, 4054]",6,24324,4054,8.211266666666667,3.78994,-53.8446362315193,53.8446362315193,mixed_batch
989,"[2077, 2077, 2077, 2077, 2077, 2077, 2077, 2077, 2077, 2077]",10,20770,2077,4.960466666666667,2.10594,-57.54552663055895,57.54552663055895,mixed_batch
990,"[2125, 2125, 2125, 2125, 2125, 2125, 2125, 2125, 2125, 2125, 2125, 2125, 2125, 2125, 2125, 2125, 2125, 2125, 2125, 2125, 2125, 2125, 2125, 2125, 2125, 2125, 2125, 2125, 2125, 2125, 2125, 2125]",32,68000,2125,10.333133333333333,1.8487000000000002,-82.10900856145602,82.10900856145602,mixed_batch
991,"[7988, 7988, 7988, 7988, 7988, 7988, 7988]",7,55916,7988,27.66143333333333,8.646600000000001,-68.74131612847249,68.74131612847249,mixed_batch
992,"[4532, 4532, 4532, 4532, 4532, 4532, 4532, 4532, 4532, 4532, 4532, 4532, 4532, 4532, 4532, 4532, 4532, 4532, 4532, 4532, 4532, 4532, 4532, 4532]",24,108768,4532,29.161700000000003,4.314100000000001,-85.20628084096606,85.20628084096606,mixed_batch
993,"[8627, 8627, 8627, 8627, 8627, 8627, 8627, 8627, 8627, 8627, 8627, 8627, 8627, 8627, 8627, 8627, 8627, 8627, 8627, 8627, 8627, 8627, 8627, 8627]",24,207048,8627,94.57236666666668,9.55772,-89.89374979513043,89.89374979513043,mixed_batch
994,[2581],1,2581,2581,2.286,2.286,0.0,0.0,single_prefill
995,"[3473, 3473, 3473, 3473, 3473, 3473]",6,20838,3473,6.6847666666666665,3.6095000000000006,-46.00409887156369,46.00409887156369,mixed_batch
996,"[6379, 6379, 6379, 6379, 6379]",5,31895,6379,14.707533333333334,6.489999999999999,-55.872953996364686,55.872953996364686,mixed_batch
997,"[9817, 9817, 9817]",3,29451,9817,20.727899999999998,11.276440000000001,-45.59776919031835,45.59776919031835,mixed_batch
998,[1864],1,1864,1864,1.60214,1.60214,0.0,0.0,single_prefill
999,"[10910, 10910, 10910, 10910, 10910]",5,54550,10910,36.1419,13.05344,-63.88280638261962,63.88280638261962,mixed_batch
1000,"[9851, 9851, 9851, 9851, 9851, 9851, 9851]",7,68957,9851,39.338366666666666,11.309059999999999,-71.25183133344801,71.25183133344801,mixed_batch
